generation_id,created_at,cost_total,cost_web_search,cost_cache,cost_file_processing,byok_usage_inference,tokens_prompt,tokens_completion,tokens_reasoning,tokens_cached,model_permaslug,provider_name,variant,cancelled,streamed,user,finish_reason_raw,finish_reason_normalized,generation_time_ms,time_to_first_token_ms,app_name,api_key_name,api_key_disabled
gen-1786830074-gGY1l96YTdwthsaStRC2,2026-08-15 21:41:14.135,0.000013,,,,0,176,8,0,0,z-ai/glm-4.7-flash-20260119,Cloudflare,standard,false,true,,stop,stop,350,350,MSCodeBase 1-L live arm,test567,false
gen-1786830073-cHTdFOyUNJcS3ICxTSNc,2026-08-15 21:41:13.019,0.000009,,-0.000003,,0,168,8,0,64,z-ai/glm-4.7-flash-20260119,DeepInfra,standard,false,true,,stop,stop,506,506,MSCodeBase 1-L live arm,test567,false
gen-1786830071-1NpTxbDR0bBXJqQQ4SWO,2026-08-15 21:41:11.733,0.000009,,-0.000003,,0,166,8,0,64,z-ai/glm-4.7-flash-20260119,DeepInfra,standard,false,true,,stop,stop,683,683,MSCodeBase 1-L live arm,test567,false
gen-1786830070-AqaN8YlstC8e9V2N8Ppj,2026-08-15 21:41:10.868,0.000013,,,,0,172,8,0,0,z-ai/glm-4.7-flash-20260119,Cloudflare,standard,false,true,,stop,stop,231,231,MSCodeBase 1-L live arm,test567,false
gen-1786830070-mjlLXz2GfG6pajYJH14c,2026-08-15 21:41:10.015,0.000013,,,,0,168,8,0,0,z-ai/glm-4.7-flash-20260119,Cloudflare,standard,false,true,,stop,stop,229,229,MSCodeBase 1-L live arm,test567,false
gen-1786830068-K41JWQ2n4GuVE5t2dE3m,2026-08-15 21:41:08.744,0.000013,,,,0,174,8,0,0,z-ai/glm-4.7-flash-20260119,Cloudflare,standard,false,true,,stop,stop,672,672,MSCodeBase 1-L live arm,test567,false
gen-1786830067-UpRdO5ZKpim44IkYnGtM,2026-08-15 21:41:07.019,0.00001,,-0.000003,,0,178,8,0,64,z-ai/glm-4.7-flash-20260119,DeepInfra,standard,false,true,,stop,stop,1056,1056,MSCodeBase 1-L live arm,test567,false
gen-1786830065-AgpQmReO4YEFhWBWAfjH,2026-08-15 21:41:05.947,0.00001,,-0.000003,,0,172,8,0,64,z-ai/glm-4.7-flash-20260119,DeepInfra,standard,false,true,,stop,stop,458,458,MSCodeBase 1-L live arm,test567,false
gen-1786830065-HVNz37yDAY1JIxZn5GbB,2026-08-15 21:41:05.148,0.000025,,,,0,370,8,0,0,z-ai/glm-4.7-flash-20260119,Cloudflare,standard,false,true,,stop,stop,182,182,MSCodeBase 1-L live arm,test567,false
gen-1786830063-my1NIO16re1Q5en6dWlt,2026-08-15 21:41:03.890,0.000024,,-0.000003,,0,411,8,0,64,z-ai/glm-4.7-flash-20260119,DeepInfra,standard,false,true,,stop,stop,625,625,MSCodeBase 1-L live arm,test567,false
gen-1786830062-7L9mHLt1Kq8zYJhLwbqE,2026-08-15 21:41:02.564,0.000023,,-0.000003,,0,401,8,0,64,z-ai/glm-4.7-flash-20260119,DeepInfra,standard,false,true,,stop,stop,705,705,MSCodeBase 1-L live arm,test567,false
gen-1786830061-C1HPI0G1rfCuVLRRMhWH,2026-08-15 21:41:01.684,0.000027,,,,0,404,8,0,0,z-ai/glm-4.7-flash-20260119,Cloudflare,standard,false,true,,stop,stop,251,251,MSCodeBase 1-L live arm,test567,false
gen-1786830060-ZstsCFmLVjLJBWo0sczU,2026-08-15 21:41:00.349,0.000022,,-0.000003,,0,382,8,0,64,z-ai/glm-4.7-flash-20260119,DeepInfra,standard,false,true,,stop,stop,719,719,MSCodeBase 1-L live arm,test567,false
gen-1786830058-ymE3UIcF2cTBjjxpqSpU,2026-08-15 21:40:58.930,0.00002,,-0.000003,,0,345,8,0,64,z-ai/glm-4.7-flash-20260119,DeepInfra,standard,false,true,,stop,stop,796,796,MSCodeBase 1-L live arm,test567,false
gen-1786830058-QRD3BCrISWRK99qwLWyM,2026-08-15 21:40:58.065,0.000027,,,,0,413,8,0,0,z-ai/glm-4.7-flash-20260119,Cloudflare,standard,false,true,,stop,stop,246,246,MSCodeBase 1-L live arm,test567,false
gen-1786830056-cmGbaa2hzhvwlCxWXXRK,2026-08-15 21:40:56.438,0.000019,,-0.000003,,0,328,8,0,64,z-ai/glm-4.7-flash-20260119,DeepInfra,standard,false,true,,stop,stop,1013,1013,MSCodeBase 1-L live arm,test567,false
gen-1786830055-58vyotNzeJrxIGqK2aJY,2026-08-15 21:40:55.483,0.000017,,,,0,233,8,0,0,z-ai/glm-4.7-flash-20260119,Cloudflare,standard,false,true,,stop,stop,339,339,MSCodeBase 1-L live arm,test567,false
gen-1786830054-gRXPf3qLvRTIfu5iukms,2026-08-15 21:40:54.642,0.000024,,,,0,353,8,0,0,z-ai/glm-4.7-flash-20260119,Cloudflare,standard,false,true,,stop,stop,222,222,MSCodeBase 1-L live arm,test567,false
gen-1786830053-dD8ZhDZfQF5R4OGzl2MD,2026-08-15 21:40:53.626,0.000018,,,,0,257,8,0,0,z-ai/glm-4.7-flash-20260119,Cloudflare,standard,false,true,,stop,stop,402,402,MSCodeBase 1-L live arm,test567,false
gen-1786830052-AlFxcGpH1Geo8Id3EXwf,2026-08-15 21:40:52.563,0.000029,,,,0,434,8,0,0,z-ai/glm-4.7-flash-20260119,Cloudflare,standard,false,true,,stop,stop,447,447,MSCodeBase 1-L live arm,test567,false
gen-1786830051-W1tVXkZZcmDZhIFNjGHa,2026-08-15 21:40:51.488,0.00002,,-0.000003,,0,338,8,0,64,z-ai/glm-4.7-flash-20260119,DeepInfra,standard,false,true,,stop,stop,456,456,MSCodeBase 1-L live arm,test567,false
gen-1786830050-vrcIpUwxrzWH9XkJqfvk,2026-08-15 21:40:50.435,0.000015,,-0.000003,,0,266,8,0,64,z-ai/glm-4.7-flash-20260119,DeepInfra,standard,false,true,,stop,stop,438,438,MSCodeBase 1-L live arm,test567,false
gen-1786830049-Gr231ICQGQf1ZRUyjvIz,2026-08-15 21:40:49.598,0.00002,,,,0,295,8,0,0,z-ai/glm-4.7-flash-20260119,Cloudflare,standard,false,true,,stop,stop,220,220,MSCodeBase 1-L live arm,test567,false
gen-1786830048-wsxx7dKP3OpG59Acfa9o,2026-08-15 21:40:48.411,0.00002,,-0.000003,,0,344,8,0,64,z-ai/glm-4.7-flash-20260119,DeepInfra,standard,false,true,,stop,stop,584,584,MSCodeBase 1-L live arm,test567,false
gen-1786830047-aA7I384OGlVzPCgJ3FtP,2026-08-15 21:40:47.632,0.000024,,,,0,352,8,0,0,z-ai/glm-4.7-flash-20260119,Cloudflare,standard,false,true,,stop,stop,186,186,MSCodeBase 1-L live arm,test567,false
gen-1786830046-1fX5qffgIFRRk7rtMKgU,2026-08-15 21:40:45.769,0.000019,,,,0,269,8,0,0,z-ai/glm-4.7-flash-20260119,Cloudflare,standard,false,true,,stop,stop,707,707,MSCodeBase 1-L live arm,test567,false
gen-1786830044-6jsyOyTvBLgff5hGkATn,2026-08-15 21:40:44.874,0.00002,,,,0,289,8,0,0,z-ai/glm-4.7-flash-20260119,Cloudflare,standard,false,true,,stop,stop,276,276,MSCodeBase 1-L live arm,test567,false
gen-1786830044-PQsiagIEgi1ZeLhJx5O8,2026-08-15 21:40:44.038,0.000016,,,,0,216,8,0,0,z-ai/glm-4.7-flash-20260119,Cloudflare,standard,false,true,,stop,stop,201,201,MSCodeBase 1-L live arm,test567,false
gen-1786830042-xQOg52Z9fJ59VmRunXC1,2026-08-15 21:40:42.781,0.000019,,-0.000003,,0,329,8,0,64,z-ai/glm-4.7-flash-20260119,DeepInfra,standard,false,true,,stop,stop,650,650,MSCodeBase 1-L live arm,test567,false
gen-1786830041-HFNTjyn2SdIUn3d4C4fo,2026-08-15 21:40:41.806,0.000015,,-0.000003,,0,266,8,0,64,z-ai/glm-4.7-flash-20260119,DeepInfra,standard,false,true,,stop,stop,359,359,MSCodeBase 1-L live arm,test567,false
gen-1786830037-lVnUwcWf9eG8Ln36TZeZ,2026-08-15 21:40:37.134,0.000016,,,,0,226,8,0,0,z-ai/glm-4.7-flash-20260119,Cloudflare,standard,false,true,,stop,stop,4051,4051,MSCodeBase 1-L live arm,test567,false
gen-1786830035-99fjgXDKihCFWXHlM7UG,2026-08-15 21:40:35.734,0.000025,,,,0,366,8,0,0,z-ai/glm-4.7-flash-20260119,Cloudflare,standard,false,true,,stop,stop,757,757,MSCodeBase 1-L live arm,test567,false
gen-1786830034-VbOAtIrC56KxtW6sTMsP,2026-08-15 21:40:34.754,0.000023,,-0.000003,,0,393,8,0,64,z-ai/glm-4.7-flash-20260119,DeepInfra,standard,false,true,,stop,stop,364,364,MSCodeBase 1-L live arm,test567,false
gen-1786830033-6GBnJcVlfhB4yFr9nX5s,2026-08-15 21:40:33.198,0.000021,,-0.000003,,0,358,8,0,64,z-ai/glm-4.7-flash-20260119,DeepInfra,standard,false,true,,stop,stop,952,952,MSCodeBase 1-L live arm,test567,false
gen-1786830032-k9K1XTDbs6sckFBCApro,2026-08-15 21:40:32.400,0.000028,,,,0,426,8,0,0,z-ai/glm-4.7-flash-20260119,Cloudflare,standard,false,true,,stop,stop,175,175,MSCodeBase 1-L live arm,test567,false
gen-1786830031-4z4bSEd8e8rT1w0KRY8y,2026-08-15 21:40:31.127,0.000021,,,,0,304,8,0,0,z-ai/glm-4.7-flash-20260119,Cloudflare,standard,false,true,,stop,stop,666,666,MSCodeBase 1-L live arm,test567,false
gen-1786830030-DUr6jM76LrV8w30cXe3l,2026-08-15 21:40:30.347,0.000014,,,,0,182,8,0,0,z-ai/glm-4.7-flash-20260119,Cloudflare,standard,false,true,,stop,stop,170,170,MSCodeBase 1-L live arm,test567,false
gen-1786830029-oKLGXmZBvBKXa3rMO97m,2026-08-15 21:40:29.340,0.000014,,,,0,184,8,0,0,z-ai/glm-4.7-flash-20260119,Cloudflare,standard,false,true,,stop,stop,374,374,MSCodeBase 1-L live arm,test567,false
gen-1786830028-eWPaQ9apYjIAtPQkYZKD,2026-08-15 21:40:28.517,0.000014,,,,0,195,8,0,0,z-ai/glm-4.7-flash-20260119,Cloudflare,standard,false,true,,stop,stop,208,208,MSCodeBase 1-L live arm,test567,false
gen-1786830027-Ms75ywEosWEO70Qilohl,2026-08-15 21:40:27.676,0.000014,,,,0,191,8,0,0,z-ai/glm-4.7-flash-20260119,Cloudflare,standard,false,true,,stop,stop,228,228,MSCodeBase 1-L live arm,test567,false
gen-1786830026-1f35fA5uz45yldB2pksk,2026-08-15 21:40:26.154,0.000012,,-0.000003,,0,203,8,0,64,z-ai/glm-4.7-flash-20260119,DeepInfra,standard,false,true,,stop,stop,839,839,MSCodeBase 1-L live arm,test567,false
gen-1786830024-IBtqIas0WWSlWlcO1Lhi,2026-08-15 21:40:24.831,0.000015,,,,0,204,8,0,0,z-ai/glm-4.7-flash-20260119,Cloudflare,standard,false,true,,stop,stop,699,699,MSCodeBase 1-L live arm,test567,false
gen-1786830023-1ZY6sdvDAFCbNLngpaf0,2026-08-15 21:40:23.893,0.000015,,,,0,199,8,0,0,z-ai/glm-4.7-flash-20260119,Cloudflare,standard,false,true,,stop,stop,316,316,MSCodeBase 1-L live arm,test567,false
gen-1786830022-OEa0EzjpDNS0SFGGz6qs,2026-08-15 21:40:22.682,0.000011,,-0.000003,,0,198,8,0,64,z-ai/glm-4.7-flash-20260119,Venice,standard,false,true,,stop,stop,594,594,MSCodeBase 1-L live arm,test567,false
gen-1786830021-oxTsvrnPGNIBYkC9G3Da,2026-08-15 21:40:21.600,0.000011,,-0.000003,,0,193,8,0,64,z-ai/glm-4.7-flash-20260119,DeepInfra,standard,false,true,,stop,stop,466,466,MSCodeBase 1-L live arm,test567,false
gen-1786830020-6bRdWOnoZcjPQAZxlls0,2026-08-15 21:40:20.746,0.000014,,,,0,190,8,0,0,z-ai/glm-4.7-flash-20260119,Cloudflare,standard,false,true,,stop,stop,226,226,MSCodeBase 1-L live arm,test567,false
gen-1786830019-uK4zycED84ym8Vcu06Yh,2026-08-15 21:40:19.631,0.000011,,-0.000003,,0,190,8,0,64,z-ai/glm-4.7-flash-20260119,DeepInfra,standard,false,true,,stop,stop,498,498,MSCodeBase 1-L live arm,test567,false
gen-1786830018-2hNFznIcmOy4ZRCDKQeg,2026-08-15 21:40:18.481,0.000015,,,,0,200,8,0,0,z-ai/glm-4.7-flash-20260119,Cloudflare,standard,false,true,,stop,stop,536,536,MSCodeBase 1-L live arm,test567,false
gen-1786830013-uoAERYYppNuCBqga6UPV,2026-08-15 21:40:13.187,0.000012,,,,0,182,8,0,0,deepseek/deepseek-v4-flash-20260423,StreamLake,standard,false,true,,stop,stop,4964,4964,MSCodeBase 1-L live arm,test567,false
gen-1786830011-zuTzYujN0sEmisDlIFwq,2026-08-15 21:40:11.344,0.000012,,,,0,176,8,0,0,deepseek/deepseek-v4-flash-20260423,StreamLake,standard,false,true,,stop,stop,1239,1239,MSCodeBase 1-L live arm,test567,false
gen-1786830009-G7YP2WgClNJ0r3hS81fT,2026-08-15 21:40:09.434,0.000012,,,,0,174,8,0,0,deepseek/deepseek-v4-flash-20260423,StreamLake,standard,false,true,,stop,stop,1298,1298,MSCodeBase 1-L live arm,test567,false
gen-1786829997-5pek1By3WYviIiIwfHwy,2026-08-15 21:39:57.967,0.000013,,,,0,203,8,0,0,deepseek/deepseek-v4-flash-20260423,Baidu,standard,false,true,,stop,stop,665,665,MSCodeBase 1-L live arm,test567,false
gen-1786829996-bx59CnCc21FD2Z5orYJ7,2026-08-15 21:39:56.352,0.000012,,,,0,176,8,0,0,deepseek/deepseek-v4-flash-20260423,StreamLake,standard,false,true,,stop,stop,1006,1006,MSCodeBase 1-L live arm,test567,false
gen-1786829993-IU7iHLYj3FIad4s7a9oV,2026-08-15 21:39:53.301,0.000012,,,,0,182,8,0,0,deepseek/deepseek-v4-flash-20260423,StreamLake,standard,false,true,,stop,stop,2456,2456,MSCodeBase 1-L live arm,test567,false
gen-1786829991-xOJZ6MspkFz6sPtsBr04,2026-08-15 21:39:51.343,0.000012,,,,0,186,8,0,0,deepseek/deepseek-v4-flash-20260423,StreamLake,standard,false,true,,stop,stop,1336,1336,MSCodeBase 1-L live arm,test567,false
gen-1786829989-bFOw8h2eM7lCCPJVv8ht,2026-08-15 21:39:49.331,0.000012,,,,0,178,8,0,0,deepseek/deepseek-v4-flash-20260423,StreamLake,standard,false,true,,stop,stop,1405,1405,MSCodeBase 1-L live arm,test567,false
gen-1786829987-8CYWHON0DpVhEznyEXdt,2026-08-15 21:39:47.746,0.000025,,,,0,379,8,0,0,deepseek/deepseek-v4-flash-20260423,StreamLake,standard,false,true,,stop,stop,977,977,MSCodeBase 1-L live arm,test567,false
gen-1786829985-QPlrAOwwWhrKO2TTfgeg,2026-08-15 21:39:45.286,0.000028,,,,0,436,8,0,0,deepseek/deepseek-v4-flash-20260423,StreamLake,standard,false,true,,stop,stop,1856,1856,MSCodeBase 1-L live arm,test567,false
gen-1786829983-QwUvRhN48M8yadRZx3Ic,2026-08-15 21:39:42.931,0.000027,,,,0,422,8,0,0,deepseek/deepseek-v4-flash-20260423,StreamLake,standard,false,true,,stop,stop,1197,1197,MSCodeBase 1-L live arm,test567,false
gen-1786829973-mzurjJugjgeH3loEwUSk,2026-08-15 21:39:33.854,0.000027,,,,0,420,8,0,0,deepseek/deepseek-v4-flash-20260423,StreamLake,standard,false,true,,stop,stop,8484,8484,MSCodeBase 1-L live arm,test567,false
gen-1786829971-yrTlI6LGEpAwsSdEIjML,2026-08-15 21:39:31.448,0.000027,,,,0,413,8,0,0,deepseek/deepseek-v4-flash-20260423,StreamLake,standard,false,true,,stop,stop,1769,1769,MSCodeBase 1-L live arm,test567,false
gen-1786829969-aNyGLk6ssOlSEXih9krv,2026-08-15 21:39:29.258,0.000024,,,,0,364,8,0,0,deepseek/deepseek-v4-flash-20260423,StreamLake,standard,false,true,,stop,stop,1571,1571,MSCodeBase 1-L live arm,test567,false
gen-1786829967-aG7pFFuYMfJ7xxB8tc9t,2026-08-15 21:39:27.433,0.000028,,,,0,436,8,0,0,deepseek/deepseek-v4-flash-20260423,StreamLake,standard,false,true,,stop,stop,1209,1209,MSCodeBase 1-L live arm,test567,false
gen-1786829965-Og5tuzZcTkDstjEoJ2O5,2026-08-15 21:39:25.622,0.000023,,,,0,350,8,0,0,deepseek/deepseek-v4-flash-20260423,StreamLake,standard,false,true,,stop,stop,1209,1209,MSCodeBase 1-L live arm,test567,false
gen-1786829963-T59fkpNXklMJtfnm4Yap,2026-08-15 21:39:23.415,0.000016,,,,0,240,8,0,0,deepseek/deepseek-v4-flash-20260423,StreamLake,standard,false,true,,stop,stop,1603,1603,MSCodeBase 1-L live arm,test567,false
gen-1786829961-fDQbW003PUkByBsn4n3R,2026-08-15 21:39:21.114,0.000025,,,,0,378,8,0,0,deepseek/deepseek-v4-flash-20260423,StreamLake,standard,false,true,,stop,stop,1557,1557,MSCodeBase 1-L live arm,test567,false
gen-1786829959-rH6L0DWRhLq7kuZfBkIq,2026-08-15 21:39:19.448,0.000017,,,,0,262,8,0,0,deepseek/deepseek-v4-flash-20260423,StreamLake,standard,false,true,,stop,stop,1045,1045,MSCodeBase 1-L live arm,test567,false
gen-1786829957-4OXcGTr8icEEi9OBUkEA,2026-08-15 21:39:17.464,0.00003,,,,0,464,8,0,0,deepseek/deepseek-v4-flash-20260423,StreamLake,standard,false,true,,stop,stop,1367,1367,MSCodeBase 1-L live arm,test567,false
gen-1786829955-o5RIJ7zreygXbC8t4p0X,2026-08-15 21:39:15.222,0.000024,,,,0,366,8,0,0,deepseek/deepseek-v4-flash-20260423,StreamLake,standard,false,true,,stop,stop,1546,1546,MSCodeBase 1-L live arm,test567,false
gen-1786829951-Cfhc74InR6EW2nv7Mcyw,2026-08-15 21:39:11.612,0.000018,,,,0,278,8,0,0,deepseek/deepseek-v4-flash-20260423,StreamLake,standard,false,true,,stop,stop,3016,3016,MSCodeBase 1-L live arm,test567,false
gen-1786829949-4S9YXZtvWnrIB9R8ZxMd,2026-08-15 21:39:09.908,0.00002,,,,0,305,8,0,0,deepseek/deepseek-v4-flash-20260423,StreamLake,standard,false,true,,stop,stop,1089,1089,MSCodeBase 1-L live arm,test567,false
gen-1786829948-d5Y4vI45tn9dcPQcCeXH,2026-08-15 21:39:08.032,0.000024,,,,0,366,8,0,0,deepseek/deepseek-v4-flash-20260423,StreamLake,standard,false,true,,stop,stop,1259,1259,MSCodeBase 1-L live arm,test567,false
gen-1786829946-yY2RSGQNP74PRWdLpa4V,2026-08-15 21:39:06.540,0.000024,,,,0,374,8,0,0,deepseek/deepseek-v4-flash-20260423,StreamLake,standard,false,true,,stop,stop,867,867,MSCodeBase 1-L live arm,test567,false
gen-1786829944-pzrO59CjIoS8z5u0YWkA,2026-08-15 21:39:04.042,0.000018,,,,0,273,8,0,0,deepseek/deepseek-v4-flash-20260423,StreamLake,standard,false,true,,stop,stop,1824,1824,MSCodeBase 1-L live arm,test567,false
gen-1786829942-vp60aEY6jTBOrfNmoFmc,2026-08-15 21:39:02.342,0.00002,,,,0,303,8,0,0,deepseek/deepseek-v4-flash-20260423,StreamLake,standard,false,true,,stop,stop,1094,1094,MSCodeBase 1-L live arm,test567,false
gen-1786829940-Patj8XUJBtGNMT2guClr,2026-08-15 21:39:00.625,0.000015,,,,0,223,8,0,0,deepseek/deepseek-v4-flash-20260423,StreamLake,standard,false,true,,stop,stop,1121,1121,MSCodeBase 1-L live arm,test567,false
gen-1786829938-7VpFlzGCRomVX2klcm9W,2026-08-15 21:38:58.422,0.000023,,,,0,355,8,0,0,deepseek/deepseek-v4-flash-20260423,StreamLake,standard,false,true,,stop,stop,1605,1605,MSCodeBase 1-L live arm,test567,false
gen-1786829936-rhHrOabHxh1c5f9ljdy0,2026-08-15 21:38:56.004,0.000018,,,,0,280,8,0,0,deepseek/deepseek-v4-flash-20260423,StreamLake,standard,false,true,,stop,stop,1824,1824,MSCodeBase 1-L live arm,test567,false
gen-1786829932-IxbxRNgfVki5LKwU0D7A,2026-08-15 21:38:52.703,0.000016,,,,0,238,8,0,0,deepseek/deepseek-v4-flash-20260423,StreamLake,standard,false,true,,stop,stop,2674,2674,MSCodeBase 1-L live arm,test567,false
gen-1786829925-ZaZzCGUhJxAQOCL0Ajed,2026-08-15 21:38:45.335,0.000025,,,,0,385,8,0,0,deepseek/deepseek-v4-flash-20260423,StreamLake,standard,false,true,,stop,stop,6747,6747,MSCodeBase 1-L live arm,test567,false
gen-1786829923-sH0vwKmoIUojK9fHyMAp,2026-08-15 21:38:43.237,0.000028,,,,0,428,8,0,0,deepseek/deepseek-v4-flash-20260423,StreamLake,standard,false,true,,stop,stop,1459,1459,MSCodeBase 1-L live arm,test567,false
gen-1786829920-6rQld485NpZfiDYLt3yN,2026-08-15 21:38:40.887,0.000025,,,,0,382,8,0,0,deepseek/deepseek-v4-flash-20260423,StreamLake,standard,false,true,,stop,stop,1731,1731,MSCodeBase 1-L live arm,test567,false
gen-1786829919-MS4DhzLb83IU4n4tdqQi,2026-08-15 21:38:39.137,0.00003,,,,0,471,8,0,0,deepseek/deepseek-v4-flash-20260423,StreamLake,standard,false,true,,stop,stop,1145,1145,MSCodeBase 1-L live arm,test567,false
gen-1786829916-TpxcyCQapk8IImlHcC0d,2026-08-15 21:38:36.623,0.000021,,,,0,316,8,0,0,deepseek/deepseek-v4-flash-20260423,StreamLake,standard,false,true,,stop,stop,1911,1911,MSCodeBase 1-L live arm,test567,false
gen-1786829914-WElXx7gGMglqic4Uqyya,2026-08-15 21:38:34.958,0.000013,,,,0,190,8,0,0,deepseek/deepseek-v4-flash-20260423,StreamLake,standard,false,true,,stop,stop,1054,1054,MSCodeBase 1-L live arm,test567,false
gen-1786829912-ZrwPKZnnB5pjWAsaIYRG,2026-08-15 21:38:32.874,0.000013,,,,0,193,8,0,0,deepseek/deepseek-v4-flash-20260423,StreamLake,standard,false,true,,stop,stop,1161,1161,MSCodeBase 1-L live arm,test567,false
gen-1786829911-GYGQt4eoQFRmhM3LPLv0,2026-08-15 21:38:31.302,0.000013,,,,0,204,8,0,0,deepseek/deepseek-v4-flash-20260423,StreamLake,standard,false,true,,stop,stop,960,960,MSCodeBase 1-L live arm,test567,false
gen-1786829908-S4HW4vh6KP4RGfKjQi0h,2026-08-15 21:38:28.970,0.000013,,,,0,197,8,0,0,deepseek/deepseek-v4-flash-20260423,StreamLake,standard,false,true,,stop,stop,1667,1667,MSCodeBase 1-L live arm,test567,false
gen-1786829907-qo8FtXOk9hFuls4VcYeb,2026-08-15 21:38:27.505,0.000014,,,,0,212,8,0,0,deepseek/deepseek-v4-flash-20260423,StreamLake,standard,false,true,,stop,stop,843,843,MSCodeBase 1-L live arm,test567,false
gen-1786829905-aOOycxeOYWPTlNNeo9TO,2026-08-15 21:38:25.048,0.000014,,,,0,214,8,0,0,deepseek/deepseek-v4-flash-20260423,StreamLake,standard,false,true,,stop,stop,1833,1833,MSCodeBase 1-L live arm,test567,false
gen-1786829902-El8ODL7izSopZgjhO2oY,2026-08-15 21:38:22.943,0.000014,,,,0,207,8,0,0,deepseek/deepseek-v4-flash-20260423,StreamLake,standard,false,true,,stop,stop,1499,1499,MSCodeBase 1-L live arm,test567,false
gen-1786829900-V4GVIoDD28Pch4BVAATg,2026-08-15 21:38:20.859,0.000014,,,,0,207,8,0,0,deepseek/deepseek-v4-flash-20260423,StreamLake,standard,false,true,,stop,stop,1371,1371,MSCodeBase 1-L live arm,test567,false
gen-1786829898-gPokA3RNw6dM2O5Thg64,2026-08-15 21:38:18.626,0.000013,,,,0,201,8,0,0,deepseek/deepseek-v4-flash-20260423,StreamLake,standard,false,true,,stop,stop,1500,1500,MSCodeBase 1-L live arm,test567,false
gen-1786829896-C9gBAefTz8N45eUMUVm1,2026-08-15 21:38:16.528,0.000013,,,,0,196,8,0,0,deepseek/deepseek-v4-flash-20260423,StreamLake,standard,false,true,,stop,stop,1386,1386,MSCodeBase 1-L live arm,test567,false
gen-1786829895-2IOZH3rMFonGoP2c3Ia4,2026-08-15 21:38:15.054,0.000013,,,,0,196,8,0,0,deepseek/deepseek-v4-flash-20260423,StreamLake,standard,false,true,,stop,stop,747,747,MSCodeBase 1-L live arm,test567,false
gen-1786829893-kqLNpQCh1r1XSQc6tw8k,2026-08-15 21:38:13.471,0.000014,,,,0,208,8,0,0,deepseek/deepseek-v4-flash-20260423,StreamLake,standard,false,true,,stop,stop,875,875,MSCodeBase 1-L live arm,test567,false
gen-1786829892-zhpzQv6RrXwObTTo7fwr,2026-08-15 21:38:12.437,0.000007,,,,0,192,12,0,0,qwen/qwen3.7-flash-20260727,Alibaba,standard,false,true,,stop,stop,618,618,MSCodeBase 1-L live arm,test567,false
gen-1786829891-jSlFHmSNLuGbztSSCH6I,2026-08-15 21:38:11.035,0.000006,,,,0,184,11,0,0,qwen/qwen3.7-flash-20260727,Alibaba,standard,false,true,,stop,stop,691,691,MSCodeBase 1-L live arm,test567,false
gen-1786829889-UFz1EILjDl5ggEC42KNg,2026-08-15 21:38:09.693,0.000006,,,,0,182,7,0,0,qwen/qwen3.7-flash-20260727,Alibaba,standard,false,true,,stop,stop,638,638,MSCodeBase 1-L live arm,test567,false
gen-1786829888-v5fQEnBhhJSnPE7eHlKP,2026-08-15 21:38:08.269,0.000006,,,,0,188,7,0,0,qwen/qwen3.7-flash-20260727,Alibaba,standard,false,true,,stop,stop,704,704,MSCodeBase 1-L live arm,test567,false
gen-1786829886-a3zbVkdG5Wh6iDqZBGla,2026-08-15 21:38:06.153,0.000006,,,,0,184,7,0,0,qwen/qwen3.7-flash-20260727,Alibaba,standard,false,true,,stop,stop,1232,1232,MSCodeBase 1-L live arm,test567,false
gen-1786829884-6F8dOrn13ulOWhtv22RV,2026-08-15 21:38:04.751,0.000007,,,,0,190,11,0,0,qwen/qwen3.7-flash-20260727,Alibaba,standard,false,true,,stop,stop,680,680,MSCodeBase 1-L live arm,test567,false
gen-1786829883-VKhjmsHIlfSwcZZLUJI6,2026-08-15 21:38:03.408,0.000007,,,,0,194,11,0,0,qwen/qwen3.7-flash-20260727,Alibaba,standard,false,true,,stop,stop,637,637,MSCodeBase 1-L live arm,test567,false
gen-1786829881-uBTitWc0ldFlJ1WH8EEJ,2026-08-15 21:38:01.911,0.000006,,,,0,188,7,0,0,qwen/qwen3.7-flash-20260727,Alibaba,standard,false,true,,stop,stop,784,784,MSCodeBase 1-L live arm,test567,false
gen-1786829880-LBxALQqDJUTjloahAjg0,2026-08-15 21:38:00.391,0.000013,,,,0,408,11,0,0,qwen/qwen3.7-flash-20260727,Alibaba,standard,false,true,,stop,stop,774,774,MSCodeBase 1-L live arm,test567,false
gen-1786829879-RZFqlqwpdWHREcw6al3q,2026-08-15 21:37:59.110,0.000014,,,,0,449,12,0,0,qwen/qwen3.7-flash-20260727,Alibaba,standard,false,true,,stop,stop,576,576,MSCodeBase 1-L live arm,test567,false
gen-1786829877-Rmm2HN8pQXcf4LmyBb73,2026-08-15 21:37:57.682,0.000014,,,,0,438,11,0,0,qwen/qwen3.7-flash-20260727,Alibaba,standard,false,true,,stop,stop,710,710,MSCodeBase 1-L live arm,test567,false
gen-1786829876-NPn43mHlFIqiOSCZ6xfE,2026-08-15 21:37:56.471,0.000014,,,,0,452,11,0,0,qwen/qwen3.7-flash-20260727,Alibaba,standard,false,true,,stop,stop,490,490,MSCodeBase 1-L live arm,test567,false
gen-1786829872-zi1lVRQlfrzJr8ECzJxV,2026-08-15 21:37:52.301,0.000013,,,,0,423,11,0,0,qwen/qwen3.7-flash-20260727,Alibaba,standard,false,true,,stop,stop,627,627,MSCodeBase 1-L live arm,test567,false
gen-1786829870-pRrgqAPuyz6e5FyS9UOI,2026-08-15 21:37:50.906,0.000012,,,,0,382,11,0,0,qwen/qwen3.7-flash-20260727,Alibaba,standard,false,true,,stop,stop,682,682,MSCodeBase 1-L live arm,test567,false
gen-1786829869-gguo9iobTXyePiad0ayu,2026-08-15 21:37:49.503,0.000015,,,,0,460,11,0,0,qwen/qwen3.7-flash-20260727,Alibaba,standard,false,true,,stop,stop,584,584,MSCodeBase 1-L live arm,test567,false
gen-1786829867-BQtISivBPw1ZlOtqCHmg,2026-08-15 21:37:47.916,0.000012,,,,0,360,12,0,0,qwen/qwen3.7-flash-20260727,Alibaba,standard,false,true,,stop,stop,652,652,MSCodeBase 1-L live arm,test567,false
gen-1786829866-PHgqatv4SjjT5SNsnt5h,2026-08-15 21:37:46.748,0.000009,,,,0,262,11,0,0,qwen/qwen3.7-flash-20260727,Alibaba,standard,false,true,,stop,stop,524,524,MSCodeBase 1-L live arm,test567,false
gen-1786829865-drYSW7hObQKkkm4g7453,2026-08-15 21:37:45.572,0.000013,,,,0,403,12,0,0,qwen/qwen3.7-flash-20260727,Alibaba,standard,false,true,,stop,stop,571,571,MSCodeBase 1-L live arm,test567,false
gen-1786829864-bWbO3eCM3K2zeXLEie9R,2026-08-15 21:37:44.332,0.000009,,,,0,283,11,0,0,qwen/qwen3.7-flash-20260727,Alibaba,standard,false,true,,stop,stop,612,612,MSCodeBase 1-L live arm,test567,false
gen-1786829860-0oK8FavGlkPzkEBzFCxr,2026-08-15 21:37:40.566,0.000015,,,,0,478,11,0,0,qwen/qwen3.7-flash-20260727,Alibaba,standard,false,true,,stop,stop,575,575,MSCodeBase 1-L live arm,test567,false
gen-1786829859-lFKHGF3fcU6x2NpBSEO4,2026-08-15 21:37:39.362,0.000012,,,,0,368,12,0,0,qwen/qwen3.7-flash-20260727,Alibaba,standard,false,true,,stop,stop,573,573,MSCodeBase 1-L live arm,test567,false
gen-1786829858-GpyzxSJva0gD1fzHbOLB,2026-08-15 21:37:38.193,0.00001,,,,0,295,11,0,0,qwen/qwen3.7-flash-20260727,Alibaba,standard,false,true,,stop,stop,548,548,MSCodeBase 1-L live arm,test567,false
gen-1786829854-3dz8G0I4dYgKrcjQQIiG,2026-08-15 21:37:34.308,0.000011,,,,0,334,11,0,0,qwen/qwen3.7-flash-20260727,Alibaba,standard,false,true,,stop,stop,638,638,MSCodeBase 1-L live arm,test567,false
gen-1786829853-jUpIsfgTDoy8VE0jm00X,2026-08-15 21:37:33.155,0.000012,,,,0,372,12,0,0,qwen/qwen3.7-flash-20260727,Alibaba,standard,false,true,,stop,stop,522,522,MSCodeBase 1-L live arm,test567,false
gen-1786829851-Wd69yv08ZTcFqjLrdnAM,2026-08-15 21:37:31.880,0.000013,,,,0,393,11,0,0,qwen/qwen3.7-flash-20260727,Alibaba,standard,false,true,,stop,stop,672,672,MSCodeBase 1-L live arm,test567,false
gen-1786829850-zDpKcfz4cn38T5IczozK,2026-08-15 21:37:30.558,0.00001,,,,0,301,11,0,0,qwen/qwen3.7-flash-20260727,Alibaba,standard,false,true,,stop,stop,705,705,MSCodeBase 1-L live arm,test567,false
gen-1786829849-r3gbD4yYJTKW15Vo4WwB,2026-08-15 21:37:29.128,0.00001,,,,0,316,12,0,0,qwen/qwen3.7-flash-20260727,Alibaba,standard,false,true,,stop,stop,803,803,MSCodeBase 1-L live arm,test567,false
gen-1786829847-FEYKmmX9LGpfkRLCMEJH,2026-08-15 21:37:27.795,0.000008,,,,0,239,11,0,0,qwen/qwen3.7-flash-20260727,Alibaba,standard,false,true,,stop,stop,702,702,MSCodeBase 1-L live arm,test567,false
gen-1786829846-AQRwK3JmWDBw88nTh7VN,2026-08-15 21:37:26.700,0.000011,,,,0,356,11,0,0,qwen/qwen3.7-flash-20260727,Alibaba,standard,false,true,,stop,stop,502,502,MSCodeBase 1-L live arm,test567,false
gen-1786829845-XlBLEl8EW223nL90tJ8v,2026-08-15 21:37:25.539,0.00001,,,,0,291,12,0,0,qwen/qwen3.7-flash-20260727,Alibaba,standard,false,true,,stop,stop,551,551,MSCodeBase 1-L live arm,test567,false
gen-1786829844-lZBD15vaxtp5jongfBqk,2026-08-15 21:37:24.168,0.000008,,,,0,251,12,0,0,qwen/qwen3.7-flash-20260727,Alibaba,standard,false,true,,stop,stop,769,769,MSCodeBase 1-L live arm,test567,false
gen-1786829843-sj9zCuFbJmVP38cj5XFU,2026-08-15 21:37:23.003,0.000013,,,,0,404,12,0,0,qwen/qwen3.7-flash-20260727,Alibaba,standard,false,true,,stop,stop,550,550,MSCodeBase 1-L live arm,test567,false
gen-1786829841-bDaDzgaBCSAwrarYADp2,2026-08-15 21:37:21.759,0.000014,,,,0,437,11,0,0,qwen/qwen3.7-flash-20260727,Alibaba,standard,false,true,,stop,stop,633,633,MSCodeBase 1-L live arm,test567,false
gen-1786829840-qrH7r26fkLIZcDxMY7Zp,2026-08-15 21:37:20.588,0.000013,,,,0,391,11,0,0,qwen/qwen3.7-flash-20260727,Alibaba,standard,false,true,,stop,stop,563,563,MSCodeBase 1-L live arm,test567,false
gen-1786829839-LPIB23ErvpyhEtavxAJZ,2026-08-15 21:37:19.415,0.000015,,,,0,472,11,0,0,qwen/qwen3.7-flash-20260727,Alibaba,standard,false,true,,stop,stop,586,586,MSCodeBase 1-L live arm,test567,false
gen-1786829838-nWP43P4YBlZzvKTYS1NU,2026-08-15 21:37:18.247,0.000011,,,,0,335,11,0,0,qwen/qwen3.7-flash-20260727,Alibaba,standard,false,true,,stop,stop,537,537,MSCodeBase 1-L live arm,test567,false
gen-1786829836-NCIxDElWPxHyLXzq8iYm,2026-08-15 21:37:16.857,0.000007,,,,0,204,12,0,0,qwen/qwen3.7-flash-20260727,Alibaba,standard,false,true,,stop,stop,776,776,MSCodeBase 1-L live arm,test567,false
gen-1786829835-p4t3HySSqX642duVYh6p,2026-08-15 21:37:15.484,0.000007,,,,0,206,11,0,0,qwen/qwen3.7-flash-20260727,Alibaba,standard,false,true,,stop,stop,775,775,MSCodeBase 1-L live arm,test567,false
gen-1786829834-a2rJVrWUidAl3lYzqymS,2026-08-15 21:37:14.318,0.000007,,,,0,218,11,0,0,qwen/qwen3.7-flash-20260727,Alibaba,standard,false,true,,stop,stop,560,560,MSCodeBase 1-L live arm,test567,false
gen-1786829832-eqCuKung6ACNXevQYKsX,2026-08-15 21:37:12.661,0.000007,,,,0,214,11,0,0,qwen/qwen3.7-flash-20260727,Alibaba,standard,false,true,,stop,stop,1063,1063,MSCodeBase 1-L live arm,test567,false
gen-1786829831-10uRi9FnXx3w1yKlp0cK,2026-08-15 21:37:11.478,0.000008,,,,0,230,12,0,0,qwen/qwen3.7-flash-20260727,Alibaba,standard,false,true,,stop,stop,568,568,MSCodeBase 1-L live arm,test567,false
gen-1786829830-YMgnkXpUApxSxF9SdDRD,2026-08-15 21:37:10.339,0.000008,,,,0,231,11,0,0,qwen/qwen3.7-flash-20260727,Alibaba,standard,false,true,,stop,stop,533,533,MSCodeBase 1-L live arm,test567,false
gen-1786829829-gnECWOt4fCjWUGIeZxkf,2026-08-15 21:37:09.081,0.000007,,,,0,221,11,0,0,qwen/qwen3.7-flash-20260727,Alibaba,standard,false,true,,stop,stop,645,645,MSCodeBase 1-L live arm,test567,false
gen-1786829827-idTZCgndOOsNOsVwWS2N,2026-08-15 21:37:07.609,0.000007,,,,0,220,11,0,0,qwen/qwen3.7-flash-20260727,Alibaba,standard,false,true,,stop,stop,857,857,MSCodeBase 1-L live arm,test567,false
gen-1786829826-nl3VtKDicarDGbLeJ954,2026-08-15 21:37:06.379,0.000007,,,,0,215,11,0,0,qwen/qwen3.7-flash-20260727,Alibaba,standard,false,true,,stop,stop,636,636,MSCodeBase 1-L live arm,test567,false
gen-1786829825-HrRqxBbBhxjvAqQxKxzo,2026-08-15 21:37:05.203,0.000007,,,,0,216,12,0,0,qwen/qwen3.7-flash-20260727,Alibaba,standard,false,true,,stop,stop,542,542,MSCodeBase 1-L live arm,test567,false
gen-1786829824-9d2TSV8GgXoZZoJwRQd5,2026-08-15 21:37:04.008,0.000007,,,,0,216,12,0,0,qwen/qwen3.7-flash-20260727,Alibaba,standard,false,true,,stop,stop,605,605,MSCodeBase 1-L live arm,test567,false
gen-1786829822-t7ekP6614hRtIjH7YExb,2026-08-15 21:37:02.898,0.000008,,,,0,223,11,0,0,qwen/qwen3.7-flash-20260727,Alibaba,standard,false,true,,stop,stop,521,521,MSCodeBase 1-L live arm,test567,false
gen-1786829821-L3ljvSk16eVkzBBeB0zD,2026-08-15 21:37:01.542,0.000031,,-0.000003,,0,535,8,0,64,z-ai/glm-4.7-flash-20260119,DeepInfra,standard,false,true,,stop,stop,509,509,MSCodeBase 1-L live arm,test567,false
gen-1786829820-7YLegxagiuQCdpodZ0ig,2026-08-15 21:37:00.523,0.000032,,-0.000003,,0,541,8,0,64,z-ai/glm-4.7-flash-20260119,DeepInfra,standard,false,true,,stop,stop,408,408,MSCodeBase 1-L live arm,test567,false
gen-1786829819-k97Ycep0qSHPFFVYjZBv,2026-08-15 21:36:59.297,0.000032,,-0.000003,,0,542,8,0,64,z-ai/glm-4.7-flash-20260119,DeepInfra,standard,false,true,,stop,stop,347,347,MSCodeBase 1-L live arm,test567,false
gen-1786829816-hzI5PeCpr1b0C3j9q6gY,2026-08-15 21:36:56.797,0.000023,,-0.000003,,0,401,8,0,64,z-ai/glm-4.7-flash-20260119,DeepInfra,standard,false,true,,stop,stop,435,435,MSCodeBase 1-L live arm,test567,false
gen-1786829815-GO3D3ngYOualCcByN2au,2026-08-15 21:36:55.422,0.00003,,,,0,452,8,0,0,z-ai/glm-4.7-flash-20260119,Cloudflare,standard,false,true,,stop,stop,727,727,MSCodeBase 1-L live arm,test567,false
gen-1786829813-15u5Hco5YjJOL2JfcD1V,2026-08-15 21:36:53.997,0.000022,,-0.000003,,0,383,8,0,64,z-ai/glm-4.7-flash-20260119,Venice,standard,false,true,,stop,stop,815,815,MSCodeBase 1-L live arm,test567,false
gen-1786829806-hvay51ibWuSYgDrYIzfz,2026-08-15 21:36:46.957,0.000027,,,,0,401,8,0,0,z-ai/glm-4.7-flash-20260119,Cloudflare,standard,false,true,,stop,stop,6444,6444,MSCodeBase 1-L live arm,test567,false
gen-1786829806-qXs8v7LeU7SmmFta9vG4,2026-08-15 21:36:46.120,0.000025,,,,0,372,8,0,0,z-ai/glm-4.7-flash-20260119,Cloudflare,standard,false,true,,stop,stop,207,207,MSCodeBase 1-L live arm,test567,false
gen-1786829805-amHLQPP2C03EVYalOrLM,2026-08-15 21:36:45.124,0.000027,,,,0,409,8,0,0,z-ai/glm-4.7-flash-20260119,Cloudflare,standard,false,true,,stop,stop,359,359,MSCodeBase 1-L live arm,test567,false
gen-1786829803-4xxKif2Jm8B4IAESqit1,2026-08-15 21:36:43.677,0.000031,,-0.000003,,0,538,8,0,64,z-ai/glm-4.7-flash-20260119,Venice,standard,false,true,,stop,stop,832,832,MSCodeBase 1-L live arm,test567,false
gen-1786829802-t71bxuaImdjAPM0oFI5n,2026-08-15 21:36:42.706,0.000035,,,,0,537,8,0,0,z-ai/glm-4.7-flash-20260119,Cloudflare,standard,false,true,,stop,stop,322,322,MSCodeBase 1-L live arm,test567,false
gen-1786829801-hTnXtPmgB63UMrGxRnQf,2026-08-15 21:36:41.803,0.000035,,,,0,540,8,0,0,z-ai/glm-4.7-flash-20260119,Cloudflare,standard,false,true,,stop,stop,280,280,MSCodeBase 1-L live arm,test567,false
gen-1786829800-H8GKzBmy8BD1HscvSjP5,2026-08-15 21:36:40.807,0.000035,,,,0,538,8,0,0,z-ai/glm-4.7-flash-20260119,Cloudflare,standard,false,true,,stop,stop,390,390,MSCodeBase 1-L live arm,test567,false
gen-1786829799-QgnE1WHQCeZ3fJkBwcAd,2026-08-15 21:36:39.589,0.000032,,-0.000003,,0,541,8,0,64,z-ai/glm-4.7-flash-20260119,Venice,standard,false,true,,stop,stop,620,620,MSCodeBase 1-L live arm,test567,false
gen-1786829797-nxca5PxWtEwiUgKh1nOA,2026-08-15 21:36:37.795,0.000032,,-0.000003,,0,540,8,0,64,z-ai/glm-4.7-flash-20260119,Venice,standard,false,true,,stop,stop,1195,1195,MSCodeBase 1-L live arm,test567,false
gen-1786829796-urkJDII0dr80nMkhpe4l,2026-08-15 21:36:36.359,0.000031,,-0.000003,,0,538,8,0,64,z-ai/glm-4.7-flash-20260119,Venice,standard,false,true,,stop,stop,829,829,MSCodeBase 1-L live arm,test567,false
gen-1786829794-kdAtPxKtTjNaPDT4ruDw,2026-08-15 21:36:34.878,0.000035,,,,0,541,8,0,0,z-ai/glm-4.7-flash-20260119,Cloudflare,standard,false,true,,stop,stop,830,830,MSCodeBase 1-L live arm,test567,false
gen-1786829793-MfuZtLUn8EiexCSFcFDR,2026-08-15 21:36:33.499,0.000032,,-0.000003,,0,541,8,0,64,z-ai/glm-4.7-flash-20260119,DeepInfra,standard,false,true,,stop,stop,601,601,MSCodeBase 1-L live arm,test567,false
gen-1786829792-urg4mbsfyRgB74iJPgfF,2026-08-15 21:36:32.217,0.000035,,,,0,536,8,0,0,z-ai/glm-4.7-flash-20260119,Cloudflare,standard,false,true,,stop,stop,571,571,MSCodeBase 1-L live arm,test567,false
gen-1786829791-EOGehFdxAY61nkbfXMVG,2026-08-15 21:36:31.253,0.000035,,,,0,538,8,0,0,z-ai/glm-4.7-flash-20260119,Cloudflare,standard,false,true,,stop,stop,320,320,MSCodeBase 1-L live arm,test567,false
gen-1786829790-bEII1XveIBa8jLMmrs80,2026-08-15 21:36:30.349,0.000035,,,,0,539,8,0,0,z-ai/glm-4.7-flash-20260119,Cloudflare,standard,false,true,,stop,stop,288,288,MSCodeBase 1-L live arm,test567,false
gen-1786829789-pt65A6W2pMdqpBErG5rw,2026-08-15 21:36:29.163,0.000032,,-0.000003,,0,542,8,0,64,z-ai/glm-4.7-flash-20260119,Venice,standard,false,true,,stop,stop,594,594,MSCodeBase 1-L live arm,test567,false
gen-1786829787-v8elh7UjuuZuuvC6e3Ac,2026-08-15 21:36:27.247,0.000032,,-0.000003,,0,541,8,0,64,z-ai/glm-4.7-flash-20260119,Venice,standard,false,true,,stop,stop,1296,1296,MSCodeBase 1-L live arm,test567,false
gen-1786829779-d6cul22FOwi1s4am5Ulq,2026-08-15 21:36:19.470,0.000035,,,,0,541,8,0,0,z-ai/glm-4.7-flash-20260119,Cloudflare,standard,false,true,,stop,stop,7102,7102,MSCodeBase 1-L live arm,test567,false
gen-1786829778-9Ot9FyqBdgZto1WJbW9C,2026-08-15 21:36:18.296,0.000032,,-0.000003,,0,540,8,0,64,z-ai/glm-4.7-flash-20260119,Venice,standard,false,true,,stop,stop,561,561,MSCodeBase 1-L live arm,test567,false
gen-1786829776-QlEHn6NDWxKXAdxPOsRz,2026-08-15 21:36:16.662,0.000023,,,,0,332,8,0,0,z-ai/glm-4.7-flash-20260119,Cloudflare,standard,false,true,,stop,stop,1012,1012,MSCodeBase 1-L live arm,test567,false
gen-1786829775-gUwnRYk2SUK1tmSl1pdS,2026-08-15 21:36:15.322,0.000026,,-0.000003,,0,444,8,0,64,z-ai/glm-4.7-flash-20260119,Venice,standard,false,true,,stop,stop,733,733,MSCodeBase 1-L live arm,test567,false
gen-1786829774-FtoCVB3vs0ffFKcCHMNQ,2026-08-15 21:36:14.067,0.00002,,-0.000003,,0,348,8,0,64,z-ai/glm-4.7-flash-20260119,Venice,standard,false,true,,stop,stop,654,654,MSCodeBase 1-L live arm,test567,false
gen-1786829768-EBDfKYn774opjPy4BxMH,2026-08-15 21:36:08.031,0.00003,,-0.000003,,0,516,8,0,64,z-ai/glm-4.7-flash-20260119,Venice,standard,false,true,,stop,stop,5419,5419,MSCodeBase 1-L live arm,test567,false
gen-1786829765-5f35TGnihEHwPpDGqtdb,2026-08-15 21:36:05.753,0.00003,,,,0,448,8,0,0,z-ai/glm-4.7-flash-20260119,Cloudflare,standard,false,true,,stop,stop,1338,1338,MSCodeBase 1-L live arm,test567,false
gen-1786829764-lE6EY3KRa1AbLczVLBcr,2026-08-15 21:36:04.937,0.000033,,,,0,502,8,0,0,z-ai/glm-4.7-flash-20260119,Cloudflare,standard,false,true,,stop,stop,209,209,MSCodeBase 1-L live arm,test567,false
gen-1786829763-80M7NIGAQsy2dFcvSyj6,2026-08-15 21:36:03.759,0.000026,,-0.000003,,0,439,8,0,64,z-ai/glm-4.7-flash-20260119,Venice,standard,false,true,,stop,stop,582,582,MSCodeBase 1-L live arm,test567,false
gen-1786829762-gs2t1cJouQblh0uLtxw6,2026-08-15 21:36:02.547,0.000028,,-0.000003,,0,480,8,0,64,z-ai/glm-4.7-flash-20260119,Venice,standard,false,true,,stop,stop,596,596,MSCodeBase 1-L live arm,test567,false
gen-1786829761-T9fzYtTREBwBmeJyR04H,2026-08-15 21:36:01.196,0.000027,,-0.000003,,0,458,8,0,64,z-ai/glm-4.7-flash-20260119,Venice,standard,false,true,,stop,stop,726,726,MSCodeBase 1-L live arm,test567,false
gen-1786829759-5CuqvDGKMH5hxGjkKntX,2026-08-15 21:35:59.784,0.000031,,,,0,469,8,0,0,z-ai/glm-4.7-flash-20260119,Cloudflare,standard,false,true,,stop,stop,812,812,MSCodeBase 1-L live arm,test567,false
gen-1786829758-Wz7Zv3xzPJOJOybetGoR,2026-08-15 21:35:58.509,0.000027,,-0.000003,,0,463,8,0,64,z-ai/glm-4.7-flash-20260119,Venice,standard,false,true,,stop,stop,649,649,MSCodeBase 1-L live arm,test567,false
gen-1786829757-QSDpO6YUfD6omPkbzPUw,2026-08-15 21:35:57.401,0.000039,,-0.000003,,0,670,8,0,64,z-ai/glm-4.7-flash-20260119,DeepInfra,standard,false,true,,stop,stop,382,382,MSCodeBase 1-L live arm,test567,false
gen-1786829756-DMxwyoJYqyyLiLq2ashz,2026-08-15 21:35:56.154,0.000028,,,,0,418,8,0,0,z-ai/glm-4.7-flash-20260119,Cloudflare,standard,false,true,,stop,stop,625,625,MSCodeBase 1-L live arm,test567,false
gen-1786829754-kJcvNKpO6oPYuILsKMaX,2026-08-15 21:35:54.946,0.000028,,,,0,428,8,0,0,z-ai/glm-4.7-flash-20260119,Cloudflare,standard,false,true,,stop,stop,604,604,MSCodeBase 1-L live arm,test567,false
gen-1786829753-HGG4MrUj7RAC7j6UmcR7,2026-08-15 21:35:53.773,0.000024,,-0.000003,,0,405,8,0,64,z-ai/glm-4.7-flash-20260119,Venice,standard,false,true,,stop,stop,563,563,MSCodeBase 1-L live arm,test567,false
gen-1786829750-aC8Pk9pqgiEmOlHfYauW,2026-08-15 21:35:50.921,0.000027,,-0.000003,,0,465,8,0,64,z-ai/glm-4.7-flash-20260119,Venice,standard,false,true,,stop,stop,2249,2249,MSCodeBase 1-L live arm,test567,false
gen-1786829750-puuh4OpSIpWBDo7yFbjJ,2026-08-15 21:35:50.104,0.000031,,,,0,466,8,0,0,z-ai/glm-4.7-flash-20260119,Cloudflare,standard,false,true,,stop,stop,205,205,MSCodeBase 1-L live arm,test567,false
gen-1786829748-v2KhkfhSmFjPH6JBI6O1,2026-08-15 21:35:48.803,0.000029,,,,0,434,8,0,0,z-ai/glm-4.7-flash-20260119,Cloudflare,standard,false,true,,stop,stop,692,692,MSCodeBase 1-L live arm,test567,false
gen-1786829747-FGItw98skUQYero4HEA9,2026-08-15 21:35:47.222,0.000027,,-0.000003,,0,458,8,0,64,z-ai/glm-4.7-flash-20260119,Venice,standard,false,true,,stop,stop,929,929,MSCodeBase 1-L live arm,test567,false
gen-1786829746-QQnbsLQ4afZR13YYEYfb,2026-08-15 21:35:46.242,0.000034,,,,0,526,8,0,0,z-ai/glm-4.7-flash-20260119,Cloudflare,standard,false,true,,stop,stop,345,345,MSCodeBase 1-L live arm,test567,false
gen-1786829745-evXZH5UF2ElYIoDTCd2B,2026-08-15 21:35:45.352,0.00005,,,,0,783,8,0,0,z-ai/glm-4.7-flash-20260119,Cloudflare,standard,false,true,,stop,stop,270,270,MSCodeBase 1-L live arm,test567,false
gen-1786829743-AGzqo3mOWrpKZfqvKwpd,2026-08-15 21:35:43.421,0.000038,,,,0,598,8,0,0,z-ai/glm-4.7-flash-20260119,Venice,standard,false,true,,stop,stop,1314,1314,MSCodeBase 1-L live arm,test567,false
gen-1786829742-BUX2pvzpFpEVBF2PhZZn,2026-08-15 21:35:42.197,0.000037,,,,0,571,8,0,0,z-ai/glm-4.7-flash-20260119,Cloudflare,standard,false,true,,stop,stop,602,602,MSCodeBase 1-L live arm,test567,false
gen-1786829740-Ayh9AuIzKDgTC4ddi4kY,2026-08-15 21:35:40.701,0.000035,,,,0,538,8,0,0,z-ai/glm-4.7-flash-20260119,Cloudflare,standard,false,true,,stop,stop,886,886,MSCodeBase 1-L live arm,test567,false
gen-1786829739-IUhUcK8wOFFMZt0t1q9r,2026-08-15 21:35:39.879,0.000039,,,,0,614,8,0,0,z-ai/glm-4.7-flash-20260119,Cloudflare,standard,false,true,,stop,stop,212,212,MSCodeBase 1-L live arm,test567,false
gen-1786829737-gLG7bz5Nk9GRPbkMAmUJ,2026-08-15 21:35:37.701,0.000037,,,,0,570,8,0,0,deepseek/deepseek-v4-flash-20260423,StreamLake,standard,false,true,,stop,stop,1886,1886,MSCodeBase 1-L live arm,test567,false
gen-1786829732-byhCbnOBZSxLf3UhOrJo,2026-08-15 21:35:32.263,0.000037,,,,0,576,8,0,0,deepseek/deepseek-v4-flash-20260423,StreamLake,standard,false,true,,stop,stop,4832,4832,MSCodeBase 1-L live arm,test567,false
gen-1786829730-yrWraKWf835eygYTYMSO,2026-08-15 21:35:30.039,0.000037,,,,0,577,8,0,0,deepseek/deepseek-v4-flash-20260423,StreamLake,standard,false,true,,stop,stop,1613,1613,MSCodeBase 1-L live arm,test567,false
gen-1786829723-CnTsFqcV3RP6lzQgJ2uq,2026-08-15 21:35:23.402,0.000028,,,,0,427,8,0,0,deepseek/deepseek-v4-flash-20260423,StreamLake,standard,false,true,,stop,stop,6012,6012,MSCodeBase 1-L live arm,test567,false
gen-1786829721-g71cRKWfjLfEfhlIykzf,2026-08-15 21:35:21.195,0.000031,,,,0,483,8,0,0,deepseek/deepseek-v4-flash-20260423,StreamLake,standard,false,true,,stop,stop,1611,1611,MSCodeBase 1-L live arm,test567,false
gen-1786829719-dfyXMWjXTRyKo2BGgr12,2026-08-15 21:35:19.186,0.000026,,,,0,408,8,0,0,deepseek/deepseek-v4-flash-20260423,StreamLake,standard,false,true,,stop,stop,1209,1209,MSCodeBase 1-L live arm,test567,false
gen-1786829716-QW5XPhX8B68DkEAzGQ3P,2026-08-15 21:35:16.808,0.000028,,,,0,428,8,0,0,deepseek/deepseek-v4-flash-20260423,StreamLake,standard,false,true,,stop,stop,1793,1793,MSCodeBase 1-L live arm,test567,false
gen-1786829714-Iqk7fxLbdjUgAMYG0lMN,2026-08-15 21:35:14.848,0.000026,,,,0,393,8,0,0,deepseek/deepseek-v4-flash-20260423,StreamLake,standard,false,true,,stop,stop,1347,1347,MSCodeBase 1-L live arm,test567,false
gen-1786829712-WiaunAj0vhkewcXHXalZ,2026-08-15 21:35:12.702,0.000029,,,,0,442,8,0,0,deepseek/deepseek-v4-flash-20260423,StreamLake,standard,false,true,,stop,stop,1520,1520,MSCodeBase 1-L live arm,test567,false
gen-1786829710-WNUrmvbHu0N3UakHRJ3p,2026-08-15 21:35:10.182,0.000037,,,,0,573,8,0,0,deepseek/deepseek-v4-flash-20260423,StreamLake,standard,false,true,,stop,stop,1917,1917,MSCodeBase 1-L live arm,test567,false
gen-1786829707-KMp6UFVz7w4nvFw4FS9B,2026-08-15 21:35:07.860,0.000037,,,,0,574,8,0,0,deepseek/deepseek-v4-flash-20260423,StreamLake,standard,false,true,,stop,stop,1724,1724,MSCodeBase 1-L live arm,test567,false
gen-1786829705-TRllmWXOyzVzQJwN4yN2,2026-08-15 21:35:05.887,0.000037,,,,0,574,8,0,0,deepseek/deepseek-v4-flash-20260423,StreamLake,standard,false,true,,stop,stop,1370,1370,MSCodeBase 1-L live arm,test567,false
gen-1786829704-fx0OV2CHoL1YJBTzKNk1,2026-08-15 21:35:04.198,0.000037,,,,0,574,8,0,0,deepseek/deepseek-v4-flash-20260423,StreamLake,standard,false,true,,stop,stop,1089,1089,MSCodeBase 1-L live arm,test567,false
gen-1786829698-WpNd71A0SjeU49sUpA2l,2026-08-15 21:34:58.095,0.000037,,,,0,574,8,0,0,deepseek/deepseek-v4-flash-20260423,StreamLake,standard,false,true,,stop,stop,5492,5492,MSCodeBase 1-L live arm,test567,false
gen-1786829696-L7zGAxA5KE0j2hOLMY5M,2026-08-15 21:34:56.450,0.000037,,,,0,576,8,0,0,deepseek/deepseek-v4-flash-20260423,StreamLake,standard,false,true,,stop,stop,1036,1036,MSCodeBase 1-L live arm,test567,false
gen-1786829694-vliqMXODtol7bf99toTS,2026-08-15 21:34:54.158,0.000037,,,,0,573,8,0,0,deepseek/deepseek-v4-flash-20260423,StreamLake,standard,false,true,,stop,stop,1626,1626,MSCodeBase 1-L live arm,test567,false
gen-1786829692-0PMi8QLh24zYj30h74cO,2026-08-15 21:34:52.062,0.000037,,,,0,575,8,0,0,deepseek/deepseek-v4-flash-20260423,StreamLake,standard,false,true,,stop,stop,1468,1468,MSCodeBase 1-L live arm,test567,false
gen-1786829690-nVhN27wIF8l0YMSIVkYB,2026-08-15 21:34:50.211,0.000037,,,,0,576,8,0,0,deepseek/deepseek-v4-flash-20260423,StreamLake,standard,false,true,,stop,stop,1138,1138,MSCodeBase 1-L live arm,test567,false
gen-1786829683-8VadxNA85y0Gm9lUHkt8,2026-08-15 21:34:43.166,0.000037,,,,0,572,8,0,0,deepseek/deepseek-v4-flash-20260423,StreamLake,standard,false,true,,stop,stop,6453,6453,MSCodeBase 1-L live arm,test567,false
gen-1786829681-TRWaPyBoAiDSZmBxynfl,2026-08-15 21:34:41.181,0.000037,,,,0,573,8,0,0,deepseek/deepseek-v4-flash-20260423,StreamLake,standard,false,true,,stop,stop,1383,1383,MSCodeBase 1-L live arm,test567,false
gen-1786829679-7Ras5tBerBH3Pqm1k8nF,2026-08-15 21:34:39.370,0.000037,,,,0,574,8,0,0,deepseek/deepseek-v4-flash-20260423,StreamLake,standard,false,true,,stop,stop,1199,1199,MSCodeBase 1-L live arm,test567,false
gen-1786829676-P979XaLuwHWd3ha5SG13,2026-08-15 21:34:36.801,0.000037,,,,0,577,8,0,0,deepseek/deepseek-v4-flash-20260423,StreamLake,standard,false,true,,stop,stop,1946,1946,MSCodeBase 1-L live arm,test567,false
gen-1786829674-omdwedx4lktezG6kmSYJ,2026-08-15 21:34:34.835,0.000037,,,,0,575,8,0,0,deepseek/deepseek-v4-flash-20260423,StreamLake,standard,false,true,,stop,stop,1184,1184,MSCodeBase 1-L live arm,test567,false
gen-1786829673-MJeT4J7dX22wTjcEHnRR,2026-08-15 21:34:33.176,0.000037,,,,0,576,8,0,0,deepseek/deepseek-v4-flash-20260423,StreamLake,standard,false,true,,stop,stop,1050,1050,MSCodeBase 1-L live arm,test567,false
gen-1786829671-plxwYcZpid6NKTU9pLop,2026-08-15 21:34:31.391,0.000037,,,,0,574,8,0,0,deepseek/deepseek-v4-flash-20260423,StreamLake,standard,false,true,,stop,stop,1174,1174,MSCodeBase 1-L live arm,test567,false
gen-1786829666-TBYkIWm3qcq0NLowAjBb,2026-08-15 21:34:26.173,0.000023,,,,0,355,8,0,0,deepseek/deepseek-v4-flash-20260423,StreamLake,standard,false,true,,stop,stop,4617,4617,MSCodeBase 1-L live arm,test567,false
gen-1786829663-PgNaxq1vZMGFgdoHxW8C,2026-08-15 21:34:23.590,0.000031,,,,0,473,8,0,0,deepseek/deepseek-v4-flash-20260423,StreamLake,standard,false,true,,stop,stop,1979,1979,MSCodeBase 1-L live arm,test567,false
gen-1786829660-ALGQyfx4cRAK2DTOOyCg,2026-08-15 21:34:20.102,0.000024,,,,0,375,8,0,0,deepseek/deepseek-v4-flash-20260423,StreamLake,standard,false,true,,stop,stop,2851,2851,MSCodeBase 1-L live arm,test567,false
gen-1786829657-PLwmTuWtNkT4mKvG0XN2,2026-08-15 21:34:17.958,0.000035,,,,0,546,8,0,0,deepseek/deepseek-v4-flash-20260423,StreamLake,standard,false,true,,stop,stop,1532,1532,MSCodeBase 1-L live arm,test567,false
gen-1786829656-H6ZRJLxmizM39IWvNoq0,2026-08-15 21:34:16.440,0.00003,,,,0,468,8,0,0,deepseek/deepseek-v4-flash-20260423,StreamLake,standard,false,true,,stop,stop,887,887,MSCodeBase 1-L live arm,test567,false
gen-1786829654-9NmgVKBzE0SDwYBexNeH,2026-08-15 21:34:14.583,0.000034,,,,0,528,8,0,0,deepseek/deepseek-v4-flash-20260423,StreamLake,standard,false,true,,stop,stop,1241,1241,MSCodeBase 1-L live arm,test567,false
gen-1786829652-S0vEO61MhsBJv7GLN8Ex,2026-08-15 21:34:12.633,0.000028,,,,0,437,8,0,0,deepseek/deepseek-v4-flash-20260423,StreamLake,standard,false,true,,stop,stop,1347,1347,MSCodeBase 1-L live arm,test567,false
gen-1786829650-lN48L1oUNahQgfbZOlEF,2026-08-15 21:34:10.543,0.000033,,,,0,518,8,0,0,deepseek/deepseek-v4-flash-20260423,StreamLake,standard,false,true,,stop,stop,1469,1469,MSCodeBase 1-L live arm,test567,false
gen-1786829648-hnHfNVkwiSJUufHI90CT,2026-08-15 21:34:08.267,0.000034,,,,0,528,8,0,0,deepseek/deepseek-v4-flash-20260423,StreamLake,standard,false,true,,stop,stop,1661,1661,MSCodeBase 1-L live arm,test567,false
gen-1786829645-NooMX5tyxxc8ZOy7dG1l,2026-08-15 21:34:05.480,0.000034,,,,0,527,8,0,0,deepseek/deepseek-v4-flash-20260423,StreamLake,standard,false,true,,stop,stop,2202,2202,MSCodeBase 1-L live arm,test567,false
gen-1786829643-T8iqos1k0wxZPodCgizP,2026-08-15 21:34:03.764,0.000032,,,,0,498,8,0,0,deepseek/deepseek-v4-flash-20260423,StreamLake,standard,false,true,,stop,stop,1116,1116,MSCodeBase 1-L live arm,test567,false
gen-1786829641-dTXJbtDaUbYhG3szcYXe,2026-08-15 21:34:01.718,0.000046,,,,0,711,8,0,0,deepseek/deepseek-v4-flash-20260423,StreamLake,standard,false,true,,stop,stop,1440,1440,MSCodeBase 1-L live arm,test567,false
gen-1786829639-IkGI0DJf6xRjlYogf64b,2026-08-15 21:33:59.374,0.000029,,,,0,447,8,0,0,deepseek/deepseek-v4-flash-20260423,StreamLake,standard,false,true,,stop,stop,1735,1735,MSCodeBase 1-L live arm,test567,false
gen-1786829637-8Qdxr4oYi9Xx7Kj7TbMl,2026-08-15 21:33:57.406,0.000029,,,,0,452,8,0,0,deepseek/deepseek-v4-flash-20260423,StreamLake,standard,false,true,,stop,stop,1354,1354,MSCodeBase 1-L live arm,test567,false
gen-1786829635-0VZgwqm6uVaSLhI0TLZO,2026-08-15 21:33:55.021,0.000027,,,,0,423,8,0,0,deepseek/deepseek-v4-flash-20260423,StreamLake,standard,false,true,,stop,stop,1787,1787,MSCodeBase 1-L live arm,test567,false
gen-1786829632-pH6zCoB8Q1w4uHxFLINE,2026-08-15 21:33:52.876,0.000032,,,,0,498,8,0,0,deepseek/deepseek-v4-flash-20260423,StreamLake,standard,false,true,,stop,stop,1543,1543,MSCodeBase 1-L live arm,test567,false
gen-1786829627-Ht44y7MVpsU80BCeuHAs,2026-08-15 21:33:47.086,0.000032,,,,0,499,8,0,0,deepseek/deepseek-v4-flash-20260423,StreamLake,standard,false,true,,stop,stop,5200,5200,MSCodeBase 1-L live arm,test567,false
gen-1786829624-8uNo27PY5st42CVpJbJO,2026-08-15 21:33:44.775,0.000031,,,,0,486,8,0,0,deepseek/deepseek-v4-flash-20260423,StreamLake,standard,false,true,,stop,stop,1709,1709,MSCodeBase 1-L live arm,test567,false
gen-1786829622-7OUknVSTBdziWVlrJRVB,2026-08-15 21:33:42.629,0.000033,,,,0,506,8,0,0,deepseek/deepseek-v4-flash-20260423,StreamLake,standard,false,true,,stop,stop,1556,1556,MSCodeBase 1-L live arm,test567,false
gen-1786829620-c5Vs6NP8pdM9b7wtrRWn,2026-08-15 21:33:40.432,0.000036,,,,0,557,8,0,0,deepseek/deepseek-v4-flash-20260423,StreamLake,standard,false,true,,stop,stop,1596,1596,MSCodeBase 1-L live arm,test567,false
gen-1786829616-3apdf38JEvGbzH5QNdwq,2026-08-15 21:33:36.297,0.000054,,,,0,837,8,0,0,deepseek/deepseek-v4-flash-20260423,StreamLake,standard,false,true,,stop,stop,3544,3544,MSCodeBase 1-L live arm,test567,false
gen-1786829614-g8vl8HLZfD55Js9Cd9nJ,2026-08-15 21:33:34.693,0.000041,,,,0,640,8,0,0,deepseek/deepseek-v4-flash-20260423,StreamLake,standard,false,true,,stop,stop,995,995,MSCodeBase 1-L live arm,test567,false
gen-1786829613-fymv01dutbxLlVZ7YGgk,2026-08-15 21:33:33.069,0.000039,,,,0,609,8,0,0,deepseek/deepseek-v4-flash-20260423,StreamLake,standard,false,true,,stop,stop,985,985,MSCodeBase 1-L live arm,test567,false
gen-1786829610-tzn6MjsH7LRjrc21JAGy,2026-08-15 21:33:30.650,0.000037,,,,0,572,8,0,0,deepseek/deepseek-v4-flash-20260423,StreamLake,standard,false,true,,stop,stop,1820,1820,MSCodeBase 1-L live arm,test567,false
gen-1786829608-oDKf5hBGGWMqSQlrPnsk,2026-08-15 21:33:28.679,0.000041,,,,0,641,8,0,0,deepseek/deepseek-v4-flash-20260423,StreamLake,standard,false,true,,stop,stop,1328,1328,MSCodeBase 1-L live arm,test567,false
gen-1786829607-xPnrWfWRvSpEkAvEY22E,2026-08-15 21:33:27.475,0.000018,,,,0,571,11,0,0,qwen/qwen3.7-flash-20260727,Alibaba,standard,false,true,,stop,stop,895,895,MSCodeBase 1-L live arm,test567,false
gen-1786829605-Hymxu57CCjhOYCKgt6Ez,2026-08-15 21:33:25.946,0.000018,,,,0,576,11,0,0,qwen/qwen3.7-flash-20260727,Alibaba,standard,false,true,,stop,stop,899,899,MSCodeBase 1-L live arm,test567,false
gen-1786829604-O6mnfFzGlEOCyBZQMSjJ,2026-08-15 21:33:24.518,0.000018,,,,0,576,11,0,0,qwen/qwen3.7-flash-20260727,Alibaba,standard,false,true,,stop,stop,816,816,MSCodeBase 1-L live arm,test567,false
gen-1786829603-qjFkrdKhEsE8Na3Mlztp,2026-08-15 21:33:23.338,0.000014,,,,0,436,12,0,0,qwen/qwen3.7-flash-20260727,Alibaba,standard,false,true,,stop,stop,584,584,MSCodeBase 1-L live arm,test567,false
gen-1786829602-GYFLCwfdu4IGk4NKNLJq,2026-08-15 21:33:22.106,0.000015,,,,0,483,12,0,0,qwen/qwen3.7-flash-20260727,Alibaba,standard,false,true,,stop,stop,627,627,MSCodeBase 1-L live arm,test567,false
gen-1786829600-fA5ipAfKFsiZXy8GRZhn,2026-08-15 21:33:20.708,0.000013,,,,0,411,12,0,0,qwen/qwen3.7-flash-20260727,Alibaba,standard,false,true,,stop,stop,779,779,MSCodeBase 1-L live arm,test567,false
gen-1786829599-p2AxvwyDH4OWldasPoBm,2026-08-15 21:33:19.333,0.000014,,,,0,439,12,0,0,qwen/qwen3.7-flash-20260727,Alibaba,standard,false,true,,stop,stop,686,686,MSCodeBase 1-L live arm,test567,false
gen-1786829597-P2lEH6vibVxS2rgWVEoG,2026-08-15 21:33:17.866,0.000013,,,,0,392,11,0,0,qwen/qwen3.7-flash-20260727,Alibaba,standard,false,true,,stop,stop,863,863,MSCodeBase 1-L live arm,test567,false
gen-1786829596-qJtxCIxbHkHeDH07nfwf,2026-08-15 21:33:16.415,0.000014,,,,0,440,11,0,0,qwen/qwen3.7-flash-20260727,Alibaba,standard,false,true,,stop,stop,821,821,MSCodeBase 1-L live arm,test567,false
gen-1786829595-qjvhLneLtAyMGJnPummi,2026-08-15 21:33:15.037,0.000018,,,,0,573,11,0,0,qwen/qwen3.7-flash-20260727,Alibaba,standard,false,true,,stop,stop,769,769,MSCodeBase 1-L live arm,test567,false
gen-1786829593-gEhUnkP7ZFKnorVwVTzN,2026-08-15 21:33:13.603,0.000018,,,,0,573,11,0,0,qwen/qwen3.7-flash-20260727,Alibaba,standard,false,true,,stop,stop,813,813,MSCodeBase 1-L live arm,test567,false
gen-1786829592-OtOSSA9HBZxqozJsKNuB,2026-08-15 21:33:12.239,0.000018,,,,0,574,11,0,0,qwen/qwen3.7-flash-20260727,Alibaba,standard,false,true,,stop,stop,735,735,MSCodeBase 1-L live arm,test567,false
gen-1786829590-DuwYco25QS0qzrObqYwk,2026-08-15 21:33:10.807,0.000018,,,,0,573,11,0,0,qwen/qwen3.7-flash-20260727,Alibaba,standard,false,true,,stop,stop,802,802,MSCodeBase 1-L live arm,test567,false
gen-1786829589-ZBZanq1jxfePCUsuXS2T,2026-08-15 21:33:09.287,0.000018,,,,0,574,11,0,0,qwen/qwen3.7-flash-20260727,Alibaba,standard,false,true,,stop,stop,902,902,MSCodeBase 1-L live arm,test567,false
gen-1786829587-sXeBuLtViwz7w8YJXwcH,2026-08-15 21:33:07.342,0.000018,,,,0,575,11,0,0,qwen/qwen3.7-flash-20260727,Alibaba,standard,false,true,,stop,stop,1339,1339,MSCodeBase 1-L live arm,test567,false
gen-1786829586-EixDYKW8icnYA5mCZ6Na,2026-08-15 21:33:06.019,0.000018,,,,0,573,11,0,0,qwen/qwen3.7-flash-20260727,Alibaba,standard,false,true,,stop,stop,728,728,MSCodeBase 1-L live arm,test567,false
gen-1786829584-I1pkn8dgJUDCezO7foTu,2026-08-15 21:33:04.449,0.000018,,,,0,575,11,0,0,qwen/qwen3.7-flash-20260727,Alibaba,standard,false,true,,stop,stop,930,930,MSCodeBase 1-L live arm,test567,false
gen-1786829583-MuEaWMyWodPyxKImy2Kl,2026-08-15 21:33:03.023,0.000018,,,,0,575,11,0,0,qwen/qwen3.7-flash-20260727,Alibaba,standard,false,true,,stop,stop,847,847,MSCodeBase 1-L live arm,test567,false
gen-1786829581-wo5PMB6WI40n2GQ9AGup,2026-08-15 21:33:01.728,0.000018,,,,0,571,11,0,0,qwen/qwen3.7-flash-20260727,Alibaba,standard,false,true,,stop,stop,667,667,MSCodeBase 1-L live arm,test567,false
gen-1786829580-g1PqkNmpjaN4RPQ7WGEf,2026-08-15 21:33:00.335,0.000018,,,,0,573,11,0,0,qwen/qwen3.7-flash-20260727,Alibaba,standard,false,true,,stop,stop,780,780,MSCodeBase 1-L live arm,test567,false
gen-1786829578-5qvVvsEriYkdtO2Yxt5g,2026-08-15 21:32:58.923,0.000018,,,,0,573,11,0,0,qwen/qwen3.7-flash-20260727,Alibaba,standard,false,true,,stop,stop,807,807,MSCodeBase 1-L live arm,test567,false
gen-1786829577-LFead8jxMXUWtkuOmodK,2026-08-15 21:32:57.493,0.000018,,,,0,575,11,0,0,qwen/qwen3.7-flash-20260727,Alibaba,standard,false,true,,stop,stop,832,832,MSCodeBase 1-L live arm,test567,false
gen-1786829576-coJOOFGXoUYp1EIHWsgM,2026-08-15 21:32:56.169,0.000018,,,,0,575,11,0,0,qwen/qwen3.7-flash-20260727,Alibaba,standard,false,true,,stop,stop,723,723,MSCodeBase 1-L live arm,test567,false
gen-1786829574-j4S7vF0FsIXqsWv5xkfM,2026-08-15 21:32:54.816,0.000018,,,,0,575,11,0,0,qwen/qwen3.7-flash-20260727,Alibaba,standard,false,true,,stop,stop,727,727,MSCodeBase 1-L live arm,test567,false
gen-1786829573-yiqX7MO5aC7Y0iGv4wHr,2026-08-15 21:32:53.389,0.000018,,,,0,573,11,0,0,qwen/qwen3.7-flash-20260727,Alibaba,standard,false,true,,stop,stop,813,813,MSCodeBase 1-L live arm,test567,false
gen-1786829571-JeusnZBlyPHrFv5eTbU8,2026-08-15 21:32:51.988,0.000012,,,,0,358,12,0,0,qwen/qwen3.7-flash-20260727,Alibaba,standard,false,true,,stop,stop,775,775,MSCodeBase 1-L live arm,test567,false
gen-1786829570-g6h9KDQyfidSngSHFULV,2026-08-15 21:32:50.623,0.000015,,,,0,484,11,0,0,qwen/qwen3.7-flash-20260727,Alibaba,standard,false,true,,stop,stop,756,756,MSCodeBase 1-L live arm,test567,false
gen-1786829569-RjY7uGKlAiMuTulzZPzS,2026-08-15 21:32:49.178,0.000012,,,,0,382,12,0,0,qwen/qwen3.7-flash-20260727,Alibaba,standard,false,true,,stop,stop,852,852,MSCodeBase 1-L live arm,test567,false
gen-1786829567-XUVhzNIVqsVpw9ZRdZUC,2026-08-15 21:32:47.679,0.000017,,,,0,547,11,0,0,qwen/qwen3.7-flash-20260727,Alibaba,standard,false,true,,stop,stop,886,886,MSCodeBase 1-L live arm,test567,false
gen-1786829566-Bug3BsKWn1pThyo7hYbl,2026-08-15 21:32:46.234,0.000015,,,,0,485,11,0,0,qwen/qwen3.7-flash-20260727,Alibaba,standard,false,true,,stop,stop,816,816,MSCodeBase 1-L live arm,test567,false
gen-1786829564-FWVH8b3smEcEoXHYrA6D,2026-08-15 21:32:44.937,0.000017,,,,0,536,11,0,0,qwen/qwen3.7-flash-20260727,Alibaba,standard,false,true,,stop,stop,686,686,MSCodeBase 1-L live arm,test567,false
gen-1786829563-vyGyyBlkaoxq1riNiea5,2026-08-15 21:32:43.530,0.000014,,,,0,442,11,0,0,qwen/qwen3.7-flash-20260727,Alibaba,standard,false,true,,stop,stop,717,717,MSCodeBase 1-L live arm,test567,false
gen-1786829561-g5C9LjFQBZqvvmhQWusz,2026-08-15 21:32:41.603,0.000016,,,,0,509,11,0,0,qwen/qwen3.7-flash-20260727,Alibaba,standard,false,true,,stop,stop,1331,1331,MSCodeBase 1-L live arm,test567,false
gen-1786829560-jqP96V0yledQUjtPy90A,2026-08-15 21:32:40.133,0.000016,,,,0,493,12,0,0,qwen/qwen3.7-flash-20260727,Alibaba,standard,false,true,,stop,stop,856,856,MSCodeBase 1-L live arm,test567,false
gen-1786829558-h6KM9A1Vs6JqP3mWx8h0,2026-08-15 21:32:38.599,0.000016,,,,0,506,12,0,0,qwen/qwen3.7-flash-20260727,Alibaba,standard,false,true,,stop,stop,915,915,MSCodeBase 1-L live arm,test567,false
gen-1786829557-PJXQ7Xh6wIJ99SnsDA4q,2026-08-15 21:32:37.145,0.000016,,,,0,511,11,0,0,qwen/qwen3.7-flash-20260727,Alibaba,standard,false,true,,stop,stop,827,827,MSCodeBase 1-L live arm,test567,false
gen-1786829555-TIROcJAygCt48rnieq4J,2026-08-15 21:32:35.513,0.000022,,,,0,712,12,0,0,qwen/qwen3.7-flash-20260727,Alibaba,standard,false,true,,stop,stop,913,913,MSCodeBase 1-L live arm,test567,false
gen-1786829554-Zjgx7YjEoQOZyYqqV57k,2026-08-15 21:32:34.239,0.000015,,,,0,460,12,0,0,qwen/qwen3.7-flash-20260727,Alibaba,standard,false,true,,stop,stop,650,650,MSCodeBase 1-L live arm,test567,false
gen-1786829552-cZESte2YD6aSYQhx1Hwn,2026-08-15 21:32:32.935,0.000015,,,,0,461,12,0,0,qwen/qwen3.7-flash-20260727,Alibaba,standard,false,true,,stop,stop,696,696,MSCodeBase 1-L live arm,test567,false
gen-1786829551-tO13OUeI96iqvfdf4Fbi,2026-08-15 21:32:31.712,0.000014,,,,0,449,11,0,0,qwen/qwen3.7-flash-20260727,Alibaba,standard,false,true,,stop,stop,614,614,MSCodeBase 1-L live arm,test567,false
gen-1786829549-BOwSPuEOYpJpFIOpimMk,2026-08-15 21:32:29.977,0.000015,,,,0,481,11,0,0,qwen/qwen3.7-flash-20260727,Alibaba,standard,false,true,,stop,stop,1130,1130,MSCodeBase 1-L live arm,test567,false
gen-1786829548-2PMQGqA5YLyatT0F5YMt,2026-08-15 21:32:28.430,0.000015,,,,0,483,11,0,0,qwen/qwen3.7-flash-20260727,Alibaba,standard,false,true,,stop,stop,942,942,MSCodeBase 1-L live arm,test567,false
gen-1786829546-Ol0dVOk7MP5wMVw16Grj,2026-08-15 21:32:26.751,0.000015,,,,0,474,12,0,0,qwen/qwen3.7-flash-20260727,Alibaba,standard,false,true,,stop,stop,1074,1074,MSCodeBase 1-L live arm,test567,false
gen-1786829545-3EepcVtIkotHBmDZGZtx,2026-08-15 21:32:25.469,0.000016,,,,0,502,11,0,0,qwen/qwen3.7-flash-20260727,Alibaba,standard,false,true,,stop,stop,658,658,MSCodeBase 1-L live arm,test567,false
gen-1786829544-t54S1GkwkxDb5CX1JjJG,2026-08-15 21:32:24.112,0.000018,,,,0,571,12,0,0,qwen/qwen3.7-flash-20260727,Alibaba,standard,false,true,,stop,stop,741,741,MSCodeBase 1-L live arm,test567,false
gen-1786829542-Du3xA6rwpjHLB95awHtB,2026-08-15 21:32:22.823,0.000026,,,,0,828,11,0,0,qwen/qwen3.7-flash-20260727,Alibaba,standard,false,true,,stop,stop,688,688,MSCodeBase 1-L live arm,test567,false
gen-1786829541-Q7Id3OmGsLEAACkA5lPj,2026-08-15 21:32:21.362,0.00002,,,,0,650,11,0,0,qwen/qwen3.7-flash-20260727,Alibaba,standard,false,true,,stop,stop,712,712,MSCodeBase 1-L live arm,test567,false
gen-1786829540-QQqPHQn1W0p4O9cs09vp,2026-08-15 21:32:20.040,0.00002,,,,0,627,12,0,0,qwen/qwen3.7-flash-20260727,Alibaba,standard,false,true,,stop,stop,702,702,MSCodeBase 1-L live arm,test567,false
gen-1786829538-72HoGT1oXKBNdfbuqbSj,2026-08-15 21:32:18.818,0.000018,,,,0,573,11,0,0,qwen/qwen3.7-flash-20260727,Alibaba,standard,false,true,,stop,stop,601,601,MSCodeBase 1-L live arm,test567,false
gen-1786829537-smK8BdF6qCUz8LQua5hO,2026-08-15 21:32:17.145,0.00002,,,,0,652,12,0,0,qwen/qwen3.7-flash-20260727,Alibaba,standard,false,true,,stop,stop,917,917,MSCodeBase 1-L live arm,test567,false
gen-1786828699-ZasZyWOHhLqrmPnU3FaE,2026-08-15 21:18:19.387,0.000013,,-0.000003,,0,220,8,0,64,z-ai/glm-4.7-flash-20260119,DeepInfra,standard,false,true,,stop,stop,498,498,MSCodeBase 1-L live arm,test567,false
gen-1786828693-4wnI8YFd2LWNWVaNoTUO,2026-08-15 21:18:13.255,0.000013,,-0.000003,,0,226,8,0,64,z-ai/glm-4.7-flash-20260119,DeepInfra,standard,false,true,,stop,stop,5554,5554,MSCodeBase 1-L live arm,test567,false
gen-1786828691-BuUg2pOBokQX3iosjNkV,2026-08-15 21:18:11.675,0.000013,,-0.000003,,0,227,8,0,64,z-ai/glm-4.7-flash-20260119,DeepInfra,standard,false,true,,stop,stop,979,979,MSCodeBase 1-L live arm,test567,false
gen-1786828690-HrPguMha82aKG1zp7Fyv,2026-08-15 21:18:10.553,0.000014,,-0.000003,,0,244,8,0,64,z-ai/glm-4.7-flash-20260119,DeepInfra,standard,false,true,,stop,stop,510,510,MSCodeBase 1-L live arm,test567,false
gen-1786828689-Jvbw6W4WefxaY9JNF5CS,2026-08-15 21:18:09.599,0.000009,,-0.000003,,0,157,8,0,64,z-ai/glm-4.7-flash-20260119,DeepInfra,standard,false,true,,stop,stop,326,326,MSCodeBase 1-L live arm,test567,false
gen-1786828688-7n6KogjGVKVkTk00XWty,2026-08-15 21:18:08.598,0.000009,,-0.000003,,0,159,8,0,64,z-ai/glm-4.7-flash-20260119,DeepInfra,standard,false,true,,stop,stop,380,380,MSCodeBase 1-L live arm,test567,false
gen-1786828687-haBcprWJNnestKm1Xj1E,2026-08-15 21:18:07.502,0.000017,,,,0,244,8,0,0,z-ai/glm-4.7-flash-20260119,Cloudflare,standard,false,true,,stop,stop,457,457,MSCodeBase 1-L live arm,test567,false
gen-1786828686-MyiEARmNgYU68ci9RLU8,2026-08-15 21:18:06.152,0.000009,,-0.000003,,0,159,8,0,64,z-ai/glm-4.7-flash-20260119,DeepInfra,standard,false,true,,stop,stop,725,725,MSCodeBase 1-L live arm,test567,false
gen-1786828685-PTy8gBoc7lPLEODhZ5vB,2026-08-15 21:18:05.006,0.000014,,-0.000003,,0,243,8,0,64,z-ai/glm-4.7-flash-20260119,DeepInfra,standard,false,true,,stop,stop,525,525,MSCodeBase 1-L live arm,test567,false
gen-1786828683-UH3VThLZT7ZKFuOsvaNh,2026-08-15 21:18:03.402,0.000013,,-0.000003,,0,223,8,0,64,z-ai/glm-4.7-flash-20260119,DeepInfra,standard,false,true,,stop,stop,324,324,MSCodeBase 1-L live arm,test567,false
gen-1786828682-LeKKXRubBFaMd1QdWmtq,2026-08-15 21:18:02.570,0.000016,,,,0,222,8,0,0,z-ai/glm-4.7-flash-20260119,Cloudflare,standard,false,true,,stop,stop,205,205,MSCodeBase 1-L live arm,test567,false
gen-1786828681-XnPDbMpXSfs0Zmm3B0N5,2026-08-15 21:18:01.644,0.000016,,,,0,225,8,0,0,z-ai/glm-4.7-flash-20260119,Cloudflare,standard,false,true,,stop,stop,306,306,MSCodeBase 1-L live arm,test567,false
gen-1786828680-pwmac6UT4SsW64y7Gr7y,2026-08-15 21:18:00.696,0.000013,,-0.000003,,0,223,8,0,64,z-ai/glm-4.7-flash-20260119,DeepInfra,standard,false,true,,stop,stop,326,326,MSCodeBase 1-L live arm,test567,false
gen-1786828679-TG3U7eRfVEMMxATSfGZR,2026-08-15 21:17:59.736,0.000013,,-0.000003,,0,226,8,0,64,z-ai/glm-4.7-flash-20260119,DeepInfra,standard,false,true,,stop,stop,353,353,MSCodeBase 1-L live arm,test567,false
gen-1786828678-E1QNsDJyNUwvW9mEm876,2026-08-15 21:17:58.732,0.000013,,-0.000003,,0,225,8,0,64,z-ai/glm-4.7-flash-20260119,DeepInfra,standard,false,true,,stop,stop,398,398,MSCodeBase 1-L live arm,test567,false
gen-1786828677-fhUNiyjg5mw5LkxJhjxA,2026-08-15 21:17:57.798,0.000013,,-0.000003,,0,223,8,0,64,z-ai/glm-4.7-flash-20260119,DeepInfra,standard,false,true,,stop,stop,314,314,MSCodeBase 1-L live arm,test567,false
gen-1786828676-GcGqawENwyoUNW53j1Pq,2026-08-15 21:17:56.472,0.000013,,-0.000003,,0,226,8,0,64,z-ai/glm-4.7-flash-20260119,DeepInfra,standard,false,true,,stop,stop,662,662,MSCodeBase 1-L live arm,test567,false
gen-1786828675-8l3GnMKYqwqoLrMlPcPk,2026-08-15 21:17:55.521,0.000016,,,,0,226,8,0,0,z-ai/glm-4.7-flash-20260119,Cloudflare,standard,false,true,,stop,stop,315,315,MSCodeBase 1-L live arm,test567,false
gen-1786828673-n6otz17lTMEjaXGFQH6m,2026-08-15 21:17:53.955,0.000013,,-0.000003,,0,221,8,0,64,z-ai/glm-4.7-flash-20260119,DeepInfra,standard,false,true,,stop,stop,961,961,MSCodeBase 1-L live arm,test567,false
gen-1786828672-V349KyFtWjPM9wfP6LWE,2026-08-15 21:17:52.831,0.000013,,-0.000003,,0,223,8,0,64,z-ai/glm-4.7-flash-20260119,DeepInfra,standard,false,true,,stop,stop,515,515,MSCodeBase 1-L live arm,test567,false
gen-1786828671-GgwRnWdoqR4rpOkbd7lQ,2026-08-15 21:17:51.752,0.000013,,-0.000003,,0,224,8,0,64,z-ai/glm-4.7-flash-20260119,DeepInfra,standard,false,true,,stop,stop,443,443,MSCodeBase 1-L live arm,test567,false
gen-1786828670-09GBOPv2IMfGDWHyN09I,2026-08-15 21:17:50.666,0.000013,,-0.000003,,0,227,8,0,64,z-ai/glm-4.7-flash-20260119,DeepInfra,standard,false,true,,stop,stop,466,466,MSCodeBase 1-L live arm,test567,false
gen-1786828669-sv4XwIxkByXlVxcaGGqx,2026-08-15 21:17:49.560,0.000013,,-0.000003,,0,226,8,0,64,z-ai/glm-4.7-flash-20260119,DeepInfra,standard,false,true,,stop,stop,502,502,MSCodeBase 1-L live arm,test567,false
gen-1786828668-Bww0omw1kSreh1vtl09n,2026-08-15 21:17:48.272,0.000016,,,,0,226,8,0,0,z-ai/glm-4.7-flash-20260119,Cloudflare,standard,false,true,,stop,stop,661,661,MSCodeBase 1-L live arm,test567,false
gen-1786828667-4VUPCc86C9lQ8DPkGTu4,2026-08-15 21:17:47.237,0.000013,,-0.000003,,0,225,8,0,64,z-ai/glm-4.7-flash-20260119,DeepInfra,standard,false,true,,stop,stop,428,428,MSCodeBase 1-L live arm,test567,false
gen-1786828666-5QTJC6gUyF56GlJu8lEe,2026-08-15 21:17:46.269,0.000009,,-0.000003,,0,154,8,0,64,z-ai/glm-4.7-flash-20260119,DeepInfra,standard,false,true,,stop,stop,357,357,MSCodeBase 1-L live arm,test567,false
gen-1786828665-tDU59SMxfRvlSJaEBGfT,2026-08-15 21:17:45.297,0.00001,,-0.000003,,0,179,8,0,64,z-ai/glm-4.7-flash-20260119,DeepInfra,standard,false,true,,stop,stop,363,363,MSCodeBase 1-L live arm,test567,false
gen-1786828664-JKLEctpfjs30v9AdvwDn,2026-08-15 21:17:44.374,0.000012,,,,0,158,8,0,0,z-ai/glm-4.7-flash-20260119,Cloudflare,standard,false,true,,stop,stop,295,295,MSCodeBase 1-L live arm,test567,false
gen-1786828663-okcK906PSxU6MlVHtMM2,2026-08-15 21:17:42.797,0.000012,,-0.000003,,0,214,8,0,64,z-ai/glm-4.7-flash-20260119,DeepInfra,standard,false,true,,stop,stop,410,410,MSCodeBase 1-L live arm,test567,false
gen-1786828661-fUCsFbexGrwCOf59hn1I,2026-08-15 21:17:41.765,0.000011,,-0.000003,,0,194,8,0,64,z-ai/glm-4.7-flash-20260119,DeepInfra,standard,false,true,,stop,stop,423,423,MSCodeBase 1-L live arm,test567,false
gen-1786828660-MWdhGh3dQYbCgIgqRbWR,2026-08-15 21:17:40.910,0.000015,,,,0,211,8,0,0,z-ai/glm-4.7-flash-20260119,Cloudflare,standard,false,true,,stop,stop,229,229,MSCodeBase 1-L live arm,test567,false
gen-1786828659-A4S36c5DtJFT0DpGtnd0,2026-08-15 21:17:39.698,0.000014,,,,0,184,8,0,0,z-ai/glm-4.7-flash-20260119,Cloudflare,standard,false,true,,stop,stop,596,596,MSCodeBase 1-L live arm,test567,false
gen-1786828658-kiemC2hpZWsfL1zqR2XN,2026-08-15 21:17:38.685,0.000014,,-0.000003,,0,251,8,0,64,z-ai/glm-4.7-flash-20260119,DeepInfra,standard,false,true,,stop,stop,391,391,MSCodeBase 1-L live arm,test567,false
gen-1786828657-A7E2saSjRoJLo7qaNia3,2026-08-15 21:17:37.707,0.000009,,-0.000003,,0,164,8,0,64,z-ai/glm-4.7-flash-20260119,DeepInfra,standard,false,true,,stop,stop,363,363,MSCodeBase 1-L live arm,test567,false
gen-1786828656-CoJT59dXTKmflSITJEso,2026-08-15 21:17:36.589,0.000009,,-0.000003,,0,159,8,0,64,z-ai/glm-4.7-flash-20260119,DeepInfra,standard,false,true,,stop,stop,503,503,MSCodeBase 1-L live arm,test567,false
gen-1786828655-mbUp3EXTs8zVWAaspvBQ,2026-08-15 21:17:35.140,0.000012,,-0.000003,,0,212,8,0,64,z-ai/glm-4.7-flash-20260119,DeepInfra,standard,false,true,,stop,stop,755,755,MSCodeBase 1-L live arm,test567,false
gen-1786828654-Zaqw7kxWJpDrsKUpM0ut,2026-08-15 21:17:34.064,0.000011,,-0.000003,,0,194,8,0,64,z-ai/glm-4.7-flash-20260119,DeepInfra,standard,false,true,,stop,stop,468,468,MSCodeBase 1-L live arm,test567,false
gen-1786828653-vlFEeRFvI3qf3BhyS9DK,2026-08-15 21:17:33.125,0.000009,,-0.000003,,0,157,8,0,64,z-ai/glm-4.7-flash-20260119,DeepInfra,standard,false,true,,stop,stop,332,332,MSCodeBase 1-L live arm,test567,false
gen-1786828652-UwLejbe3AbvRpxci6JyX,2026-08-15 21:17:32.300,0.000013,,,,0,169,8,0,0,z-ai/glm-4.7-flash-20260119,Cloudflare,standard,false,true,,stop,stop,198,198,MSCodeBase 1-L live arm,test567,false
gen-1786828651-mYVFGskeueuf9dUzYl4D,2026-08-15 21:17:31.296,0.000009,,-0.000003,,0,161,8,0,64,z-ai/glm-4.7-flash-20260119,DeepInfra,standard,false,true,,stop,stop,380,380,MSCodeBase 1-L live arm,test567,false
gen-1786828650-YgFbBhyKOxbsLSkDyZDU,2026-08-15 21:17:30.270,0.000009,,-0.000003,,0,158,8,0,64,z-ai/glm-4.7-flash-20260119,DeepInfra,standard,false,true,,stop,stop,405,405,MSCodeBase 1-L live arm,test567,false
gen-1786828649-rTnSJ17453Jj0I8jNIHD,2026-08-15 21:17:29.405,0.000012,,,,0,159,8,0,0,z-ai/glm-4.7-flash-20260119,Cloudflare,standard,false,true,,stop,stop,260,260,MSCodeBase 1-L live arm,test567,false
gen-1786828648-GNz9DRC3WhAccSLyEIiV,2026-08-15 21:17:28.464,0.000012,,-0.000003,,0,203,8,0,64,z-ai/glm-4.7-flash-20260119,DeepInfra,standard,false,true,,stop,stop,329,329,MSCodeBase 1-L live arm,test567,false
gen-1786828647-v8RAQFnAtB34t6Ry7Cwy,2026-08-15 21:17:27.445,0.000009,,-0.000003,,0,163,8,0,64,z-ai/glm-4.7-flash-20260119,DeepInfra,standard,false,true,,stop,stop,411,411,MSCodeBase 1-L live arm,test567,false
gen-1786828646-JXT1a6OGnwaxRYbUEQ3e,2026-08-15 21:17:26.501,0.000018,,-0.000003,,0,319,8,0,64,z-ai/glm-4.7-flash-20260119,DeepInfra,standard,false,true,,stop,stop,339,339,MSCodeBase 1-L live arm,test567,false
gen-1786828645-PAbeS1Ys1QqX5DOWAFyA,2026-08-15 21:17:25.584,0.000018,,-0.000003,,0,316,8,0,64,z-ai/glm-4.7-flash-20260119,DeepInfra,standard,false,true,,stop,stop,315,315,MSCodeBase 1-L live arm,test567,false
gen-1786828644-sjBCsbENJxO1PpxSv4lq,2026-08-15 21:17:24.444,0.000023,,,,0,338,8,0,0,z-ai/glm-4.7-flash-20260119,Cloudflare,standard,false,true,,stop,stop,524,524,MSCodeBase 1-L live arm,test567,false
gen-1786828643-QsqFSBIZNrPVbSYzXh6R,2026-08-15 21:17:23.092,0.000021,,-0.000003,,0,357,8,0,64,z-ai/glm-4.7-flash-20260119,DeepInfra,standard,false,true,,stop,stop,705,705,MSCodeBase 1-L live arm,test567,false
gen-1786828641-Gm8nFE2tggYUKVhuEgnz,2026-08-15 21:17:21.708,0.000016,,,,0,223,8,0,0,z-ai/glm-4.7-flash-20260119,Cloudflare,standard,false,true,,stop,stop,772,772,MSCodeBase 1-L live arm,test567,false
gen-1786828640-fHoZTD3QCK0nCVU5uhxg,2026-08-15 21:17:20.419,0.000017,,-0.000003,,0,299,8,0,64,z-ai/glm-4.7-flash-20260119,DeepInfra,standard,false,true,,stop,stop,657,657,MSCodeBase 1-L live arm,test567,false
gen-1786828638-6gAM9wgh3YPjUFBp1ZlB,2026-08-15 21:17:18.329,0.000015,,,,0,233,8,0,0,deepseek/deepseek-v4-flash-20260423,StreamLake,standard,false,true,,stop,stop,1770,1770,MSCodeBase 1-L live arm,test567,false
gen-1786828635-6JQcP4LJ4dnMCcYHl7Wt,2026-08-15 21:17:15.598,0.000016,,,,0,239,8,0,0,deepseek/deepseek-v4-flash-20260423,StreamLake,standard,false,true,,stop,stop,2139,2139,MSCodeBase 1-L live arm,test567,false
gen-1786828634-GVtpjXDzLVV1gqI3G6rv,2026-08-15 21:17:14.167,0.000016,,,,0,240,8,0,0,deepseek/deepseek-v4-flash-20260423,StreamLake,standard,false,true,,stop,stop,831,831,MSCodeBase 1-L live arm,test567,false
gen-1786828632-bRIqn70JcqnQbCub7EKV,2026-08-15 21:17:12.259,0.000017,,,,0,265,8,0,0,deepseek/deepseek-v4-flash-20260423,StreamLake,standard,false,true,,stop,stop,1327,1327,MSCodeBase 1-L live arm,test567,false
gen-1786828629-krAUOru9DdlBfane7yyz,2026-08-15 21:17:09.403,0.000011,,,,0,165,8,0,0,deepseek/deepseek-v4-flash-20260423,StreamLake,standard,false,true,,stop,stop,2252,2252,MSCodeBase 1-L live arm,test567,false
gen-1786828627-LeShJXG5b3Lpg8jGmnXs,2026-08-15 21:17:07.109,0.000011,,,,0,163,8,0,0,deepseek/deepseek-v4-flash-20260423,StreamLake,standard,false,true,,stop,stop,1708,1708,MSCodeBase 1-L live arm,test567,false
gen-1786828624-9uFpSbYeZdHmAoYzTSLN,2026-08-15 21:17:04.862,0.000017,,,,0,266,8,0,0,deepseek/deepseek-v4-flash-20260423,StreamLake,standard,false,true,,stop,stop,1669,1669,MSCodeBase 1-L live arm,test567,false
gen-1786828621-IgqdZcCaUAUMQgql0Sgn,2026-08-15 21:17:01.936,0.000011,,,,0,166,8,0,0,deepseek/deepseek-v4-flash-20260423,StreamLake,standard,false,true,,stop,stop,2021,2021,MSCodeBase 1-L live arm,test567,false
gen-1786828620-MJsx3KWFCKxUfFEiWH4Q,2026-08-15 21:17:00.136,0.000017,,,,0,260,8,0,0,deepseek/deepseek-v4-flash-20260423,StreamLake,standard,false,true,,stop,stop,1131,1131,MSCodeBase 1-L live arm,test567,false
gen-1786828617-xV8EseUCuDiFE1dEcVCz,2026-08-15 21:16:57.499,0.000016,,,,0,236,8,0,0,deepseek/deepseek-v4-flash-20260423,StreamLake,standard,false,true,,stop,stop,2020,2020,MSCodeBase 1-L live arm,test567,false
gen-1786828610-ccrnuiEbxiVJ9YoUjS2J,2026-08-15 21:16:50.283,0.000016,,,,0,237,8,0,0,deepseek/deepseek-v4-flash-20260423,StreamLake,standard,false,true,,stop,stop,6629,6629,MSCodeBase 1-L live arm,test567,false
gen-1786828608-5DQipSQvJpDwRkaFVwwi,2026-08-15 21:16:48.331,0.000016,,,,0,237,8,0,0,deepseek/deepseek-v4-flash-20260423,StreamLake,standard,false,true,,stop,stop,1341,1341,MSCodeBase 1-L live arm,test567,false
gen-1786828606-mukXWoxDMlwXn0BL9h6L,2026-08-15 21:16:46.216,0.000016,,,,0,237,8,0,0,deepseek/deepseek-v4-flash-20260423,StreamLake,standard,false,true,,stop,stop,1530,1530,MSCodeBase 1-L live arm,test567,false
gen-1786828604-yjH6IyhpK2I8ZglnL1Cy,2026-08-15 21:16:44.245,0.000016,,,,0,237,8,0,0,deepseek/deepseek-v4-flash-20260423,StreamLake,standard,false,true,,stop,stop,1368,1368,MSCodeBase 1-L live arm,test567,false
gen-1786828602-AgszkySSYrnH5VLZtviz,2026-08-15 21:16:42.099,0.000016,,,,0,239,8,0,0,deepseek/deepseek-v4-flash-20260423,StreamLake,standard,false,true,,stop,stop,1525,1525,MSCodeBase 1-L live arm,test567,false
gen-1786828599-cmuBhnwWqkNcExns6pK1,2026-08-15 21:16:39.490,0.000016,,,,0,236,8,0,0,deepseek/deepseek-v4-flash-20260423,StreamLake,standard,false,true,,stop,stop,1997,1997,MSCodeBase 1-L live arm,test567,false
gen-1786828594-KQiOcncpSRuTY3KmqZFU,2026-08-15 21:16:34.267,0.000016,,,,0,238,8,0,0,deepseek/deepseek-v4-flash-20260423,StreamLake,standard,false,true,,stop,stop,4622,4622,MSCodeBase 1-L live arm,test567,false
gen-1786828591-PCrwnsBkiFtDsvsotKDr,2026-08-15 21:16:31.741,0.000016,,,,0,239,8,0,0,deepseek/deepseek-v4-flash-20260423,StreamLake,standard,false,true,,stop,stop,1925,1925,MSCodeBase 1-L live arm,test567,false
gen-1786828588-uUIdUskV14WW1jWjsgPo,2026-08-15 21:16:28.771,0.000015,,,,0,235,8,0,0,deepseek/deepseek-v4-flash-20260423,StreamLake,standard,false,true,,stop,stop,2251,2251,MSCodeBase 1-L live arm,test567,false
gen-1786828583-H9LSMrAeyKXUuYAB0Yxp,2026-08-15 21:16:23.515,0.000016,,,,0,236,8,0,0,deepseek/deepseek-v4-flash-20260423,StreamLake,standard,false,true,,stop,stop,2667,2667,MSCodeBase 1-L live arm,test567,false
gen-1786828581-9QcVUdolQ2ynB0rp1UCP,2026-08-15 21:16:21.530,0.000016,,,,0,237,8,0,0,deepseek/deepseek-v4-flash-20260423,StreamLake,standard,false,true,,stop,stop,1338,1338,MSCodeBase 1-L live arm,test567,false
gen-1786828579-ofrMPizb0u6JWbUHX2uY,2026-08-15 21:16:19.957,0.000016,,,,0,240,8,0,0,deepseek/deepseek-v4-flash-20260423,StreamLake,standard,false,true,,stop,stop,937,937,MSCodeBase 1-L live arm,test567,false
gen-1786828578-ECMK2xkUUhbwx3ITgSgb,2026-08-15 21:16:18.400,0.000016,,,,0,238,8,0,0,deepseek/deepseek-v4-flash-20260423,StreamLake,standard,false,true,,stop,stop,963,963,MSCodeBase 1-L live arm,test567,false
gen-1786828576-MatAFpxIChlhubvmvOmu,2026-08-15 21:16:16.590,0.000016,,,,0,239,8,0,0,deepseek/deepseek-v4-flash-20260423,StreamLake,standard,false,true,,stop,stop,1173,1173,MSCodeBase 1-L live arm,test567,false
gen-1786828574-98nLZfhiWnbl3OoNNABt,2026-08-15 21:16:14.721,0.000016,,,,0,237,8,0,0,deepseek/deepseek-v4-flash-20260423,StreamLake,standard,false,true,,stop,stop,1266,1266,MSCodeBase 1-L live arm,test567,false
gen-1786828572-rMmVhqv5y1dsOHXw6RwX,2026-08-15 21:16:12.713,0.000011,,,,0,160,8,0,0,deepseek/deepseek-v4-flash-20260423,StreamLake,standard,false,true,,stop,stop,1394,1394,MSCodeBase 1-L live arm,test567,false
gen-1786828570-XFO4my565HfHN5GzCtBf,2026-08-15 21:16:10.477,0.000012,,,,0,187,8,0,0,deepseek/deepseek-v4-flash-20260423,StreamLake,standard,false,true,,stop,stop,1644,1644,MSCodeBase 1-L live arm,test567,false
gen-1786828568-r8brcM5pjDVn9XkOmH6N,2026-08-15 21:16:08.596,0.000011,,,,0,167,8,0,0,deepseek/deepseek-v4-flash-20260423,StreamLake,standard,false,true,,stop,stop,1268,1268,MSCodeBase 1-L live arm,test567,false
gen-1786828566-zBmwVOhRJ1eA53Au4Ofs,2026-08-15 21:16:06.953,0.000015,,,,0,222,8,0,0,deepseek/deepseek-v4-flash-20260423,StreamLake,standard,false,true,,stop,stop,1025,1025,MSCodeBase 1-L live arm,test567,false
gen-1786828565-MDXxxwz4ZsGooYMajELw,2026-08-15 21:16:05.139,0.000013,,,,0,202,8,0,0,deepseek/deepseek-v4-flash-20260423,StreamLake,standard,false,true,,stop,stop,1202,1202,MSCodeBase 1-L live arm,test567,false
gen-1786828562-hh29KVqMrgfqOntXjuU3,2026-08-15 21:16:02.071,0.000014,,,,0,215,8,0,0,deepseek/deepseek-v4-flash-20260423,StreamLake,standard,false,true,,stop,stop,2478,2478,MSCodeBase 1-L live arm,test567,false
gen-1786828559-OoTIct3KdLmkn1X19Gfb,2026-08-15 21:15:59.963,0.000013,,,,0,191,8,0,0,deepseek/deepseek-v4-flash-20260423,StreamLake,standard,false,true,,stop,stop,1496,1496,MSCodeBase 1-L live arm,test567,false
gen-1786828550-vXElosXCguKkqx8v7Nbu,2026-08-15 21:15:50.870,0.000017,,,,0,266,8,0,0,deepseek/deepseek-v4-flash-20260423,StreamLake,standard,false,true,,stop,stop,8455,8455,MSCodeBase 1-L live arm,test567,false
gen-1786828549-fEAn9sXLbeUburc6zu4U,2026-08-15 21:15:49.302,0.000012,,,,0,173,8,0,0,deepseek/deepseek-v4-flash-20260423,StreamLake,standard,false,true,,stop,stop,956,956,MSCodeBase 1-L live arm,test567,false
gen-1786828546-Q9owMrRZrxdBf4IGWVLY,2026-08-15 21:15:46.733,0.000011,,,,0,169,8,0,0,deepseek/deepseek-v4-flash-20260423,StreamLake,standard,false,true,,stop,stop,1953,1953,MSCodeBase 1-L live arm,test567,false
gen-1786828544-19YyB9ITgC6KkZSDvQC9,2026-08-15 21:15:44.663,0.000015,,,,0,223,8,0,0,deepseek/deepseek-v4-flash-20260423,StreamLake,standard,false,true,,stop,stop,1459,1459,MSCodeBase 1-L live arm,test567,false
gen-1786828542-getrwCO8bKAcivpdYsfM,2026-08-15 21:15:42.906,0.000014,,,,0,208,8,0,0,deepseek/deepseek-v4-flash-20260423,StreamLake,standard,false,true,,stop,stop,1134,1134,MSCodeBase 1-L live arm,test567,false
gen-1786828539-MVTZRkvKOya201CIJgVX,2026-08-15 21:15:39.297,0.000011,,,,0,163,8,0,0,deepseek/deepseek-v4-flash-20260423,StreamLake,standard,false,true,,stop,stop,3009,3009,MSCodeBase 1-L live arm,test567,false
gen-1786828536-RAIzF3Gcvw8ZJWYJekCj,2026-08-15 21:15:36.007,0.000012,,,,0,176,8,0,0,deepseek/deepseek-v4-flash-20260423,StreamLake,standard,false,true,,stop,stop,2704,2704,MSCodeBase 1-L live arm,test567,false
gen-1786828533-tBogIn7RVkDmA1sHqKxe,2026-08-15 21:15:33.980,0.000011,,,,0,167,8,0,0,deepseek/deepseek-v4-flash-20260423,StreamLake,standard,false,true,,stop,stop,1417,1417,MSCodeBase 1-L live arm,test567,false
gen-1786828532-NeMjyf5f2Wn6ICPBVv78,2026-08-15 21:15:32.278,0.000011,,,,0,165,8,0,0,deepseek/deepseek-v4-flash-20260423,StreamLake,standard,false,true,,stop,stop,1111,1111,MSCodeBase 1-L live arm,test567,false
gen-1786828530-6f9OUlMFgV54IqVKCZG2,2026-08-15 21:15:30.130,0.000011,,,,0,166,8,0,0,deepseek/deepseek-v4-flash-20260423,StreamLake,standard,false,true,,stop,stop,1539,1539,MSCodeBase 1-L live arm,test567,false
gen-1786828527-iDsgssiUa6sr73CdrWfL,2026-08-15 21:15:27.414,0.000014,,,,0,218,8,0,0,deepseek/deepseek-v4-flash-20260423,StreamLake,standard,false,true,,stop,stop,2083,2083,MSCodeBase 1-L live arm,test567,false
gen-1786828525-Rq3Do3RWWvLZHJuHfbB5,2026-08-15 21:15:25.827,0.000012,,,,0,175,8,0,0,deepseek/deepseek-v4-flash-20260423,StreamLake,standard,false,true,,stop,stop,991,991,MSCodeBase 1-L live arm,test567,false
gen-1786828524-NJ01EaRiA9apwcdcgwL9,2026-08-15 21:15:24.006,0.000022,,,,0,333,8,0,0,deepseek/deepseek-v4-flash-20260423,StreamLake,standard,false,true,,stop,stop,1207,1207,MSCodeBase 1-L live arm,test567,false
gen-1786828522-JY0CEbrSviiSFroU7RIw,2026-08-15 21:15:22.732,0.000023,,,,0,354,8,0,0,deepseek/deepseek-v4-flash-20260423,Baidu,standard,false,true,,stop,stop,662,662,MSCodeBase 1-L live arm,test567,false
gen-1786828520-heMcuaUnHHKw75kD7iFd,2026-08-15 21:15:20.984,0.000023,,,,0,358,8,0,0,deepseek/deepseek-v4-flash-20260423,StreamLake,standard,false,true,,stop,stop,1139,1139,MSCodeBase 1-L live arm,test567,false
gen-1786828519-Rxvndyhez0qSWwu5DhOp,2026-08-15 21:15:19.439,0.000024,,,,0,368,8,0,0,deepseek/deepseek-v4-flash-20260423,StreamLake,standard,false,true,,stop,stop,953,953,MSCodeBase 1-L live arm,test567,false
gen-1786828517-hC9HOVSIIpEagXrRJp04,2026-08-15 21:15:17.293,0.000015,,,,0,235,8,0,0,deepseek/deepseek-v4-flash-20260423,StreamLake,standard,false,true,,stop,stop,1551,1551,MSCodeBase 1-L live arm,test567,false
gen-1786828515-oi0SlgTOL5reg1hA8NOY,2026-08-15 21:15:15.772,0.00002,,,,0,306,8,0,0,deepseek/deepseek-v4-flash-20260423,StreamLake,standard,false,true,,stop,stop,845,845,MSCodeBase 1-L live arm,test567,false
gen-1786828514-m352BBh3blqTdWiwp4Z2,2026-08-15 21:15:14.873,0.000008,,,,0,244,11,0,0,qwen/qwen3.7-flash-20260727,Alibaba,standard,false,true,,stop,stop,595,595,MSCodeBase 1-L live arm,test567,false
gen-1786828513-FWF79QCh4JuF8U0FMqIr,2026-08-15 21:15:13.537,0.000008,,,,0,249,7,0,0,qwen/qwen3.7-flash-20260727,Alibaba,standard,false,true,,stop,stop,720,720,MSCodeBase 1-L live arm,test567,false
gen-1786828512-jF9OzpxhmBpyLKKfXDNK,2026-08-15 21:15:12.153,0.000008,,,,0,249,7,0,0,qwen/qwen3.7-flash-20260727,Alibaba,standard,false,true,,stop,stop,767,767,MSCodeBase 1-L live arm,test567,false
gen-1786828510-VIk8b2bjCIHkVDqUSmzF,2026-08-15 21:15:10.814,0.000009,,,,0,270,12,0,0,qwen/qwen3.7-flash-20260727,Alibaba,standard,false,true,,stop,stop,746,746,MSCodeBase 1-L live arm,test567,false
gen-1786828509-awAYOd2jX2dz4yzpVvD6,2026-08-15 21:15:09.478,0.000006,,,,0,174,11,0,0,qwen/qwen3.7-flash-20260727,Alibaba,standard,false,true,,stop,stop,715,715,MSCodeBase 1-L live arm,test567,false
gen-1786828508-RSvTVspkEXgJvsZlnpa2,2026-08-15 21:15:08.292,0.000006,,,,0,174,11,0,0,qwen/qwen3.7-flash-20260727,Alibaba,standard,false,true,,stop,stop,590,590,MSCodeBase 1-L live arm,test567,false
gen-1786828504-eHgZBeSrgaOWIrb1yohK,2026-08-15 21:15:04.566,0.000009,,,,0,273,12,0,0,qwen/qwen3.7-flash-20260727,Alibaba,standard,false,true,,stop,stop,514,514,MSCodeBase 1-L live arm,test567,false
gen-1786828503-UFigj9MrNgSkO5rLsmJo,2026-08-15 21:15:03.392,0.000006,,,,0,176,11,0,0,qwen/qwen3.7-flash-20260727,Alibaba,standard,false,true,,stop,stop,538,538,MSCodeBase 1-L live arm,test567,false
gen-1786828502-9zbRIiNbq0rtb2CxJfIr,2026-08-15 21:15:02.086,0.000009,,,,0,268,12,0,0,qwen/qwen3.7-flash-20260727,Alibaba,standard,false,true,,stop,stop,709,709,MSCodeBase 1-L live arm,test567,false
gen-1786828500-61vGtnDzyi2Po7vhjosR,2026-08-15 21:15:00.799,0.000008,,,,0,246,7,0,0,qwen/qwen3.7-flash-20260727,Alibaba,standard,false,true,,stop,stop,561,561,MSCodeBase 1-L live arm,test567,false
gen-1786828499-qZgoe7bQhitL0az8tWgy,2026-08-15 21:14:59.589,0.000008,,,,0,246,12,0,0,qwen/qwen3.7-flash-20260727,Alibaba,standard,false,true,,stop,stop,579,579,MSCodeBase 1-L live arm,test567,false
gen-1786828498-HGoF2XMbONYFqMrjp7Tu,2026-08-15 21:14:58.010,0.000008,,,,0,247,11,0,0,qwen/qwen3.7-flash-20260727,Alibaba,standard,false,true,,stop,stop,945,945,MSCodeBase 1-L live arm,test567,false
gen-1786828496-8iSHVAi8KP9s2uiINo3O,2026-08-15 21:14:56.095,0.000008,,,,0,246,11,0,0,qwen/qwen3.7-flash-20260727,Alibaba,standard,false,true,,stop,stop,920,920,MSCodeBase 1-L live arm,test567,false
gen-1786828492-Iu5fx5V3OvZphvmmrSqM,2026-08-15 21:14:52.846,0.000008,,,,0,247,11,0,0,qwen/qwen3.7-flash-20260727,Alibaba,standard,false,true,,stop,stop,764,764,MSCodeBase 1-L live arm,test567,false
gen-1786828491-TyMJisEq4EyJGp8BlXsq,2026-08-15 21:14:51.480,0.000008,,,,0,248,12,0,0,qwen/qwen3.7-flash-20260727,Alibaba,standard,false,true,,stop,stop,752,752,MSCodeBase 1-L live arm,test567,false
gen-1786828490-pwRifil859RoeW3Dwc5V,2026-08-15 21:14:50.026,0.000008,,,,0,246,12,0,0,qwen/qwen3.7-flash-20260727,Alibaba,standard,false,true,,stop,stop,804,804,MSCodeBase 1-L live arm,test567,false
gen-1786828488-nZdVz5bIgP8vV7Y2wLyb,2026-08-15 21:14:48.871,0.000008,,,,0,248,12,0,0,qwen/qwen3.7-flash-20260727,Alibaba,standard,false,true,,stop,stop,564,564,MSCodeBase 1-L live arm,test567,false
gen-1786828487-wUn7BO7NnMZrQv7TXG5G,2026-08-15 21:14:47.575,0.000008,,,,0,248,12,0,0,qwen/qwen3.7-flash-20260727,Alibaba,standard,false,true,,stop,stop,499,499,MSCodeBase 1-L live arm,test567,false
gen-1786828486-AlK2mymaplqpgx8rCSu8,2026-08-15 21:14:46.438,0.000008,,,,0,244,11,0,0,qwen/qwen3.7-flash-20260727,Alibaba,standard,false,true,,stop,stop,536,536,MSCodeBase 1-L live arm,test567,false
gen-1786828485-Kcjp0jQRvdOTWi7qpNjM,2026-08-15 21:14:45.033,0.000008,,,,0,246,12,0,0,qwen/qwen3.7-flash-20260727,Alibaba,standard,false,true,,stop,stop,793,793,MSCodeBase 1-L live arm,test567,false
gen-1786828483-wxgPSuLYFJlInLHUo5Qv,2026-08-15 21:14:43.685,0.000008,,,,0,246,12,0,0,qwen/qwen3.7-flash-20260727,Alibaba,standard,false,true,,stop,stop,743,743,MSCodeBase 1-L live arm,test567,false
gen-1786828482-AWFnuazCiKZx0WSLc1YA,2026-08-15 21:14:41.792,0.000008,,,,0,248,12,0,0,qwen/qwen3.7-flash-20260727,Alibaba,standard,false,true,,stop,stop,616,616,MSCodeBase 1-L live arm,test567,false
gen-1786828480-HxYXIwLQTgAEZ0CScmdY,2026-08-15 21:14:40.387,0.000008,,,,0,248,7,0,0,qwen/qwen3.7-flash-20260727,Alibaba,standard,false,true,,stop,stop,778,778,MSCodeBase 1-L live arm,test567,false
gen-1786828479-YBTkR5OJcwSddGgWCnm7,2026-08-15 21:14:39.111,0.000008,,,,0,248,11,0,0,qwen/qwen3.7-flash-20260727,Alibaba,standard,false,true,,stop,stop,638,638,MSCodeBase 1-L live arm,test567,false
gen-1786828477-zMw2mkeGiyFHm5C1QvyU,2026-08-15 21:14:37.842,0.000008,,,,0,246,11,0,0,qwen/qwen3.7-flash-20260727,Alibaba,standard,false,true,,stop,stop,664,664,MSCodeBase 1-L live arm,test567,false
gen-1786828476-MXylHQ4Y4kOVaa2ZbP2B,2026-08-15 21:14:36.688,0.000006,,,,0,169,11,0,0,qwen/qwen3.7-flash-20260727,Alibaba,standard,false,true,,stop,stop,522,522,MSCodeBase 1-L live arm,test567,false
gen-1786828475-2m8aESf6nBZWWEsNT5mw,2026-08-15 21:14:35.540,0.000007,,,,0,198,11,0,0,qwen/qwen3.7-flash-20260727,Alibaba,standard,false,true,,stop,stop,539,539,MSCodeBase 1-L live arm,test567,false
gen-1786828474-08bsyCtZ1kmBj7OIUBl7,2026-08-15 21:14:34.214,0.000006,,,,0,174,11,0,0,qwen/qwen3.7-flash-20260727,Alibaba,standard,false,true,,stop,stop,722,722,MSCodeBase 1-L live arm,test567,false
gen-1786828472-uWuYWXgFJH1GxFJISDtS,2026-08-15 21:14:32.947,0.000008,,,,0,233,11,0,0,qwen/qwen3.7-flash-20260727,Alibaba,standard,false,true,,stop,stop,672,672,MSCodeBase 1-L live arm,test567,false
gen-1786828471-aeW9AGjAhVgU2uQmHILr,2026-08-15 21:14:31.646,0.000007,,,,0,213,12,0,0,qwen/qwen3.7-flash-20260727,Alibaba,standard,false,true,,stop,stop,696,696,MSCodeBase 1-L live arm,test567,false
gen-1786828470-VGkVPWNkXwPGVleRkBgJ,2026-08-15 21:14:30.390,0.000008,,,,0,231,11,0,0,qwen/qwen3.7-flash-20260727,Alibaba,standard,false,true,,stop,stop,624,624,MSCodeBase 1-L live arm,test567,false
gen-1786828469-gDOTuF6IeC9h29RvPFhX,2026-08-15 21:14:29.188,0.000007,,,,0,201,11,0,0,qwen/qwen3.7-flash-20260727,Alibaba,standard,false,true,,stop,stop,592,592,MSCodeBase 1-L live arm,test567,false
gen-1786828467-Di5kttB2geRT49aP29nN,2026-08-15 21:14:27.913,0.000009,,,,0,272,11,0,0,qwen/qwen3.7-flash-20260727,Alibaba,standard,false,true,,stop,stop,644,644,MSCodeBase 1-L live arm,test567,false
gen-1786828466-wyFp3dtgM2kCxQM7yMSr,2026-08-15 21:14:26.536,0.000006,,,,0,181,11,0,0,qwen/qwen3.7-flash-20260727,Alibaba,standard,false,true,,stop,stop,771,771,MSCodeBase 1-L live arm,test567,false
gen-1786828465-2Kw5zlDmCivvs4up6iak,2026-08-15 21:14:25.300,0.000006,,,,0,176,11,0,0,qwen/qwen3.7-flash-20260727,Alibaba,standard,false,true,,stop,stop,617,617,MSCodeBase 1-L live arm,test567,false
gen-1786828460-V7A4jBBIhtgqUj9xwE6p,2026-08-15 21:14:20.735,0.000008,,,,0,235,11,0,0,qwen/qwen3.7-flash-20260727,Alibaba,standard,false,true,,stop,stop,699,699,MSCodeBase 1-L live arm,test567,false
gen-1786828458-CKdRq9juis9CXL1zCncb,2026-08-15 21:14:18.046,0.000007,,,,0,214,12,0,0,qwen/qwen3.7-flash-20260727,Alibaba,standard,false,true,,stop,stop,643,643,MSCodeBase 1-L live arm,test567,false
gen-1786828456-4x4EGFM5rrfabwnGeUYz,2026-08-15 21:14:16.608,0.000006,,,,0,173,12,0,0,qwen/qwen3.7-flash-20260727,Alibaba,standard,false,true,,stop,stop,814,814,MSCodeBase 1-L live arm,test567,false
gen-1786828455-tz4ZPhO70Byo7AA0oCs3,2026-08-15 21:14:15.243,0.000007,,,,0,184,12,0,0,qwen/qwen3.7-flash-20260727,Alibaba,standard,false,true,,stop,stop,759,759,MSCodeBase 1-L live arm,test567,false
gen-1786828453-BznbXgPRsH2xy1s2Q9yd,2026-08-15 21:14:13.856,0.000006,,,,0,177,11,0,0,qwen/qwen3.7-flash-20260727,Alibaba,standard,false,true,,stop,stop,763,763,MSCodeBase 1-L live arm,test567,false
gen-1786828452-yki4AOauIEZ7PwlEscUN,2026-08-15 21:14:12.022,0.000006,,,,0,174,11,0,0,qwen/qwen3.7-flash-20260727,Alibaba,standard,false,true,,stop,stop,917,917,MSCodeBase 1-L live arm,test567,false
gen-1786828449-iXRLNSlrVRUDkrpq1V7z,2026-08-15 21:14:09.254,0.000006,,,,0,176,11,0,0,qwen/qwen3.7-flash-20260727,Alibaba,standard,false,true,,stop,stop,562,562,MSCodeBase 1-L live arm,test567,false
gen-1786828447-KFk43IicpG6DTGWHS650,2026-08-15 21:14:07.855,0.000008,,,,0,225,12,0,0,qwen/qwen3.7-flash-20260727,Alibaba,standard,false,true,,stop,stop,796,796,MSCodeBase 1-L live arm,test567,false
gen-1786828446-DeNLFekuUy3md8EmcL4s,2026-08-15 21:14:06.765,0.000006,,,,0,181,11,0,0,qwen/qwen3.7-flash-20260727,Alibaba,standard,false,true,,stop,stop,481,481,MSCodeBase 1-L live arm,test567,false
gen-1786828445-6qgL59n1X1AjmhCDdAOa,2026-08-15 21:14:05.542,0.000011,,,,0,349,12,0,0,qwen/qwen3.7-flash-20260727,Alibaba,standard,false,true,,stop,stop,559,559,MSCodeBase 1-L live arm,test567,false
gen-1786828444-pDJ0AnLgopqkG9LJFFIh,2026-08-15 21:14:04.204,0.000011,,,,0,346,12,0,0,qwen/qwen3.7-flash-20260727,Alibaba,standard,false,true,,stop,stop,736,736,MSCodeBase 1-L live arm,test567,false
gen-1786828442-Kud21VW9tzW3wB2I36EB,2026-08-15 21:14:02.810,0.000012,,,,0,382,12,0,0,qwen/qwen3.7-flash-20260727,Alibaba,standard,false,true,,stop,stop,788,788,MSCodeBase 1-L live arm,test567,false
gen-1786828441-UmKQBXXwejTG9X45AzvG,2026-08-15 21:14:01.609,0.000013,,,,0,398,11,0,0,qwen/qwen3.7-flash-20260727,Alibaba,standard,false,true,,stop,stop,565,565,MSCodeBase 1-L live arm,test567,false
gen-1786828440-lCGwH3Pf4fhz25nvICiH,2026-08-15 21:14:00.237,0.000008,,,,0,246,11,0,0,qwen/qwen3.7-flash-20260727,Alibaba,standard,false,true,,stop,stop,667,667,MSCodeBase 1-L live arm,test567,false
gen-1786828439-H09wBmfhdDdcom3VeB0W,2026-08-15 21:13:59.062,0.000011,,,,0,325,12,0,0,qwen/qwen3.7-flash-20260727,Alibaba,standard,false,true,,stop,stop,567,567,MSCodeBase 1-L live arm,test567,false
gen-1786828437-kilUQTjUXYWoNStUHNTB,2026-08-15 21:13:57.768,0.000028,,,,0,433,8,0,0,z-ai/glm-4.7-flash-20260119,DeepInfra,standard,false,true,,stop,stop,371,371,MSCodeBase 1-L live arm,test567,false
gen-1786828436-cz4DQUx8bkvpSHNgsth4,2026-08-15 21:13:56.717,0.000029,,,,0,439,8,0,0,z-ai/glm-4.7-flash-20260119,DeepInfra,standard,false,true,,stop,stop,420,420,MSCodeBase 1-L live arm,test567,false
gen-1786828435-7PCBckTw7l0H3MwU0pj3,2026-08-15 21:13:55.302,0.000026,,-0.000003,,0,440,8,0,64,z-ai/glm-4.7-flash-20260119,DeepInfra,standard,false,true,,stop,stop,671,671,MSCodeBase 1-L live arm,test567,false
gen-1786828432-lLhWso04RVnk1ctWS4SY,2026-08-15 21:13:52.900,0.000016,,-0.000003,,0,281,8,0,64,z-ai/glm-4.7-flash-20260119,DeepInfra,standard,false,true,,stop,stop,373,373,MSCodeBase 1-L live arm,test567,false
gen-1786828431-iLrtrOQtLLfUizFexNtZ,2026-08-15 21:13:51.906,0.000024,,-0.000003,,0,417,8,0,64,z-ai/glm-4.7-flash-20260119,DeepInfra,standard,false,true,,stop,stop,387,387,MSCodeBase 1-L live arm,test567,false
gen-1786828431-zwewoXqcCSbEnCK58ZMi,2026-08-15 21:13:51.059,0.000024,,,,0,348,8,0,0,z-ai/glm-4.7-flash-20260119,Cloudflare,standard,false,true,,stop,stop,207,207,MSCodeBase 1-L live arm,test567,false
gen-1786828429-YLnELsKgWcCtxFHDjcAf,2026-08-15 21:13:49.944,0.000016,,-0.000003,,0,281,8,0,64,z-ai/glm-4.7-flash-20260119,DeepInfra,standard,false,true,,stop,stop,505,505,MSCodeBase 1-L live arm,test567,false
gen-1786828428-Vdw9l4k2BXwv4ElSXHHF,2026-08-15 21:13:48.823,0.000019,,-0.000003,,0,332,8,0,64,z-ai/glm-4.7-flash-20260119,DeepInfra,standard,false,true,,stop,stop,493,493,MSCodeBase 1-L live arm,test567,false
gen-1786828427-sSQNV2hr9vTuw8IxHESA,2026-08-15 21:13:47.861,0.000017,,-0.000003,,0,291,8,0,64,z-ai/glm-4.7-flash-20260119,DeepInfra,standard,false,true,,stop,stop,351,351,MSCodeBase 1-L live arm,test567,false
gen-1786828426-04GoF6pEnkNx4zQXTZ3j,2026-08-15 21:13:46.878,0.000029,,,,0,436,8,0,0,z-ai/glm-4.7-flash-20260119,Cloudflare,standard,false,true,,stop,stop,155,155,MSCodeBase 1-L live arm,test567,false
gen-1786828425-LZmRpRfpcrXogufBlHXX,2026-08-15 21:13:45.502,0.000025,,-0.000003,,0,435,8,0,64,z-ai/glm-4.7-flash-20260119,DeepInfra,standard,false,true,,stop,stop,446,446,MSCodeBase 1-L live arm,test567,false
gen-1786828423-rxI7c4dIfLyMt1ARsSLE,2026-08-15 21:13:43.264,0.000026,,-0.000003,,0,438,8,0,64,z-ai/glm-4.7-flash-20260119,DeepInfra,standard,false,true,,stop,stop,333,333,MSCodeBase 1-L live arm,test567,false
gen-1786828422-L4pH2FccOueZe7sT4C5e,2026-08-15 21:13:42.249,0.000025,,-0.000003,,0,436,8,0,64,z-ai/glm-4.7-flash-20260119,DeepInfra,standard,false,true,,stop,stop,390,390,MSCodeBase 1-L live arm,test567,false
gen-1786828421-zbRUEBuk46Z4TTmnDGO4,2026-08-15 21:13:41.281,0.000026,,-0.000003,,0,439,8,0,64,z-ai/glm-4.7-flash-20260119,DeepInfra,standard,false,true,,stop,stop,350,350,MSCodeBase 1-L live arm,test567,false
gen-1786828420-NSOxI5TwTOkISTLuAZq3,2026-08-15 21:13:40.323,0.000026,,-0.000003,,0,438,8,0,64,z-ai/glm-4.7-flash-20260119,DeepInfra,standard,false,true,,stop,stop,349,349,MSCodeBase 1-L live arm,test567,false
gen-1786828419-JGGBQV4RyfIkrrs0jCMW,2026-08-15 21:13:39.273,0.000025,,-0.000003,,0,436,8,0,64,z-ai/glm-4.7-flash-20260119,DeepInfra,standard,false,true,,stop,stop,439,439,MSCodeBase 1-L live arm,test567,false
gen-1786828417-W0XlgrwvGJ4LPC7IEt2T,2026-08-15 21:13:37.969,0.000026,,-0.000003,,0,439,8,0,64,z-ai/glm-4.7-flash-20260119,DeepInfra,standard,false,true,,stop,stop,705,705,MSCodeBase 1-L live arm,test567,false
gen-1786828416-jz9OrmCBDYOEAbEBaSv5,2026-08-15 21:13:36.880,0.000026,,-0.000003,,0,439,8,0,64,z-ai/glm-4.7-flash-20260119,DeepInfra,standard,false,true,,stop,stop,490,490,MSCodeBase 1-L live arm,test567,false
gen-1786828415-JlymTQGke6xEwpcbcYlB,2026-08-15 21:13:35.931,0.000029,,,,0,434,8,0,0,z-ai/glm-4.7-flash-20260119,Cloudflare,standard,false,true,,stop,stop,321,321,MSCodeBase 1-L live arm,test567,false
gen-1786828414-EXfH1HNArc4JWhH2TaBZ,2026-08-15 21:13:34.577,0.000025,,-0.000003,,0,436,8,0,64,z-ai/glm-4.7-flash-20260119,DeepInfra,standard,false,true,,stop,stop,748,748,MSCodeBase 1-L live arm,test567,false
gen-1786828413-80PxLGu5CXSZPPId4uLr,2026-08-15 21:13:33.479,0.000025,,-0.000003,,0,437,8,0,64,z-ai/glm-4.7-flash-20260119,DeepInfra,standard,false,true,,stop,stop,466,466,MSCodeBase 1-L live arm,test567,false
gen-1786828412-kCe5cVT1ooChqPeHEzYZ,2026-08-15 21:13:32.320,0.000026,,-0.000003,,0,440,8,0,64,z-ai/glm-4.7-flash-20260119,DeepInfra,standard,false,true,,stop,stop,548,548,MSCodeBase 1-L live arm,test567,false
gen-1786828410-fnsWePNb7OoPfs9DRldD,2026-08-15 21:13:30.967,0.000026,,-0.000003,,0,439,8,0,64,z-ai/glm-4.7-flash-20260119,DeepInfra,standard,false,true,,stop,stop,752,752,MSCodeBase 1-L live arm,test567,false
gen-1786828409-MqhITDNISXxz3dP7Px8Y,2026-08-15 21:13:29.892,0.000026,,-0.000003,,0,439,8,0,64,z-ai/glm-4.7-flash-20260119,DeepInfra,standard,false,true,,stop,stop,437,437,MSCodeBase 1-L live arm,test567,false
gen-1786828408-QfwB0guhPlwOAtMVYKPW,2026-08-15 21:13:28.877,0.000026,,-0.000003,,0,438,8,0,64,z-ai/glm-4.7-flash-20260119,DeepInfra,standard,false,true,,stop,stop,404,404,MSCodeBase 1-L live arm,test567,false
gen-1786828405-C1ejNGgNgyyc0w8BSXUW,2026-08-15 21:13:25.304,0.000017,,-0.000003,,0,300,8,0,64,z-ai/glm-4.7-flash-20260119,DeepInfra,standard,false,true,,stop,stop,2922,2922,MSCodeBase 1-L live arm,test567,false
gen-1786828401-1NQp3fmE8VVzM1RQMQSZ,2026-08-15 21:13:21.246,0.000023,,-0.000003,,0,388,8,0,64,z-ai/glm-4.7-flash-20260119,DeepInfra,standard,false,true,,stop,stop,2291,2291,MSCodeBase 1-L live arm,test567,false
gen-1786828400-QSOsTYKDIyzp9eU6MYBM,2026-08-15 21:13:20.330,0.000021,,,,0,312,8,0,0,z-ai/glm-4.7-flash-20260119,Cloudflare,standard,false,true,,stop,stop,284,284,MSCodeBase 1-L live arm,test567,false
gen-1786828399-HU0Bgy7PQ1uK4vzMSp81,2026-08-15 21:13:19.292,0.000028,,,,0,425,8,0,0,z-ai/glm-4.7-flash-20260119,Cloudflare,standard,false,true,,stop,stop,238,238,MSCodeBase 1-L live arm,test567,false
gen-1786828397-sRUjdI7WbrgBqR7XGEje,2026-08-15 21:13:17.718,0.000022,,-0.000003,,0,376,8,0,64,z-ai/glm-4.7-flash-20260119,DeepInfra,standard,false,true,,stop,stop,504,504,MSCodeBase 1-L live arm,test567,false
gen-1786828396-iAUdBntPnRUol6akoNzw,2026-08-15 21:13:16.546,0.000024,,-0.000003,,0,410,8,0,64,z-ai/glm-4.7-flash-20260119,DeepInfra,standard,false,true,,stop,stop,535,535,MSCodeBase 1-L live arm,test567,false
gen-1786828395-GST6sBGOu8f9sF1IyNzT,2026-08-15 21:13:15.411,0.000022,,-0.000003,,0,380,8,0,64,z-ai/glm-4.7-flash-20260119,DeepInfra,standard,false,true,,stop,stop,517,517,MSCodeBase 1-L live arm,test567,false
gen-1786828394-x2pEE8foU2lYv9aIDba3,2026-08-15 21:13:14.249,0.00002,,-0.000003,,0,348,8,0,64,z-ai/glm-4.7-flash-20260119,DeepInfra,standard,false,true,,stop,stop,569,569,MSCodeBase 1-L live arm,test567,false
gen-1786828393-Xo69fqSETCrmderFxw2I,2026-08-15 21:13:13.060,0.000024,,-0.000003,,0,416,8,0,64,z-ai/glm-4.7-flash-20260119,DeepInfra,standard,false,true,,stop,stop,579,579,MSCodeBase 1-L live arm,test567,false
gen-1786828392-ddGxYNDzXxa6TFBGumcz,2026-08-15 21:13:12.193,0.000028,,,,0,428,8,0,0,z-ai/glm-4.7-flash-20260119,Cloudflare,standard,false,true,,stop,stop,226,226,MSCodeBase 1-L live arm,test567,false
gen-1786828391-bS4hw0089IP7hoF6pj8t,2026-08-15 21:13:11.055,0.000022,,-0.000003,,0,372,8,0,64,z-ai/glm-4.7-flash-20260119,DeepInfra,standard,false,true,,stop,stop,501,501,MSCodeBase 1-L live arm,test567,false
gen-1786828389-hk7fT48DOdWYJzQaozTt,2026-08-15 21:13:09.489,0.000035,,-0.000003,,0,596,8,0,64,z-ai/glm-4.7-flash-20260119,DeepInfra,standard,false,true,,stop,stop,596,596,MSCodeBase 1-L live arm,test567,false
gen-1786828382-1VxsPbZLAneTdylwgN5l,2026-08-15 21:13:01.823,0.000022,,-0.000003,,0,385,8,0,64,z-ai/glm-4.7-flash-20260119,DeepInfra,standard,false,true,,stop,stop,4391,4391,MSCodeBase 1-L live arm,test567,false
gen-1786828380-ORaWznPmoPazdPys4egU,2026-08-15 21:13:00.718,0.000022,,-0.000003,,0,385,8,0,64,z-ai/glm-4.7-flash-20260119,DeepInfra,standard,false,true,,stop,stop,458,458,MSCodeBase 1-L live arm,test567,false
gen-1786828379-Q1AokIp9h4McQnUT6nDo,2026-08-15 21:12:59.668,0.000025,,,,0,366,8,0,0,z-ai/glm-4.7-flash-20260119,Cloudflare,standard,false,true,,stop,stop,399,399,MSCodeBase 1-L live arm,test567,false
gen-1786828378-Ks66y5t48QgUBnti9g1N,2026-08-15 21:12:58.521,0.000025,,-0.000003,,0,428,8,0,64,z-ai/glm-4.7-flash-20260119,DeepInfra,standard,false,true,,stop,stop,498,498,MSCodeBase 1-L live arm,test567,false
gen-1786828377-so8zcdqkrZCumbDLoXS0,2026-08-15 21:12:57.130,0.000025,,-0.000003,,0,430,8,0,64,z-ai/glm-4.7-flash-20260119,DeepInfra,standard,false,true,,stop,stop,792,792,MSCodeBase 1-L live arm,test567,false
gen-1786828376-Lf4Zdzwn8Xtoi3USA2mq,2026-08-15 21:12:56.043,0.00002,,-0.000003,,0,353,8,0,64,z-ai/glm-4.7-flash-20260119,DeepInfra,standard,false,true,,stop,stop,477,477,MSCodeBase 1-L live arm,test567,false
gen-1786828374-tcDAB2EIIKNKwomSlztI,2026-08-15 21:12:54.725,0.000024,,-0.000003,,0,415,8,0,64,z-ai/glm-4.7-flash-20260119,DeepInfra,standard,false,true,,stop,stop,661,661,MSCodeBase 1-L live arm,test567,false
gen-1786828373-jQz3hZzQMYRX8lsdKeTd,2026-08-15 21:12:53.360,0.000019,,-0.000003,,0,333,8,0,64,z-ai/glm-4.7-flash-20260119,DeepInfra,standard,false,true,,stop,stop,754,754,MSCodeBase 1-L live arm,test567,false
gen-1786828371-H4F3Vv2uwpWqC1EH53NN,2026-08-15 21:12:51.726,0.000034,,-0.000003,,0,588,8,0,64,z-ai/glm-4.7-flash-20260119,DeepInfra,standard,false,true,,stop,stop,1041,1041,MSCodeBase 1-L live arm,test567,false
gen-1786828370-17WfGwRCeAbl8QaIOnSf,2026-08-15 21:12:50.620,0.000022,,-0.000003,,0,382,8,0,64,z-ai/glm-4.7-flash-20260119,DeepInfra,standard,false,true,,stop,stop,480,480,MSCodeBase 1-L live arm,test567,false
gen-1786828365-TjgF6B1GQvpHf6vRzYV9,2026-08-15 21:12:44.977,0.00002,,-0.000003,,0,339,8,0,64,z-ai/glm-4.7-flash-20260119,DeepInfra,standard,false,true,,stop,stop,5007,5007,MSCodeBase 1-L live arm,test567,false
gen-1786828362-ma6LYlijAhRIeQl4sZii,2026-08-15 21:12:42.248,0.000025,,-0.000003,,0,436,8,0,64,z-ai/glm-4.7-flash-20260119,DeepInfra,standard,false,true,,stop,stop,978,978,MSCodeBase 1-L live arm,test567,false
gen-1786828350-8RFpTSNyZRCS1MUXVhzK,2026-08-15 21:12:30.473,0.000029,,,,0,439,8,0,0,z-ai/glm-4.7-flash-20260119,Venice,standard,false,true,,stop,stop,564,564,MSCodeBase 1-L live arm,test567,false
gen-1786828338-6eAfJwj2sArdsgYNsYF1,2026-08-15 21:12:18.009,0.000031,,,,0,480,8,0,0,deepseek/deepseek-v4-flash-20260423,Baidu,standard,false,true,,stop,stop,527,527,MSCodeBase 1-L live arm,test567,false
gen-1786828335-dx5ZibSzwM8rhoH7YMK6,2026-08-15 21:12:15.520,0.00003,,,,0,463,8,0,0,deepseek/deepseek-v4-flash-20260423,StreamLake,standard,false,true,,stop,stop,1864,1864,MSCodeBase 1-L live arm,test567,false
gen-1786828333-E66BekGa7y1OhmLAVokj,2026-08-15 21:12:13.980,0.00003,,,,0,464,8,0,0,deepseek/deepseek-v4-flash-20260423,StreamLake,standard,false,true,,stop,stop,930,930,MSCodeBase 1-L live arm,test567,false
gen-1786828331-82a5qq49fjp2t91wKkIB,2026-08-15 21:12:11.983,0.000019,,,,0,288,8,0,0,deepseek/deepseek-v4-flash-20260423,StreamLake,standard,false,true,,stop,stop,1399,1399,MSCodeBase 1-L live arm,test567,false
gen-1786828328-CXTORFnYJ0Woa0eN38yZ,2026-08-15 21:12:08.752,0.000029,,,,0,443,8,0,0,deepseek/deepseek-v4-flash-20260423,StreamLake,standard,false,true,,stop,stop,2631,2631,MSCodeBase 1-L live arm,test567,false
gen-1786828326-gMUuZ20twS5vnjqAwv9l,2026-08-15 21:12:06.790,0.000024,,,,0,368,8,0,0,deepseek/deepseek-v4-flash-20260423,StreamLake,standard,false,true,,stop,stop,1366,1366,MSCodeBase 1-L live arm,test567,false
gen-1786828324-9Cnl9Vj8DJKyo277SHtv,2026-08-15 21:12:04.879,0.000019,,,,0,289,8,0,0,deepseek/deepseek-v4-flash-20260423,StreamLake,standard,false,true,,stop,stop,1301,1301,MSCodeBase 1-L live arm,test567,false
gen-1786828321-09FO9ggO0ctgzr8Kr1mx,2026-08-15 21:12:01.741,0.000023,,,,0,347,8,0,0,deepseek/deepseek-v4-flash-20260423,StreamLake,standard,false,true,,stop,stop,2458,2458,MSCodeBase 1-L live arm,test567,false
gen-1786828318-4zEfkIvcLRJb6XSJqwx2,2026-08-15 21:11:58.456,0.00002,,,,0,307,8,0,0,deepseek/deepseek-v4-flash-20260423,StreamLake,standard,false,true,,stop,stop,2568,2568,MSCodeBase 1-L live arm,test567,false
gen-1786828315-eSDPWHIy9200n2WKl0D2,2026-08-15 21:11:55.872,0.00003,,,,0,460,8,0,0,deepseek/deepseek-v4-flash-20260423,StreamLake,standard,false,true,,stop,stop,1893,1893,MSCodeBase 1-L live arm,test567,false
gen-1786828313-p0asgbSso83tPuIkZYSz,2026-08-15 21:11:53.757,0.00003,,,,0,461,8,0,0,deepseek/deepseek-v4-flash-20260423,StreamLake,standard,false,true,,stop,stop,1530,1530,MSCodeBase 1-L live arm,test567,false
gen-1786828311-Z6ObFbjwByuGOmyvFTAu,2026-08-15 21:11:51.844,0.00003,,,,0,461,8,0,0,deepseek/deepseek-v4-flash-20260423,StreamLake,standard,false,true,,stop,stop,1289,1289,MSCodeBase 1-L live arm,test567,false
gen-1786828310-aWRRk3vv8j2ZGmGyWjgX,2026-08-15 21:11:50.143,0.00003,,,,0,461,8,0,0,deepseek/deepseek-v4-flash-20260423,StreamLake,standard,false,true,,stop,stop,1080,1080,MSCodeBase 1-L live arm,test567,false
gen-1786828308-5aMmKt2Kkp07ASEtbLc9,2026-08-15 21:11:48.221,0.00003,,,,0,461,8,0,0,deepseek/deepseek-v4-flash-20260423,StreamLake,standard,false,true,,stop,stop,1200,1200,MSCodeBase 1-L live arm,test567,false
gen-1786828306-Et87rlqjea8WGQY1Tqh3,2026-08-15 21:11:46.336,0.00003,,,,0,463,8,0,0,deepseek/deepseek-v4-flash-20260423,StreamLake,standard,false,true,,stop,stop,1209,1209,MSCodeBase 1-L live arm,test567,false
gen-1786828304-pwPyUemYjWBttp7WpjDZ,2026-08-15 21:11:44.831,0.00003,,,,0,460,8,0,0,deepseek/deepseek-v4-flash-20260423,StreamLake,standard,false,true,,stop,stop,876,876,MSCodeBase 1-L live arm,test567,false
gen-1786828302-7U9eLMFNj0i1eyHs0DH8,2026-08-15 21:11:42.898,0.00003,,,,0,462,8,0,0,deepseek/deepseek-v4-flash-20260423,StreamLake,standard,false,true,,stop,stop,1337,1337,MSCodeBase 1-L live arm,test567,false
gen-1786828297-JpGjp8W0UR7GkOLFgO6H,2026-08-15 21:11:37.164,0.00003,,,,0,463,8,0,0,deepseek/deepseek-v4-flash-20260423,StreamLake,standard,false,true,,stop,stop,5112,5112,MSCodeBase 1-L live arm,test567,false
gen-1786828295-v6PXXOqp2q3qYLm9IZBq,2026-08-15 21:11:35.270,0.00003,,,,0,459,8,0,0,deepseek/deepseek-v4-flash-20260423,StreamLake,standard,false,true,,stop,stop,1284,1284,MSCodeBase 1-L live arm,test567,false
gen-1786828293-I7L0rTrNRYfEi4hnIFOE,2026-08-15 21:11:33.431,0.00003,,,,0,460,8,0,0,deepseek/deepseek-v4-flash-20260423,StreamLake,standard,false,true,,stop,stop,1169,1169,MSCodeBase 1-L live arm,test567,false
gen-1786828291-pnldVdRSyTRGPfRpN9RP,2026-08-15 21:11:31.387,0.00003,,,,0,461,8,0,0,deepseek/deepseek-v4-flash-20260423,StreamLake,standard,false,true,,stop,stop,1421,1421,MSCodeBase 1-L live arm,test567,false
gen-1786828289-nly0pjt3qr9RAKIiQL3q,2026-08-15 21:11:29.330,0.00003,,,,0,464,8,0,0,deepseek/deepseek-v4-flash-20260423,StreamLake,standard,false,true,,stop,stop,1302,1302,MSCodeBase 1-L live arm,test567,false
gen-1786828287-5kd0YD6Nvt1eK9yltl4K,2026-08-15 21:11:27.803,0.00003,,,,0,462,8,0,0,deepseek/deepseek-v4-flash-20260423,StreamLake,standard,false,true,,stop,stop,826,826,MSCodeBase 1-L live arm,test567,false
gen-1786828285-6017sMvnXdZnA9PeSeT6,2026-08-15 21:11:25.950,0.00003,,,,0,463,8,0,0,deepseek/deepseek-v4-flash-20260423,StreamLake,standard,false,true,,stop,stop,1172,1172,MSCodeBase 1-L live arm,test567,false
gen-1786828284-SUxUYxKBGYpFOEaQ0mD9,2026-08-15 21:11:24.276,0.00003,,,,0,461,8,0,0,deepseek/deepseek-v4-flash-20260423,StreamLake,standard,false,true,,stop,stop,991,991,MSCodeBase 1-L live arm,test567,false
gen-1786828281-wygk1xzE9jusmAqfrBwj,2026-08-15 21:11:21.567,0.000021,,,,0,318,8,0,0,deepseek/deepseek-v4-flash-20260423,StreamLake,standard,false,true,,stop,stop,1711,1711,MSCodeBase 1-L live arm,test567,false
gen-1786828279-df0AdBiWA6695MH215Ik,2026-08-15 21:11:19.720,0.000027,,,,0,410,8,0,0,deepseek/deepseek-v4-flash-20260423,StreamLake,standard,false,true,,stop,stop,1165,1165,MSCodeBase 1-L live arm,test567,false
gen-1786828277-8YGKcRK55d4LXGeJL8lP,2026-08-15 21:11:17.976,0.000022,,,,0,333,8,0,0,deepseek/deepseek-v4-flash-20260423,StreamLake,standard,false,true,,stop,stop,1032,1032,MSCodeBase 1-L live arm,test567,false
gen-1786828275-z4QujAGXJOHOz1x9JqJ9,2026-08-15 21:11:15.757,0.000029,,,,0,447,8,0,0,deepseek/deepseek-v4-flash-20260423,StreamLake,standard,false,true,,stop,stop,1447,1447,MSCodeBase 1-L live arm,test567,false
gen-1786828273-r0OJIiPRfv9jEoTIso53,2026-08-15 21:11:13.639,0.000025,,,,0,391,8,0,0,deepseek/deepseek-v4-flash-20260423,StreamLake,standard,false,true,,stop,stop,1336,1336,MSCodeBase 1-L live arm,test567,false
gen-1786828271-CUjGCRXpyqLJWKhemvJm,2026-08-15 21:11:11.485,0.000028,,,,0,434,8,0,0,deepseek/deepseek-v4-flash-20260423,StreamLake,standard,false,true,,stop,stop,1519,1519,MSCodeBase 1-L live arm,test567,false
gen-1786828270-S59OuAlMWmVBWxlQWdqS,2026-08-15 21:11:10.066,0.000024,,,,0,370,8,0,0,deepseek/deepseek-v4-flash-20260423,StreamLake,standard,false,true,,stop,stop,745,745,MSCodeBase 1-L live arm,test567,false
gen-1786828267-Me0ca6m1vGwqtQngf8WC,2026-08-15 21:11:07.371,0.000024,,,,0,372,8,0,0,deepseek/deepseek-v4-flash-20260423,StreamLake,standard,false,true,,stop,stop,2067,2067,MSCodeBase 1-L live arm,test567,false
gen-1786828265-VZxxffwmh8y1SJxO3K30,2026-08-15 21:11:05.654,0.000031,,,,0,478,8,0,0,deepseek/deepseek-v4-flash-20260423,StreamLake,standard,false,true,,stop,stop,1101,1101,MSCodeBase 1-L live arm,test567,false
gen-1786828263-YD4ZQsTkeBmuj1RCAdqH,2026-08-15 21:11:03.883,0.000031,,,,0,478,8,0,0,deepseek/deepseek-v4-flash-20260423,StreamLake,standard,false,true,,stop,stop,1179,1179,MSCodeBase 1-L live arm,test567,false
gen-1786828261-MMfapznCGNkKQnbKsX4x,2026-08-15 21:11:01.739,0.000026,,,,0,397,8,0,0,deepseek/deepseek-v4-flash-20260423,StreamLake,standard,false,true,,stop,stop,1416,1416,MSCodeBase 1-L live arm,test567,false
gen-1786828259-YFlevwhDALheDF1mmh1I,2026-08-15 21:10:59.848,0.00004,,,,0,625,8,0,0,deepseek/deepseek-v4-flash-20260423,StreamLake,standard,false,true,,stop,stop,1223,1223,MSCodeBase 1-L live arm,test567,false
gen-1786828258-zuxOTomWzfi0YMyKIWUy,2026-08-15 21:10:58.360,0.000027,,,,0,410,8,0,0,deepseek/deepseek-v4-flash-20260423,StreamLake,standard,false,true,,stop,stop,900,900,MSCodeBase 1-L live arm,test567,false
gen-1786828256-Ho9ZVC7tdH4E5i6EEiKO,2026-08-15 21:10:56.939,0.000026,,,,0,403,8,0,0,deepseek/deepseek-v4-flash-20260423,StreamLake,standard,false,true,,stop,stop,830,830,MSCodeBase 1-L live arm,test567,false
gen-1786828252-rhV4WDH3iZGOAkbk33sP,2026-08-15 21:10:52.548,0.000025,,,,0,379,8,0,0,deepseek/deepseek-v4-flash-20260423,StreamLake,standard,false,true,,stop,stop,3788,3788,MSCodeBase 1-L live arm,test567,false
gen-1786828250-9LfDaJPfWFgvyuXKSFzK,2026-08-15 21:10:50.495,0.00003,,,,0,456,8,0,0,deepseek/deepseek-v4-flash-20260423,StreamLake,standard,false,true,,stop,stop,1444,1444,MSCodeBase 1-L live arm,test567,false
gen-1786828249-t4CDIXki9kb831DAmoy3,2026-08-15 21:10:49.084,0.00003,,,,0,457,8,0,0,deepseek/deepseek-v4-flash-20260423,StreamLake,standard,false,true,,stop,stop,789,789,MSCodeBase 1-L live arm,test567,false
gen-1786828246-rRyOP1f7BGbG09Dlxq8H,2026-08-15 21:10:46.041,0.000026,,,,0,393,8,0,0,deepseek/deepseek-v4-flash-20260423,StreamLake,standard,false,true,,stop,stop,2441,2441,MSCodeBase 1-L live arm,test567,false
gen-1786828244-hI9Aaf09LGSXTMoSXP6P,2026-08-15 21:10:44.634,0.000029,,,,0,454,8,0,0,deepseek/deepseek-v4-flash-20260423,StreamLake,standard,false,true,,stop,stop,789,789,MSCodeBase 1-L live arm,test567,false
gen-1786828242-WM7xWMxiNDaUV5MreiH4,2026-08-15 21:10:42.746,0.000023,,,,0,352,8,0,0,deepseek/deepseek-v4-flash-20260423,StreamLake,standard,false,true,,stop,stop,1264,1264,MSCodeBase 1-L live arm,test567,false
gen-1786828238-NNwDoADUUA9QrImniOfv,2026-08-15 21:10:38.254,0.00004,,,,0,628,8,0,0,deepseek/deepseek-v4-flash-20260423,StreamLake,standard,false,true,,stop,stop,3855,3855,MSCodeBase 1-L live arm,test567,false
gen-1786828231-3fLlF5zf7gAnT5muJCE2,2026-08-15 21:10:31.494,0.000026,,,,0,407,8,0,0,deepseek/deepseek-v4-flash-20260423,StreamLake,standard,false,true,,stop,stop,6137,6137,MSCodeBase 1-L live arm,test567,false
gen-1786828229-z6XeydFSAK3IEaTXJOIa,2026-08-15 21:10:28.735,0.000024,,,,0,366,8,0,0,deepseek/deepseek-v4-flash-20260423,StreamLake,standard,false,true,,stop,stop,1492,1492,MSCodeBase 1-L live arm,test567,false
gen-1786828222-uQhcqk2vAFrx7WlGZS4p,2026-08-15 21:10:22.742,0.00003,,,,0,459,8,0,0,deepseek/deepseek-v4-flash-20260423,StreamLake,standard,false,true,,stop,stop,5367,5367,MSCodeBase 1-L live arm,test567,false
gen-1786828211-mz2ejkYEJBrexHAJbE33,2026-08-15 21:10:11.880,0.00003,,,,0,461,8,0,0,deepseek/deepseek-v4-flash-20260423,StreamLake,standard,false,true,,stop,stop,10250,10250,MSCodeBase 1-L live arm,test567,false
gen-1786828211-NIt0O3mI29qzjXW9hGqA,2026-08-15 21:10:11.067,0.000015,,,,0,460,12,0,0,qwen/qwen3.7-flash-20260727,Alibaba,standard,false,true,,stop,stop,508,508,MSCodeBase 1-L live arm,test567,false
gen-1786828209-0SPDWAPuqQYYnWkjJvx4,2026-08-15 21:10:09.787,0.000015,,,,0,465,12,0,0,qwen/qwen3.7-flash-20260727,Alibaba,standard,false,true,,stop,stop,680,680,MSCodeBase 1-L live arm,test567,false
gen-1786828208-PeWFGuym3D2aVVohmJKJ,2026-08-15 21:10:08.304,0.000015,,,,0,465,12,0,0,qwen/qwen3.7-flash-20260727,Alibaba,standard,false,true,,stop,stop,708,708,MSCodeBase 1-L live arm,test567,false
gen-1786828206-17wEFtgw2XL45LtyXkLz,2026-08-15 21:10:06.771,0.00001,,,,0,302,12,0,0,qwen/qwen3.7-flash-20260727,Alibaba,standard,false,true,,stop,stop,861,861,MSCodeBase 1-L live arm,test567,false
gen-1786828205-adNYpYsvudBsI3zGl6Zb,2026-08-15 21:10:05.586,0.000014,,,,0,446,12,0,0,qwen/qwen3.7-flash-20260727,Alibaba,standard,false,true,,stop,stop,569,569,MSCodeBase 1-L live arm,test567,false
gen-1786828204-3B4unWZykCtf1BxH9E5S,2026-08-15 21:10:04.293,0.000012,,,,0,373,12,0,0,qwen/qwen3.7-flash-20260727,Alibaba,standard,false,true,,stop,stop,674,674,MSCodeBase 1-L live arm,test567,false
gen-1786828203-ye87retwizh6pBRTNtCL,2026-08-15 21:10:03.021,0.00001,,,,0,305,12,0,0,qwen/qwen3.7-flash-20260727,Alibaba,standard,false,true,,stop,stop,644,644,MSCodeBase 1-L live arm,test567,false
gen-1786828201-ogyicc8R7iI1t3cJtH4R,2026-08-15 21:10:01.824,0.000011,,,,0,349,12,0,0,qwen/qwen3.7-flash-20260727,Alibaba,standard,false,true,,stop,stop,596,596,MSCodeBase 1-L live arm,test567,false
gen-1786828200-1cjZpY4JuTpTb7GjXeR9,2026-08-15 21:10:00.353,0.00001,,,,0,309,12,0,0,qwen/qwen3.7-flash-20260727,Alibaba,standard,false,true,,stop,stop,847,847,MSCodeBase 1-L live arm,test567,false
gen-1786828199-MDYSiHMCng86K3IBNpZs,2026-08-15 21:09:59.016,0.000015,,,,0,462,12,0,0,qwen/qwen3.7-flash-20260727,Alibaba,standard,false,true,,stop,stop,739,739,MSCodeBase 1-L live arm,test567,false
gen-1786828197-8UFdBk3gBXSII2DwcViX,2026-08-15 21:09:57.743,0.000015,,,,0,462,11,0,0,qwen/qwen3.7-flash-20260727,Alibaba,standard,false,true,,stop,stop,621,621,MSCodeBase 1-L live arm,test567,false
gen-1786828196-6Xnc2h5Spce0cAhY2dSv,2026-08-15 21:09:56.316,0.000015,,,,0,463,11,0,0,qwen/qwen3.7-flash-20260727,Alibaba,standard,false,true,,stop,stop,740,740,MSCodeBase 1-L live arm,test567,false
gen-1786828195-BWx5SY25LUVbr3MScWt1,2026-08-15 21:09:55.031,0.000015,,,,0,462,11,0,0,qwen/qwen3.7-flash-20260727,Alibaba,standard,false,true,,stop,stop,604,604,MSCodeBase 1-L live arm,test567,false
gen-1786828193-vbivhSr0YESkD4G1Inqh,2026-08-15 21:09:53.746,0.000015,,,,0,463,12,0,0,qwen/qwen3.7-flash-20260727,Alibaba,standard,false,true,,stop,stop,594,594,MSCodeBase 1-L live arm,test567,false
gen-1786828192-6yraJuEt7HGUwoU2Gr28,2026-08-15 21:09:52.552,0.000015,,,,0,464,12,0,0,qwen/qwen3.7-flash-20260727,Alibaba,standard,false,true,,stop,stop,505,505,MSCodeBase 1-L live arm,test567,false
gen-1786828191-0cImm0uohblAJApvGaPv,2026-08-15 21:09:51.239,0.000015,,,,0,462,12,0,0,qwen/qwen3.7-flash-20260727,Alibaba,standard,false,true,,stop,stop,712,712,MSCodeBase 1-L live arm,test567,false
gen-1786828189-5OnpaSGF3zz9LHDV2mon,2026-08-15 21:09:49.989,0.000015,,,,0,464,11,0,0,qwen/qwen3.7-flash-20260727,Alibaba,standard,false,true,,stop,stop,585,585,MSCodeBase 1-L live arm,test567,false
gen-1786828188-cx547K7app3NYFJHxPlN,2026-08-15 21:09:48.877,0.000015,,,,0,464,12,0,0,qwen/qwen3.7-flash-20260727,Alibaba,standard,false,true,,stop,stop,509,509,MSCodeBase 1-L live arm,test567,false
gen-1786828187-7FHEP0xnsHL2F91Grjn4,2026-08-15 21:09:47.583,0.000015,,,,0,460,12,0,0,qwen/qwen3.7-flash-20260727,Alibaba,standard,false,true,,stop,stop,656,656,MSCodeBase 1-L live arm,test567,false
gen-1786828186-q3eiubYShg0L1i6tO4s3,2026-08-15 21:09:46.132,0.000015,,,,0,462,11,0,0,qwen/qwen3.7-flash-20260727,Alibaba,standard,false,true,,stop,stop,842,842,MSCodeBase 1-L live arm,test567,false
gen-1786828184-t4nYOErDLvcFfzscyRVA,2026-08-15 21:09:44.614,0.000015,,,,0,462,12,0,0,qwen/qwen3.7-flash-20260727,Alibaba,standard,false,true,,stop,stop,807,807,MSCodeBase 1-L live arm,test567,false
gen-1786828183-KbMr3E3uKLhPbe2of8El,2026-08-15 21:09:43.435,0.000015,,,,0,464,12,0,0,qwen/qwen3.7-flash-20260727,Alibaba,standard,false,true,,stop,stop,577,577,MSCodeBase 1-L live arm,test567,false
gen-1786828182-JfjemL29714o0ORHiihQ,2026-08-15 21:09:42.268,0.000015,,,,0,464,12,0,0,qwen/qwen3.7-flash-20260727,Alibaba,standard,false,true,,stop,stop,535,535,MSCodeBase 1-L live arm,test567,false
gen-1786828180-dhw5UR7WoYPcv6MS3JLW,2026-08-15 21:09:40.829,0.000015,,,,0,464,12,0,0,qwen/qwen3.7-flash-20260727,Alibaba,standard,false,true,,stop,stop,832,832,MSCodeBase 1-L live arm,test567,false
gen-1786828179-aVuGZS5gUnwpt86h90GQ,2026-08-15 21:09:39.653,0.000015,,,,0,462,12,0,0,qwen/qwen3.7-flash-20260727,Alibaba,standard,false,true,,stop,stop,558,558,MSCodeBase 1-L live arm,test567,false
gen-1786828178-ez0tbXHkvE2ucVtEeNx7,2026-08-15 21:09:38.309,0.000011,,,,0,324,12,0,0,qwen/qwen3.7-flash-20260727,Alibaba,standard,false,true,,stop,stop,728,728,MSCodeBase 1-L live arm,test567,false
gen-1786828177-BQf9U6E2oyKECMPUWCLH,2026-08-15 21:09:37.034,0.000013,,,,0,423,11,0,0,qwen/qwen3.7-flash-20260727,Alibaba,standard,false,true,,stop,stop,490,490,MSCodeBase 1-L live arm,test567,false
gen-1786828175-UtYd9sHDIBICeSHRpGBC,2026-08-15 21:09:35.485,0.000011,,,,0,344,12,0,0,qwen/qwen3.7-flash-20260727,Alibaba,standard,false,true,,stop,stop,822,822,MSCodeBase 1-L live arm,test567,false
gen-1786828174-t0vva9wkBKhz0nlW1RBX,2026-08-15 21:09:34.060,0.000014,,,,0,450,11,0,0,qwen/qwen3.7-flash-20260727,Alibaba,standard,false,true,,stop,stop,731,731,MSCodeBase 1-L live arm,test567,false
gen-1786828172-cvYXUCopEO7u7YnjEXUF,2026-08-15 21:09:32.833,0.000013,,,,0,409,12,0,0,qwen/qwen3.7-flash-20260727,Alibaba,standard,false,true,,stop,stop,525,525,MSCodeBase 1-L live arm,test567,false
gen-1786828170-2At3ihN0HNwLJFL6jkPc,2026-08-15 21:09:30.943,0.000014,,,,0,438,12,0,0,qwen/qwen3.7-flash-20260727,Alibaba,standard,false,true,,stop,stop,1241,1241,MSCodeBase 1-L live arm,test567,false
gen-1786828169-1ufJxH5ZAfDJUqAcQdVj,2026-08-15 21:09:29.450,0.000012,,,,0,378,12,0,0,qwen/qwen3.7-flash-20260727,Alibaba,standard,false,true,,stop,stop,764,764,MSCodeBase 1-L live arm,test567,false
gen-1786828168-gBTxjB0MnUD7vynOqywi,2026-08-15 21:09:28.144,0.000012,,,,0,370,11,0,0,qwen/qwen3.7-flash-20260727,Alibaba,standard,false,true,,stop,stop,592,592,MSCodeBase 1-L live arm,test567,false
gen-1786828166-0W0BbYqFIU8zJxASZno4,2026-08-15 21:09:26.875,0.000014,,,,0,447,12,0,0,qwen/qwen3.7-flash-20260727,Alibaba,standard,false,true,,stop,stop,623,623,MSCodeBase 1-L live arm,test567,false
gen-1786828165-e7AII3RepfhCeSZS7gVr,2026-08-15 21:09:25.559,0.000015,,,,0,462,12,0,0,qwen/qwen3.7-flash-20260727,Alibaba,standard,false,true,,stop,stop,607,607,MSCodeBase 1-L live arm,test567,false
gen-1786828164-BvGKSvZpKHEknUsjhJLD,2026-08-15 21:09:24.283,0.000013,,,,0,412,11,0,0,qwen/qwen3.7-flash-20260727,Alibaba,standard,false,true,,stop,stop,638,638,MSCodeBase 1-L live arm,test567,false
gen-1786828162-Y1hQ2v265fe0pnwSSGZq,2026-08-15 21:09:22.883,0.00002,,,,0,632,12,0,0,qwen/qwen3.7-flash-20260727,Alibaba,standard,false,true,,stop,stop,724,724,MSCodeBase 1-L live arm,test567,false
gen-1786828161-gI86K2B5SWNz3pxhBjye,2026-08-15 21:09:21.614,0.000014,,,,0,424,12,0,0,qwen/qwen3.7-flash-20260727,Alibaba,standard,false,true,,stop,stop,598,598,MSCodeBase 1-L live arm,test567,false
gen-1786828160-NDOjRZFaQo5Jgm0CjxNF,2026-08-15 21:09:20.193,0.000013,,,,0,415,12,0,0,qwen/qwen3.7-flash-20260727,Alibaba,standard,false,true,,stop,stop,735,735,MSCodeBase 1-L live arm,test567,false
gen-1786828156-IdOnMahThfnxT35KzhJl,2026-08-15 21:09:16.396,0.000013,,,,0,407,12,0,0,qwen/qwen3.7-flash-20260727,Alibaba,standard,false,true,,stop,stop,546,546,MSCodeBase 1-L live arm,test567,false
gen-1786828155-KGhEIGRNKLSRFb0hNYb8,2026-08-15 21:09:15.222,0.000014,,,,0,442,11,0,0,qwen/qwen3.7-flash-20260727,Alibaba,standard,false,true,,stop,stop,545,545,MSCodeBase 1-L live arm,test567,false
gen-1786828153-W15rZeayvWBJlNsycg2d,2026-08-15 21:09:13.925,0.000014,,,,0,444,12,0,0,qwen/qwen3.7-flash-20260727,Alibaba,standard,false,true,,stop,stop,685,685,MSCodeBase 1-L live arm,test567,false
gen-1786828152-4umzhibv6OfedythDR9w,2026-08-15 21:09:12.625,0.000012,,,,0,385,12,0,0,qwen/qwen3.7-flash-20260727,Alibaba,standard,false,true,,stop,stop,620,620,MSCodeBase 1-L live arm,test567,false
gen-1786828151-302XppHk2wLvYU7IYPSF,2026-08-15 21:09:11.423,0.000015,,,,0,456,12,0,0,qwen/qwen3.7-flash-20260727,Alibaba,standard,false,true,,stop,stop,544,544,MSCodeBase 1-L live arm,test567,false
gen-1786828150-5A3r4c8r7jncp3ui8Aut,2026-08-15 21:09:10.141,0.000012,,,,0,363,12,0,0,qwen/qwen3.7-flash-20260727,Alibaba,standard,false,true,,stop,stop,595,595,MSCodeBase 1-L live arm,test567,false
gen-1786828148-JctR6R9Lm8zo0pDgdhZN,2026-08-15 21:09:08.978,0.000019,,,,0,617,11,0,0,qwen/qwen3.7-flash-20260727,Alibaba,standard,false,true,,stop,stop,525,525,MSCodeBase 1-L live arm,test567,false
gen-1786828147-5rVJPg8yR2rKwjrNHyie,2026-08-15 21:09:07.678,0.000013,,,,0,405,12,0,0,qwen/qwen3.7-flash-20260727,Alibaba,standard,false,true,,stop,stop,620,620,MSCodeBase 1-L live arm,test567,false
gen-1786828146-ukuFXCQxVTNsVWz2G9Xt,2026-08-15 21:09:06.216,0.000012,,,,0,367,11,0,0,qwen/qwen3.7-flash-20260727,Alibaba,standard,false,true,,stop,stop,761,761,MSCodeBase 1-L live arm,test567,false
gen-1786828144-tpA87NAAVhekEVAOAMiy,2026-08-15 21:09:04.835,0.000015,,,,0,462,11,0,0,qwen/qwen3.7-flash-20260727,Alibaba,standard,false,true,,stop,stop,686,686,MSCodeBase 1-L live arm,test567,false
gen-1786828142-9jgRKvKcNiMPpNTVxmwT,2026-08-15 21:09:02.978,0.000015,,,,0,464,11,0,0,qwen/qwen3.7-flash-20260727,Alibaba,standard,false,true,,stop,stop,1263,1263,MSCodeBase 1-L live arm,test567,false
gen-1786828141-OnlgVxrVnBFVECpnjtek,2026-08-15 21:09:01.526,0.00001,,,,0,126,8,0,0,z-ai/glm-4.7-flash-20260119,Cloudflare,standard,false,true,,stop,stop,479,479,MSCodeBase 1-L live arm,test567,false
gen-1786828140-VZoORGkxVA1RuFileG59,2026-08-15 21:09:00.238,0.000007,,-0.000003,,0,132,8,0,64,z-ai/glm-4.7-flash-20260119,DeepInfra,standard,false,true,,stop,stop,488,488,MSCodeBase 1-L live arm,test567,false
gen-1786828139-dAH8l9PyGOOsxmF3y1PI,2026-08-15 21:08:59.380,0.000011,,,,0,133,8,0,0,z-ai/glm-4.7-flash-20260119,Cloudflare,standard,false,true,,stop,stop,197,197,MSCodeBase 1-L live arm,test567,false
gen-1786828138-6gbBdP4OUae7UhGkj7Af,2026-08-15 21:08:58.444,0.000011,,,,0,131,8,0,0,z-ai/glm-4.7-flash-20260119,Cloudflare,standard,false,true,,stop,stop,248,248,MSCodeBase 1-L live arm,test567,false
gen-1786828137-MfTOmeaTOmgdrn9RbXpt,2026-08-15 21:08:57.263,0.00001,,,,0,129,8,0,0,z-ai/glm-4.7-flash-20260119,Cloudflare,standard,false,true,,stop,stop,509,509,MSCodeBase 1-L live arm,test567,false
gen-1786828136-aNI37agqtRZOqsJB3yrU,2026-08-15 21:08:56.270,0.000011,,,,0,131,8,0,0,z-ai/glm-4.7-flash-20260119,Cloudflare,standard,false,true,,stop,stop,260,260,MSCodeBase 1-L live arm,test567,false
gen-1786828135-iXqeIWx9451XzcBMEncO,2026-08-15 21:08:55.246,0.000011,,,,0,131,8,0,0,z-ai/glm-4.7-flash-20260119,Cloudflare,standard,false,true,,stop,stop,363,363,MSCodeBase 1-L live arm,test567,false
gen-1786828134-6FSCn1X3ubgNsICsLIcW,2026-08-15 21:08:53.966,0.000007,,-0.000003,,0,126,8,0,64,z-ai/glm-4.7-flash-20260119,DeepInfra,standard,false,true,,stop,stop,409,409,MSCodeBase 1-L live arm,test567,false
gen-1786828132-2MthyqIJwRJWtQZ3z4rQ,2026-08-15 21:08:52.444,0.000011,,,,0,133,8,0,0,z-ai/glm-4.7-flash-20260119,Cloudflare,standard,false,true,,stop,stop,321,321,MSCodeBase 1-L live arm,test567,false
gen-1786828131-2CeEkfMUDhWtl3TOKfg2,2026-08-15 21:08:51.162,0.000007,,-0.000003,,0,129,8,0,64,z-ai/glm-4.7-flash-20260119,DeepInfra,standard,false,true,,stop,stop,416,416,MSCodeBase 1-L live arm,test567,false
gen-1786828129-4SlXa51AE9YxeZlBFzlh,2026-08-15 21:08:49.834,0.000007,,-0.000003,,0,128,8,0,64,z-ai/glm-4.7-flash-20260119,DeepInfra,standard,false,true,,stop,stop,391,391,MSCodeBase 1-L live arm,test567,false
gen-1786828128-eM7eLqtjwdVMAM9wV6r3,2026-08-15 21:08:48.514,0.000007,,-0.000003,,0,133,8,0,64,z-ai/glm-4.7-flash-20260119,DeepInfra,standard,false,true,,stop,stop,423,423,MSCodeBase 1-L live arm,test567,false
gen-1786828127-D6oKNWntAMAgrZd0eTCn,2026-08-15 21:08:47.318,0.00001,,,,0,129,8,0,0,z-ai/glm-4.7-flash-20260119,Cloudflare,standard,false,true,,stop,stop,230,230,MSCodeBase 1-L live arm,test567,false
gen-1786828126-62Fn9b1APaT5sUN1CS34,2026-08-15 21:08:46.075,0.000011,,,,0,132,8,0,0,z-ai/glm-4.7-flash-20260119,Cloudflare,standard,false,true,,stop,stop,339,339,MSCodeBase 1-L live arm,test567,false
gen-1786828124-7flpnEHIgxA8bHU4AdY3,2026-08-15 21:08:44.399,0.000007,,-0.000003,,0,132,8,0,64,z-ai/glm-4.7-flash-20260119,DeepInfra,standard,false,true,,stop,stop,764,764,MSCodeBase 1-L live arm,test567,false
gen-1786828122-hs74koskx8kxQetzwxSN,2026-08-15 21:08:42.676,0.00001,,,,0,129,8,0,0,z-ai/glm-4.7-flash-20260119,Cloudflare,standard,false,true,,stop,stop,845,845,MSCodeBase 1-L live arm,test567,false
gen-1786828121-KCQX34CqhzH2SjEdcZuS,2026-08-15 21:08:41.386,0.000007,,-0.000003,,0,132,8,0,64,z-ai/glm-4.7-flash-20260119,DeepInfra,standard,false,true,,stop,stop,436,436,MSCodeBase 1-L live arm,test567,false
gen-1786828119-Fb17wiirwIDpSWYsz0BZ,2026-08-15 21:08:39.874,0.000007,,-0.000003,,0,132,8,0,64,z-ai/glm-4.7-flash-20260119,DeepInfra,standard,false,true,,stop,stop,562,562,MSCodeBase 1-L live arm,test567,false
gen-1786828118-qqKDDgMmgmtNgyx2fIl2,2026-08-15 21:08:38.711,0.00001,,,,0,127,8,0,0,z-ai/glm-4.7-flash-20260119,Cloudflare,standard,false,true,,stop,stop,318,318,MSCodeBase 1-L live arm,test567,false
gen-1786828117-hbxE2oQ24YL1VceUwsyw,2026-08-15 21:08:37.116,0.000007,,-0.000003,,0,129,8,0,64,z-ai/glm-4.7-flash-20260119,DeepInfra,standard,false,true,,stop,stop,752,752,MSCodeBase 1-L live arm,test567,false
gen-1786828115-ZJiNJx8MeBuQaC87IqQV,2026-08-15 21:08:35.763,0.000007,,-0.000003,,0,130,8,0,64,z-ai/glm-4.7-flash-20260119,DeepInfra,standard,false,true,,stop,stop,456,456,MSCodeBase 1-L live arm,test567,false
gen-1786828114-rz05dARSLmHsrO0mdxgd,2026-08-15 21:08:34.091,0.000011,,,,0,134,8,0,0,z-ai/glm-4.7-flash-20260119,Cloudflare,standard,false,true,,stop,stop,170,170,MSCodeBase 1-L live arm,test567,false
gen-1786828112-2IOtziwCyOHLgYiG4he1,2026-08-15 21:08:32.945,0.000011,,,,0,132,8,0,0,z-ai/glm-4.7-flash-20260119,Cloudflare,standard,false,true,,stop,stop,183,183,MSCodeBase 1-L live arm,test567,false
gen-1786828111-qY9GSN4LTTsBrxrklZeP,2026-08-15 21:08:31.887,0.000011,,,,0,133,8,0,0,z-ai/glm-4.7-flash-20260119,Cloudflare,standard,false,true,,stop,stop,133,133,MSCodeBase 1-L live arm,test567,false
gen-1786828110-D14m6SifsGwMUZHzyv0P,2026-08-15 21:08:30.588,0.000011,,,,0,133,8,0,0,z-ai/glm-4.7-flash-20260119,Cloudflare,standard,false,true,,stop,stop,140,140,MSCodeBase 1-L live arm,test567,false
gen-1786828108-NcaBpooPcWn3ZSWSnq5U,2026-08-15 21:08:28.813,0.000007,,-0.000003,,0,130,8,0,64,z-ai/glm-4.7-flash-20260119,DeepInfra,standard,false,true,,stop,stop,785,785,MSCodeBase 1-L live arm,test567,false
gen-1786828107-6ge2nkZjDlsYpTQnTIzA,2026-08-15 21:08:27.575,0.000011,,,,0,132,8,0,0,z-ai/glm-4.7-flash-20260119,Cloudflare,standard,false,true,,stop,stop,360,360,MSCodeBase 1-L live arm,test567,false
gen-1786828105-oc8ks5W0VmtNpvQoXLXv,2026-08-15 21:08:25.599,0.000007,,-0.000003,,0,132,8,0,64,z-ai/glm-4.7-flash-20260119,DeepInfra,standard,false,true,,stop,stop,1111,1111,MSCodeBase 1-L live arm,test567,false
gen-1786828103-4FC7nB37AMnmRHtz34Vg,2026-08-15 21:08:23.880,0.000007,,-0.000003,,0,132,8,0,64,z-ai/glm-4.7-flash-20260119,DeepInfra,standard,false,true,,stop,stop,868,868,MSCodeBase 1-L live arm,test567,false
gen-1786828101-uMQXuknf6SeFLncMP7Xy,2026-08-15 21:08:21.776,0.00001,,,,0,130,8,0,0,z-ai/glm-4.7-flash-20260119,Cloudflare,standard,false,true,,stop,stop,224,224,MSCodeBase 1-L live arm,test567,false
gen-1786828100-T1N8uPitVjAthKwBBthb,2026-08-15 21:08:20.056,0.000007,,-0.000003,,0,127,8,0,64,z-ai/glm-4.7-flash-20260119,DeepInfra,standard,false,true,,stop,stop,750,750,MSCodeBase 1-L live arm,test567,false
gen-1786828098-j7BPVpcJnwDVxengg8XW,2026-08-15 21:08:18.687,0.000011,,,,0,134,8,0,0,z-ai/glm-4.7-flash-20260119,Cloudflare,standard,false,true,,stop,stop,533,533,MSCodeBase 1-L live arm,test567,false
gen-1786828097-JmEf9HW7YlTF0UtutQIC,2026-08-15 21:08:17.004,0.000013,,-0.000003,,0,179,12,0,55,z-ai/glm-4.7-flash-20260119,Novita,standard,false,true,,stop,stop,815,815,MSCodeBase 1-L live arm,test567,false
gen-1786828095-Y0tdx8vZSVy625SMaX5z,2026-08-15 21:08:15.669,0.000007,,-0.000003,,0,130,8,0,64,z-ai/glm-4.7-flash-20260119,DeepInfra,standard,false,true,,stop,stop,433,433,MSCodeBase 1-L live arm,test567,false
gen-1786828094-qAAdeYUiWauC1IrbAGTd,2026-08-15 21:08:13.990,0.000007,,-0.000003,,0,126,8,0,64,z-ai/glm-4.7-flash-20260119,DeepInfra,standard,false,true,,stop,stop,611,611,MSCodeBase 1-L live arm,test567,false
gen-1786828091-yiAWsMu8cyGOstdhN4NF,2026-08-15 21:08:11.740,0.00001,,,,0,129,8,0,0,z-ai/glm-4.7-flash-20260119,Cloudflare,standard,false,true,,stop,stop,356,356,MSCodeBase 1-L live arm,test567,false
gen-1786828090-95zkjpsXrvbskCVhVI7f,2026-08-15 21:08:10.430,0.000007,,-0.000003,,0,129,8,0,64,z-ai/glm-4.7-flash-20260119,DeepInfra,standard,false,true,,stop,stop,441,441,MSCodeBase 1-L live arm,test567,false
gen-1786828089-hZwogz0FW0bRSSpdjiQ7,2026-08-15 21:08:09.136,0.000007,,-0.000003,,0,131,8,0,64,z-ai/glm-4.7-flash-20260119,DeepInfra,standard,false,true,,stop,stop,448,448,MSCodeBase 1-L live arm,test567,false
gen-1786828087-tGZwwok8cKEYVkwMUVWJ,2026-08-15 21:08:07.556,0.00001,,-0.000007,,0,188,12,0,119,z-ai/glm-4.7-flash-20260119,Novita,standard,false,true,,stop,stop,694,694,MSCodeBase 1-L live arm,test567,false
gen-1786828086-nIgVxYFV4eBK1EIcEv9T,2026-08-15 21:08:06.324,0.000011,,,,0,131,8,0,0,z-ai/glm-4.7-flash-20260119,Cloudflare,standard,false,true,,stop,stop,345,345,MSCodeBase 1-L live arm,test567,false
gen-1786828083-46psAuDxkaxYtlMhHDjf,2026-08-15 21:08:03.022,0.000007,,-0.000003,,0,130,8,0,64,z-ai/glm-4.7-flash-20260119,DeepInfra,standard,false,true,,stop,stop,2137,2137,MSCodeBase 1-L live arm,test567,false
gen-1786828079-0z7sCTH7D07pYZpRLojb,2026-08-15 21:07:59.866,0.000007,,-0.000003,,0,131,8,0,64,z-ai/glm-4.7-flash-20260119,DeepInfra,standard,false,true,,stop,stop,801,801,MSCodeBase 1-L live arm,test567,false
gen-1786828078-yTLXQjh4jiOTUl2SrSRo,2026-08-15 21:07:58.800,0.000011,,,,0,134,8,0,0,z-ai/glm-4.7-flash-20260119,Cloudflare,standard,false,true,,stop,stop,196,196,MSCodeBase 1-L live arm,test567,false
gen-1786828077-J54pK8cSg6suTE2eElcs,2026-08-15 21:07:57.714,0.000011,,,,0,131,8,0,0,z-ai/glm-4.7-flash-20260119,Cloudflare,standard,false,true,,stop,stop,223,223,MSCodeBase 1-L live arm,test567,false
gen-1786828075-3JtyAmeoCJ2qHngaN8av,2026-08-15 21:07:55.970,0.000008,,-0.000003,,0,142,8,0,64,z-ai/glm-4.7-flash-20260119,DeepInfra,standard,false,true,,stop,stop,885,885,MSCodeBase 1-L live arm,test567,false
gen-1786828074-h2tUMRWKwZdsTXfwfuPN,2026-08-15 21:07:54.346,0.000014,,-0.000003,,0,188,12,0,54,z-ai/glm-4.7-flash-20260119,Novita,standard,false,true,,stop,stop,678,678,MSCodeBase 1-L live arm,test567,false
gen-1786828071-K4BeqH2lVYSYSXgwVyyc,2026-08-15 21:07:51.968,0.000008,,-0.000003,,0,136,8,0,64,z-ai/glm-4.7-flash-20260119,DeepInfra,standard,false,true,,stop,stop,427,427,MSCodeBase 1-L live arm,test567,false
gen-1786828069-8sWdpChQ4w0gejpbUwHZ,2026-08-15 21:07:49.915,0.000011,,,,0,142,8,0,0,z-ai/glm-4.7-flash-20260119,Cloudflare,standard,false,true,,stop,stop,197,197,MSCodeBase 1-L live arm,test567,false
gen-1786828068-uPedB5o8vJHNJ9aSgdKB,2026-08-15 21:07:48.728,0.000011,,,,0,135,8,0,0,z-ai/glm-4.7-flash-20260119,Cloudflare,standard,false,true,,stop,stop,318,318,MSCodeBase 1-L live arm,test567,false
gen-1786828066-AEovnbBFUDX5eQI9fdFG,2026-08-15 21:07:46.945,0.000011,,,,0,138,8,0,0,z-ai/glm-4.7-flash-20260119,DeepInfra,standard,false,true,,stop,stop,559,559,MSCodeBase 1-L live arm,test567,false
gen-1786828063-OIWN88DcfjRtjrnW2pkj,2026-08-15 21:07:43.277,0.000009,,,,0,128,8,0,0,deepseek/deepseek-v4-flash-20260423,StreamLake,standard,false,true,,stop,stop,3023,3023,MSCodeBase 1-L live arm,test567,false
gen-1786828061-k6zexrfXPQRW2Oeqs6lT,2026-08-15 21:07:41.429,0.000009,,,,0,134,8,0,0,deepseek/deepseek-v4-flash-20260423,StreamLake,standard,false,true,,stop,stop,986,986,MSCodeBase 1-L live arm,test567,false
gen-1786828058-4P1Mc5jQ4YAKYE4WF89M,2026-08-15 21:07:38.130,0.000009,,,,0,135,8,0,0,deepseek/deepseek-v4-flash-20260423,StreamLake,standard,false,true,,stop,stop,2468,2468,MSCodeBase 1-L live arm,test567,false
gen-1786828056-6NEaWLyafMgsi5QBitjP,2026-08-15 21:07:36.265,0.000009,,,,0,134,8,0,0,deepseek/deepseek-v4-flash-20260423,StreamLake,standard,false,true,,stop,stop,1012,1012,MSCodeBase 1-L live arm,test567,false
gen-1786828054-r3a9sQ3dIGNSQ5BIBjof,2026-08-15 21:07:34.427,0.000009,,,,0,132,8,0,0,deepseek/deepseek-v4-flash-20260423,StreamLake,standard,false,true,,stop,stop,967,967,MSCodeBase 1-L live arm,test567,false
gen-1786828050-F4VhomStXKepHLCIL9n1,2026-08-15 21:07:30.885,0.000009,,,,0,130,8,0,0,deepseek/deepseek-v4-flash-20260423,StreamLake,standard,false,true,,stop,stop,2544,2544,MSCodeBase 1-L live arm,test567,false
gen-1786828048-R61SJgubx2WhaKDS6GS6,2026-08-15 21:07:28.726,0.000009,,,,0,135,8,0,0,deepseek/deepseek-v4-flash-20260423,StreamLake,standard,false,true,,stop,stop,1224,1224,MSCodeBase 1-L live arm,test567,false
gen-1786828046-ReNdO1H4xRew5n6M9CKt,2026-08-15 21:07:26.458,0.000009,,,,0,127,8,0,0,deepseek/deepseek-v4-flash-20260423,StreamLake,standard,false,true,,stop,stop,1317,1317,MSCodeBase 1-L live arm,test567,false
gen-1786828043-vTgAGiuqNPjUbLyPyOIi,2026-08-15 21:07:23.917,0.000009,,,,0,134,8,0,0,deepseek/deepseek-v4-flash-20260423,StreamLake,standard,false,true,,stop,stop,1480,1480,MSCodeBase 1-L live arm,test567,false
gen-1786828041-K8eXUIEYR1vsexuFeZTK,2026-08-15 21:07:21.773,0.000009,,,,0,131,8,0,0,deepseek/deepseek-v4-flash-20260423,StreamLake,standard,false,true,,stop,stop,1292,1292,MSCodeBase 1-L live arm,test567,false
gen-1786828039-ccjejpMWtPezOC2AXGVo,2026-08-15 21:07:19.790,0.000009,,,,0,132,8,0,0,deepseek/deepseek-v4-flash-20260423,StreamLake,standard,false,true,,stop,stop,853,853,MSCodeBase 1-L live arm,test567,false
gen-1786828036-fhyGNPPsVfKLczFnw75K,2026-08-15 21:07:16.808,0.000009,,,,0,133,8,0,0,deepseek/deepseek-v4-flash-20260423,StreamLake,standard,false,true,,stop,stop,2148,1680,MSCodeBase 1-L live arm,test567,false
gen-1786828034-jpcbBny6yFiprJJODWep,2026-08-15 21:07:14.751,0.000009,,,,0,133,8,0,0,deepseek/deepseek-v4-flash-20260423,StreamLake,standard,false,true,,stop,stop,1219,1219,MSCodeBase 1-L live arm,test567,false
gen-1786828030-L7DRtXPQ165mYJNk8ozB,2026-08-15 21:07:10.399,0.000009,,,,0,132,8,0,0,deepseek/deepseek-v4-flash-20260423,StreamLake,standard,false,true,,stop,stop,3201,3201,MSCodeBase 1-L live arm,test567,false
gen-1786828028-ZShW74nBITRoYf3J8AA8,2026-08-15 21:07:08.057,0.000009,,,,0,135,8,0,0,deepseek/deepseek-v4-flash-20260423,StreamLake,standard,false,true,,stop,stop,1462,1462,MSCodeBase 1-L live arm,test567,false
gen-1786828026-Km1BeH25EKiItacpDILp,2026-08-15 21:07:06.150,0.000009,,,,0,131,8,0,0,deepseek/deepseek-v4-flash-20260423,StreamLake,standard,false,true,,stop,stop,1059,1059,MSCodeBase 1-L live arm,test567,false
gen-1786828023-QhM9x0iG7jfrjJ4CExtU,2026-08-15 21:07:03.507,0.000009,,,,0,133,8,0,0,deepseek/deepseek-v4-flash-20260423,StreamLake,standard,false,true,,stop,stop,1456,1456,MSCodeBase 1-L live arm,test567,false
gen-1786828018-55byCv8jNjhjTkJqyRTV,2026-08-15 21:06:58.656,0.000009,,,,0,135,8,0,0,deepseek/deepseek-v4-flash-20260423,StreamLake,standard,false,true,,stop,stop,4000,4000,MSCodeBase 1-L live arm,test567,false
gen-1786828015-uIgLXms1zIORE5s9hyqA,2026-08-15 21:06:55.755,0.000009,,,,0,130,8,0,0,deepseek/deepseek-v4-flash-20260423,StreamLake,standard,false,true,,stop,stop,2069,2069,MSCodeBase 1-L live arm,test567,false
gen-1786828006-IBKnEy7TRzG6r2jRZDQm,2026-08-15 21:06:46.423,0.000009,,,,0,131,8,0,0,deepseek/deepseek-v4-flash-20260423,StreamLake,standard,false,true,,stop,stop,8493,8493,MSCodeBase 1-L live arm,test567,false
gen-1786828004-ewJuAxK7qbiUJ4cvmKV0,2026-08-15 21:06:44.522,0.000009,,,,0,132,8,0,0,deepseek/deepseek-v4-flash-20260423,StreamLake,standard,false,true,,stop,stop,1065,1065,MSCodeBase 1-L live arm,test567,false
gen-1786828002-IPWheZB9GV7k97ryUYg3,2026-08-15 21:06:42.491,0.000009,,,,0,136,8,0,0,deepseek/deepseek-v4-flash-20260423,StreamLake,standard,false,true,,stop,stop,1199,1199,MSCodeBase 1-L live arm,test567,false
gen-1786828000-UF3dID8vgHCdxOpMyXWt,2026-08-15 21:06:40.229,0.000009,,,,0,133,8,0,0,deepseek/deepseek-v4-flash-20260423,StreamLake,standard,false,true,,stop,stop,1419,1419,MSCodeBase 1-L live arm,test567,false
gen-1786827996-GbdxhvbVEZGTHaGxyHJz,2026-08-15 21:06:36.942,0.000009,,,,0,135,8,0,0,deepseek/deepseek-v4-flash-20260423,StreamLake,standard,false,true,,stop,stop,2435,2435,MSCodeBase 1-L live arm,test567,false
gen-1786827993-PSOtycF15BnS5nF2ztaQ,2026-08-15 21:06:33.948,0.000009,,,,0,133,8,0,0,deepseek/deepseek-v4-flash-20260423,StreamLake,standard,false,true,,stop,stop,2167,2167,MSCodeBase 1-L live arm,test567,false
gen-1786827991-oHacdMbw5NiK0UaWp37V,2026-08-15 21:06:31.189,0.000009,,,,0,131,8,0,0,deepseek/deepseek-v4-flash-20260423,StreamLake,standard,false,true,,stop,stop,1905,1905,MSCodeBase 1-L live arm,test567,false
gen-1786827989-48XB6PPUnBM3WmVo728m,2026-08-15 21:06:29.511,0.000009,,,,0,133,8,0,0,deepseek/deepseek-v4-flash-20260423,StreamLake,standard,false,true,,stop,stop,821,821,MSCodeBase 1-L live arm,test567,false
gen-1786827985-ysU1QSsw6e4I0C2DYOUp,2026-08-15 21:06:24.939,0.000009,,,,0,135,8,0,0,deepseek/deepseek-v4-flash-20260423,StreamLake,standard,false,true,,stop,stop,3626,3626,MSCodeBase 1-L live arm,test567,false
gen-1786827982-yghzfOgKT4z6FfoxgdgE,2026-08-15 21:06:22.400,0.000009,,,,0,132,8,0,0,deepseek/deepseek-v4-flash-20260423,StreamLake,standard,false,true,,stop,stop,1680,1680,MSCodeBase 1-L live arm,test567,false
gen-1786827979-UX8uRsyl8sIvj4LRVRXF,2026-08-15 21:06:19.817,0.000009,,,,0,133,8,0,0,deepseek/deepseek-v4-flash-20260423,StreamLake,standard,false,true,,stop,stop,1743,1743,MSCodeBase 1-L live arm,test567,false
gen-1786827977-XJLATiUhQMmER59RUA68,2026-08-15 21:06:17.938,0.000009,,,,0,129,8,0,0,deepseek/deepseek-v4-flash-20260423,StreamLake,standard,false,true,,stop,stop,1050,1050,MSCodeBase 1-L live arm,test567,false
gen-1786827974-Lpel9Ezn1EnrcABIi3zu,2026-08-15 21:06:14.691,0.000009,,,,0,133,8,0,0,deepseek/deepseek-v4-flash-20260423,StreamLake,standard,false,true,,stop,stop,1886,1886,MSCodeBase 1-L live arm,test567,false
gen-1786827972-iEq4wQKahtCKiMY55AfG,2026-08-15 21:06:12.350,0.000009,,,,0,128,8,0,0,deepseek/deepseek-v4-flash-20260423,StreamLake,standard,false,true,,stop,stop,1402,1402,MSCodeBase 1-L live arm,test567,false
gen-1786827969-MSan4cep7SBzjRwQxOUj,2026-08-15 21:06:09.005,0.000009,,,,0,131,8,0,0,deepseek/deepseek-v4-flash-20260423,StreamLake,standard,false,true,,stop,stop,2483,2483,MSCodeBase 1-L live arm,test567,false
gen-1786827965-Pn3RpcW0mDabfxZj5g9t,2026-08-15 21:06:05.461,0.000009,,,,0,128,8,0,0,deepseek/deepseek-v4-flash-20260423,StreamLake,standard,false,true,,stop,stop,2450,2450,MSCodeBase 1-L live arm,test567,false
gen-1786827962-RD5K8K9KYt2RC8Wezn16,2026-08-15 21:06:02.712,0.000009,,,,0,130,8,0,0,deepseek/deepseek-v4-flash-20260423,StreamLake,standard,false,true,,stop,stop,1883,1883,MSCodeBase 1-L live arm,test567,false
gen-1786827960-VLLWwGhe2bovxYpkImGF,2026-08-15 21:06:00.338,0.000009,,,,0,131,8,0,0,deepseek/deepseek-v4-flash-20260423,StreamLake,standard,false,true,,stop,stop,1475,1475,MSCodeBase 1-L live arm,test567,false
gen-1786827957-yhtROo6SSkYXwhDC2PE7,2026-08-15 21:05:57.894,0.000009,,,,0,134,8,0,0,deepseek/deepseek-v4-flash-20260423,StreamLake,standard,false,true,,stop,stop,1581,1581,MSCodeBase 1-L live arm,test567,false
gen-1786827956-237u2N0l6hkwa0GCc6CB,2026-08-15 21:05:56.037,0.000009,,,,0,137,8,0,0,deepseek/deepseek-v4-flash-20260423,StreamLake,standard,false,true,,stop,stop,1028,1028,MSCodeBase 1-L live arm,test567,false
gen-1786827954-TcDI5Th6m2VbqJMykekI,2026-08-15 21:05:54.223,0.000009,,,,0,132,8,0,0,deepseek/deepseek-v4-flash-20260423,StreamLake,standard,false,true,,stop,stop,964,964,MSCodeBase 1-L live arm,test567,false
gen-1786827951-vNH2O7zEGV7NO1rTNQY2,2026-08-15 21:05:51.338,0.000009,,,,0,131,8,0,0,deepseek/deepseek-v4-flash-20260423,StreamLake,standard,false,true,,stop,stop,2024,2024,MSCodeBase 1-L live arm,test567,false
gen-1786827949-0k7G8gSmMvy1EDOkdBmx,2026-08-15 21:05:49.303,0.000009,,,,0,132,8,0,0,deepseek/deepseek-v4-flash-20260423,StreamLake,standard,false,true,,stop,stop,1171,1171,MSCodeBase 1-L live arm,test567,false
gen-1786827946-Xb07zEVUUG9EzbJsUPGE,2026-08-15 21:05:46.396,0.000009,,,,0,140,8,0,0,deepseek/deepseek-v4-flash-20260423,StreamLake,standard,false,true,,stop,stop,2048,2048,MSCodeBase 1-L live arm,test567,false
gen-1786827944-xxTn7eMDlr7osPhGzKfx,2026-08-15 21:05:44.532,0.000009,,,,0,136,8,0,0,deepseek/deepseek-v4-flash-20260423,StreamLake,standard,false,true,,stop,stop,1012,1012,MSCodeBase 1-L live arm,test567,false
gen-1786827940-5RlJVDsmhPI0PmHvwKR3,2026-08-15 21:05:40.759,0.00001,,,,0,145,8,0,0,deepseek/deepseek-v4-flash-20260423,StreamLake,standard,false,true,,stop,stop,2937,2937,MSCodeBase 1-L live arm,test567,false
gen-1786827938-n7VMPBuIyfwom0x4NnW0,2026-08-15 21:05:38.847,0.000009,,,,0,138,8,0,0,deepseek/deepseek-v4-flash-20260423,StreamLake,standard,false,true,,stop,stop,825,825,MSCodeBase 1-L live arm,test567,false
gen-1786827935-uZv90SmpVCbSjI3LMZ0f,2026-08-15 21:05:35.672,0.000009,,,,0,140,8,0,0,deepseek/deepseek-v4-flash-20260423,StreamLake,standard,false,true,,stop,stop,2104,2104,MSCodeBase 1-L live arm,test567,false
gen-1786827930-wLdF01SlxXiFEC9PoFlc,2026-08-15 21:05:30.301,0.00001,,,,0,142,8,0,0,deepseek/deepseek-v4-flash-20260423,StreamLake,standard,false,true,,stop,stop,4504,4504,MSCodeBase 1-L live arm,test567,false
gen-1786827926-PKpt4wW8SK4ShPPZeyMu,2026-08-15 21:05:26.686,0.000009,,,,0,137,8,0,0,deepseek/deepseek-v4-flash-20260423,StreamLake,standard,false,true,,stop,stop,2773,2773,MSCodeBase 1-L live arm,test567,false
gen-1786827924-INxEkeLIWATrna7q2nEf,2026-08-15 21:05:24.072,0.000009,,,,0,140,8,0,0,deepseek/deepseek-v4-flash-20260423,StreamLake,standard,false,true,,stop,stop,1654,1654,MSCodeBase 1-L live arm,test567,false
gen-1786827922-gk0gH6RtHMhHAIlfcxKV,2026-08-15 21:05:22.763,0.000005,,,,0,141,7,0,0,qwen/qwen3.7-flash-20260727,Alibaba,standard,false,true,,stop,stop,775,775,MSCodeBase 1-L live arm,test567,false
gen-1786827921-nP8RzV4O08vfu3D3io6J,2026-08-15 21:05:21.355,0.000005,,,,0,146,12,0,0,qwen/qwen3.7-flash-20260727,Alibaba,standard,false,true,,stop,stop,545,545,MSCodeBase 1-L live arm,test567,false
gen-1786827919-4wRyYeheL3xrv15hwFav,2026-08-15 21:05:19.803,0.000005,,,,0,146,7,0,0,qwen/qwen3.7-flash-20260727,Alibaba,standard,false,true,,stop,stop,681,681,MSCodeBase 1-L live arm,test567,false
gen-1786827918-QeckZNYE4d5zXbBLE3yo,2026-08-15 21:05:18.186,0.000005,,,,0,143,7,0,0,qwen/qwen3.7-flash-20260727,Alibaba,standard,false,true,,stop,stop,747,747,MSCodeBase 1-L live arm,test567,false
gen-1786827916-WlA0W7Bl1Wqjzp84elan,2026-08-15 21:05:16.590,0.000005,,,,0,144,11,0,0,qwen/qwen3.7-flash-20260727,Alibaba,standard,false,true,,stop,stop,755,755,MSCodeBase 1-L live arm,test567,false
gen-1786827914-Dpk2WNEw4JSOkyV1XeoF,2026-08-15 21:05:14.948,0.000005,,,,0,143,7,0,0,qwen/qwen3.7-flash-20260727,Alibaba,standard,false,true,,stop,stop,799,799,MSCodeBase 1-L live arm,test567,false
gen-1786827913-MPRUiv2Lq7ZTuToQGv3v,2026-08-15 21:05:13.369,0.000005,,,,0,146,11,0,0,qwen/qwen3.7-flash-20260727,Alibaba,standard,false,true,,stop,stop,744,744,MSCodeBase 1-L live arm,test567,false
gen-1786827911-n8o4fiRWvXkVfFsSpmjl,2026-08-15 21:05:11.402,0.000005,,,,0,140,12,0,0,qwen/qwen3.7-flash-20260727,Alibaba,standard,false,true,,stop,stop,1118,1118,MSCodeBase 1-L live arm,test567,false
gen-1786827909-bakzJWEEvS1mBuMWkp7N,2026-08-15 21:05:09.888,0.000005,,,,0,145,7,0,0,qwen/qwen3.7-flash-20260727,Alibaba,standard,false,true,,stop,stop,673,673,MSCodeBase 1-L live arm,test567,false
gen-1786827908-fW85tglwEFZiQ5E7epr8,2026-08-15 21:05:08.161,0.000005,,,,0,143,12,0,0,qwen/qwen3.7-flash-20260727,Alibaba,standard,false,true,,stop,stop,803,803,MSCodeBase 1-L live arm,test567,false
gen-1786827906-AINr6vr2M5FsEBnKHIHx,2026-08-15 21:05:06.541,0.000005,,,,0,143,7,0,0,qwen/qwen3.7-flash-20260727,Alibaba,standard,false,true,,stop,stop,792,792,MSCodeBase 1-L live arm,test567,false
gen-1786827905-oowJkNI44baR0Ed5SrEO,2026-08-15 21:05:05.068,0.000005,,,,0,145,12,0,0,qwen/qwen3.7-flash-20260727,Alibaba,standard,false,true,,stop,stop,624,624,MSCodeBase 1-L live arm,test567,false
gen-1786827903-0kVCj4bZpSETiaxRXg8c,2026-08-15 21:05:03.606,0.000005,,,,0,143,7,0,0,qwen/qwen3.7-flash-20260727,Alibaba,standard,false,true,,stop,stop,609,609,MSCodeBase 1-L live arm,test567,false
gen-1786827902-BwtSlGOIGQRznBMavlQa,2026-08-15 21:05:02.109,0.000005,,,,0,144,7,0,0,qwen/qwen3.7-flash-20260727,Alibaba,standard,false,true,,stop,stop,654,654,MSCodeBase 1-L live arm,test567,false
gen-1786827897-ZqBveUDEZ1BXhA76o05P,2026-08-15 21:04:57.685,0.000005,,,,0,146,7,0,0,qwen/qwen3.7-flash-20260727,Alibaba,standard,false,true,,stop,stop,730,730,MSCodeBase 1-L live arm,test567,false
gen-1786827896-xXI6btcpkGjPU6CSrFk2,2026-08-15 21:04:56.176,0.000005,,,,0,143,12,0,0,qwen/qwen3.7-flash-20260727,Alibaba,standard,false,true,,stop,stop,675,675,MSCodeBase 1-L live arm,test567,false
gen-1786827894-R3uts9ZHrxHxhXHcwNx6,2026-08-15 21:04:54.590,0.000005,,,,0,145,7,0,0,qwen/qwen3.7-flash-20260727,Alibaba,standard,false,true,,stop,stop,720,720,MSCodeBase 1-L live arm,test567,false
gen-1786827893-TbYCcUdtuMOmOPI9dWIi,2026-08-15 21:04:53.043,0.000005,,,,0,145,7,0,0,qwen/qwen3.7-flash-20260727,Alibaba,standard,false,true,,stop,stop,714,714,MSCodeBase 1-L live arm,test567,false
gen-1786827891-fwx3uVNFGu23z2iBSEwk,2026-08-15 21:04:51.375,0.000005,,,,0,141,7,0,0,qwen/qwen3.7-flash-20260727,Alibaba,standard,false,true,,stop,stop,830,830,MSCodeBase 1-L live arm,test567,false
gen-1786827889-Xc2uU4VQya7CFIhaACDE,2026-08-15 21:04:49.819,0.000005,,,,0,143,7,0,0,qwen/qwen3.7-flash-20260727,Alibaba,standard,false,true,,stop,stop,721,721,MSCodeBase 1-L live arm,test567,false
gen-1786827888-g6bdVOfPIvci9G5pKWEr,2026-08-15 21:04:48.121,0.000005,,,,0,143,7,0,0,qwen/qwen3.7-flash-20260727,Alibaba,standard,false,true,,stop,stop,862,862,MSCodeBase 1-L live arm,test567,false
gen-1786827886-tzmzAZLvhTpWE7J5sf2w,2026-08-15 21:04:46.590,0.000005,,,,0,146,12,0,0,qwen/qwen3.7-flash-20260727,Alibaba,standard,false,true,,stop,stop,678,678,MSCodeBase 1-L live arm,test567,false
gen-1786827884-OgLzn1Zvyld5wgyLEUiG,2026-08-15 21:04:44.795,0.000005,,,,0,145,7,0,0,qwen/qwen3.7-flash-20260727,Alibaba,standard,false,true,,stop,stop,953,953,MSCodeBase 1-L live arm,test567,false
gen-1786827883-WFyuyQhbvBmfLZFlQx8z,2026-08-15 21:04:43.324,0.000005,,,,0,146,7,0,0,qwen/qwen3.7-flash-20260727,Alibaba,standard,false,true,,stop,stop,624,624,MSCodeBase 1-L live arm,test567,false
gen-1786827881-x5fDOeHDl3Zb9T5CBHGN,2026-08-15 21:04:41.484,0.000005,,,,0,144,7,0,0,qwen/qwen3.7-flash-20260727,Alibaba,standard,false,true,,stop,stop,1022,1022,MSCodeBase 1-L live arm,test567,false
gen-1786827879-yXOMtpJr7BaKe9nOqu0S,2026-08-15 21:04:39.954,0.000005,,,,0,143,12,0,0,qwen/qwen3.7-flash-20260727,Alibaba,standard,false,true,,stop,stop,703,703,MSCodeBase 1-L live arm,test567,false
gen-1786827878-f2Xqa6zudISzfvpw0IsE,2026-08-15 21:04:38.285,0.000005,,,,0,146,7,0,0,qwen/qwen3.7-flash-20260727,Alibaba,standard,false,true,,stop,stop,842,842,MSCodeBase 1-L live arm,test567,false
gen-1786827876-KyRAwmfEJuUzQmbPi6kH,2026-08-15 21:04:36.854,0.000005,,,,0,146,11,0,0,qwen/qwen3.7-flash-20260727,Alibaba,standard,false,true,,stop,stop,628,628,MSCodeBase 1-L live arm,test567,false
gen-1786827875-isR1OAR0zZ8xbjJdufox,2026-08-15 21:04:35.523,0.000005,,,,0,145,12,0,0,qwen/qwen3.7-flash-20260727,Alibaba,standard,false,true,,stop,stop,511,511,MSCodeBase 1-L live arm,test567,false
gen-1786827874-zw3epcSxH62FvtdxKY1G,2026-08-15 21:04:34.055,0.000005,,,,0,145,12,0,0,qwen/qwen3.7-flash-20260727,Alibaba,standard,false,true,,stop,stop,641,641,MSCodeBase 1-L live arm,test567,false
gen-1786827872-C8dNjSVbo761gRcddnPi,2026-08-15 21:04:32.436,0.000005,,,,0,141,7,0,0,qwen/qwen3.7-flash-20260727,Alibaba,standard,false,true,,stop,stop,771,771,MSCodeBase 1-L live arm,test567,false
gen-1786827868-9jp1En84gfq9NVm9PJSS,2026-08-15 21:04:28.098,0.000005,,,,0,146,7,0,0,qwen/qwen3.7-flash-20260727,Alibaba,standard,false,true,,stop,stop,679,679,MSCodeBase 1-L live arm,test567,false
gen-1786827866-RFVpSFcNXPjuYnBUOj4v,2026-08-15 21:04:26.522,0.000005,,,,0,141,11,0,0,qwen/qwen3.7-flash-20260727,Alibaba,standard,false,true,,stop,stop,746,746,MSCodeBase 1-L live arm,test567,false
gen-1786827862-zayXc5gB1Dyv9azjDIpd,2026-08-15 21:04:22.253,0.000005,,,,0,143,7,0,0,qwen/qwen3.7-flash-20260727,Alibaba,standard,false,true,,stop,stop,638,638,MSCodeBase 1-L live arm,test567,false
gen-1786827860-R6aW0nwUb5ZCINGUum50,2026-08-15 21:04:20.856,0.000005,,,,0,140,7,0,0,qwen/qwen3.7-flash-20260727,Alibaba,standard,false,true,,stop,stop,546,546,MSCodeBase 1-L live arm,test567,false
gen-1786827859-DRxlHvN5OWgYyG1GC5KV,2026-08-15 21:04:19.217,0.000005,,,,0,144,7,0,0,qwen/qwen3.7-flash-20260727,Alibaba,standard,false,true,,stop,stop,780,780,MSCodeBase 1-L live arm,test567,false
gen-1786827857-5dVQdcAcqavS95lLkbXk,2026-08-15 21:04:17.746,0.000005,,,,0,143,7,0,0,qwen/qwen3.7-flash-20260727,Alibaba,standard,false,true,,stop,stop,643,643,MSCodeBase 1-L live arm,test567,false
gen-1786827856-yMHvHZZBTZeX0Y241CqN,2026-08-15 21:04:16.234,0.000005,,,,0,144,7,0,0,qwen/qwen3.7-flash-20260727,Alibaba,standard,false,true,,stop,stop,697,697,MSCodeBase 1-L live arm,test567,false
gen-1786827854-o94BrxBiWwCt2rZbNgdK,2026-08-15 21:04:14.624,0.000005,,,,0,148,7,0,0,qwen/qwen3.7-flash-20260727,Alibaba,standard,false,true,,stop,stop,761,761,MSCodeBase 1-L live arm,test567,false
gen-1786827852-wrrRjHyDCyndSQUxvgWg,2026-08-15 21:04:12.969,0.000005,,,,0,144,7,0,0,qwen/qwen3.7-flash-20260727,Alibaba,standard,false,true,,stop,stop,809,809,MSCodeBase 1-L live arm,test567,false
gen-1786827851-AX68JwbSSyiUB79YDFel,2026-08-15 21:04:11.456,0.000005,,,,0,143,7,0,0,qwen/qwen3.7-flash-20260727,Alibaba,standard,false,true,,stop,stop,664,664,MSCodeBase 1-L live arm,test567,false
gen-1786827849-befmxJrMOo2QCNxATlZo,2026-08-15 21:04:09.922,0.000005,,,,0,145,7,0,0,qwen/qwen3.7-flash-20260727,Alibaba,standard,false,true,,stop,stop,689,689,MSCodeBase 1-L live arm,test567,false
gen-1786827848-tJidv0TXAnU7tgfNk91N,2026-08-15 21:04:08.423,0.000005,,,,0,148,12,0,0,qwen/qwen3.7-flash-20260727,Alibaba,standard,false,true,,stop,stop,662,662,MSCodeBase 1-L live arm,test567,false
gen-1786827846-OOezfJ2XQ3OHKel4I4yR,2026-08-15 21:04:06.712,0.000005,,,,0,146,7,0,0,qwen/qwen3.7-flash-20260727,Alibaba,standard,false,true,,stop,stop,847,847,MSCodeBase 1-L live arm,test567,false
gen-1786827844-WjFZMk47NPNpk17SPcdX,2026-08-15 21:04:04.811,0.000006,,,,0,157,12,0,0,qwen/qwen3.7-flash-20260727,Alibaba,standard,false,true,,stop,stop,1031,1031,MSCodeBase 1-L live arm,test567,false
gen-1786827843-w2X6BuL84ndyfWvNGAAo,2026-08-15 21:04:03.210,0.000005,,,,0,150,12,0,0,qwen/qwen3.7-flash-20260727,Alibaba,standard,false,true,,stop,stop,738,738,MSCodeBase 1-L live arm,test567,false
gen-1786827841-3HRwhmoEOq5qwUcV6BlF,2026-08-15 21:04:01.654,0.000006,,,,0,151,12,0,0,qwen/qwen3.7-flash-20260727,Alibaba,standard,false,true,,stop,stop,716,716,MSCodeBase 1-L live arm,test567,false
gen-1786827837-IaijYnSkzrLiEuD8qn3x,2026-08-15 21:03:57.292,0.000006,,,,0,155,11,0,0,qwen/qwen3.7-flash-20260727,Alibaba,standard,false,true,,stop,stop,710,710,MSCodeBase 1-L live arm,test567,false
gen-1786827835-I7poUGVde7vzzE5e6ZNb,2026-08-15 21:03:55.796,0.000005,,,,0,149,11,0,0,qwen/qwen3.7-flash-20260727,Alibaba,standard,false,true,,stop,stop,653,653,MSCodeBase 1-L live arm,test567,false
gen-1786827834-2M0XRFp4UXy6j59viZoA,2026-08-15 21:03:53.928,0.000006,,,,0,151,12,0,0,qwen/qwen3.7-flash-20260727,Alibaba,standard,false,true,,stop,stop,898,898,MSCodeBase 1-L live arm,test567,false
