generation_id,created_at,cost_total,cost_web_search,cost_cache,cost_file_processing,byok_usage_inference,tokens_prompt,tokens_completion,tokens_reasoning,tokens_cached,model_permaslug,provider_name,variant,cancelled,streamed,user,finish_reason_raw,finish_reason_normalized,generation_time_ms,time_to_first_token_ms,app_name,api_key_name,api_key_disabled
gen-1786776803-Po47Mbgts7qIH2JRav09,2026-08-15 06:53:23.956,0.00004,,,,0,128,192,183,0,deepseek/deepseek-v4-flash-20260423,DigitalOcean,standard,false,true,,stop,stop,20133,1044,MSCodeBase 1-L live arm,test567,false
gen-1786776787-VuOChLJFCSSrx1pWngXJ,2026-08-15 06:53:06.851,0.000041,,,,0,134,194,183,0,deepseek/deepseek-v4-flash-20260423,DigitalOcean,standard,false,true,,stop,stop,16394,816,MSCodeBase 1-L live arm,test567,false
gen-1786776716-wDDgRdp693xXj0mhzW3t,2026-08-15 06:51:56.979,0.00005,,,,0,135,251,244,0,deepseek/deepseek-v4-flash-20260423,DigitalOcean,standard,false,true,,stop,stop,69371,1337,MSCodeBase 1-L live arm,test567,false
gen-1786776686-6S3aDbhwZxJlB0S65Z6F,2026-08-15 06:51:26.308,0.000031,,,,0,134,133,121,0,deepseek/deepseek-v4-flash-20260423,DigitalOcean,standard,false,true,,stop,stop,30126,1838,MSCodeBase 1-L live arm,test567,false
gen-1786776674-Quj6oxaCyznoet7fbvkp,2026-08-15 06:51:14.774,0.000031,,,,0,132,137,129,0,deepseek/deepseek-v4-flash-20260423,DigitalOcean,standard,false,true,,stop,stop,11029,944,MSCodeBase 1-L live arm,test567,false
gen-1786776644-4G5nEhCEaLsXCxGQzQUz,2026-08-15 06:50:44.693,0.00003,,,,0,130,128,122,0,deepseek/deepseek-v4-flash-20260423,DigitalOcean,standard,false,true,,stop,stop,29575,2489,MSCodeBase 1-L live arm,test567,false
gen-1786776630-mkFUVZRtVaFTXu9s1Hf6,2026-08-15 06:50:30.516,0.000036,,,,0,135,163,150,0,deepseek/deepseek-v4-flash-20260423,DigitalOcean,standard,false,true,,stop,stop,13665,632,MSCodeBase 1-L live arm,test567,false
gen-1786776619-EEgokGBM2MRieMvb0wb5,2026-08-15 06:50:19.148,0.000031,,,,0,127,136,128,0,deepseek/deepseek-v4-flash-20260423,DigitalOcean,standard,false,true,,stop,stop,10863,1394,MSCodeBase 1-L live arm,test567,false
gen-1786776604-hzy9SMDzPKoW4fS2BksU,2026-08-15 06:50:04.777,0.000043,,,,0,134,206,191,0,deepseek/deepseek-v4-flash-20260423,DigitalOcean,standard,false,true,,stop,stop,13830,1142,MSCodeBase 1-L live arm,test567,false
gen-1786776589-DkpS6fXt2Dl227IpHCNr,2026-08-15 06:49:49.162,0.000031,,,,0,131,138,124,0,deepseek/deepseek-v4-flash-20260423,DigitalOcean,standard,false,true,,stop,stop,15034,1513,MSCodeBase 1-L live arm,test567,false
gen-1786776567-WLTH9SfzehT3LUKNzgju,2026-08-15 06:49:27.852,0.000029,,,,0,132,126,111,0,deepseek/deepseek-v4-flash-20260423,DigitalOcean,standard,false,true,,stop,stop,20728,412,MSCodeBase 1-L live arm,test567,false
gen-1786776549-ovKoTSMieeVcCLK346tJ,2026-08-15 06:49:09.231,0.000045,,,,0,133,222,219,0,deepseek/deepseek-v4-flash-20260423,DigitalOcean,standard,false,true,,stop,stop,18126,2752,MSCodeBase 1-L live arm,test567,false
gen-1786776511-0jGmu2wDcOxlESgbpIZM,2026-08-15 06:48:31.842,0.000039,,,,0,133,186,174,0,deepseek/deepseek-v4-flash-20260423,DigitalOcean,standard,false,true,,stop,stop,36883,2091,MSCodeBase 1-L live arm,test567,false
gen-1786776484-4FxlSWiMa5eAOrvaE72q,2026-08-15 06:48:04.614,0.000027,,,,0,132,110,100,0,deepseek/deepseek-v4-flash-20260423,DigitalOcean,standard,false,true,,stop,stop,26718,1623,MSCodeBase 1-L live arm,test567,false
gen-1786776448-xw0zlVPF2YMcR4D8x2bw,2026-08-15 06:47:28.363,0.00004,,,,0,135,186,177,0,deepseek/deepseek-v4-flash-20260423,DigitalOcean,standard,false,true,,stop,stop,35722,1944,MSCodeBase 1-L live arm,test567,false
gen-1786776434-JF97Idz7cO4d0eOYO2d8,2026-08-15 06:47:14.059,0.000032,,,,0,131,145,137,0,deepseek/deepseek-v4-flash-20260423,DigitalOcean,standard,false,true,,stop,stop,13782,1955,MSCodeBase 1-L live arm,test567,false
gen-1786776423-VKKKlB6yKNNWWwRZcnxB,2026-08-15 06:47:03.237,0.00004,,,,0,133,192,181,0,deepseek/deepseek-v4-flash-20260423,DigitalOcean,standard,false,true,,stop,stop,10307,567,MSCodeBase 1-L live arm,test567,false
gen-1786776400-W37EYVevin1v7Io6awut,2026-08-15 06:46:40.552,0.000059,,,,0,135,305,286,0,deepseek/deepseek-v4-flash-20260423,DigitalOcean,standard,false,true,,stop,stop,22128,2415,MSCodeBase 1-L live arm,test567,false
gen-1786776347-nEYSAvP3wWVAI4z7hYfu,2026-08-15 06:45:47.326,0.00005,,,,0,130,251,235,0,deepseek/deepseek-v4-flash-20260423,DigitalOcean,standard,false,true,,stop,stop,52542,1971,MSCodeBase 1-L live arm,test567,false
gen-1786776332-8yKbPJsabTQiz0IRgzp4,2026-08-15 06:45:32.365,0.000047,,,,0,131,231,223,0,deepseek/deepseek-v4-flash-20260423,DigitalOcean,standard,false,true,,stop,stop,14411,888,MSCodeBase 1-L live arm,test567,false
gen-1786776322-GG5CB9GjefacpTY0UnOC,2026-08-15 06:45:22.809,0.000028,,,,0,132,117,108,0,deepseek/deepseek-v4-flash-20260423,DigitalOcean,standard,false,true,,stop,stop,9029,1096,MSCodeBase 1-L live arm,test567,false
gen-1786776310-HBsnr2nZbqgHrtUWEGoa,2026-08-15 06:45:10.909,0.00004,,,,0,136,191,181,0,deepseek/deepseek-v4-flash-20260423,DigitalOcean,standard,false,true,,stop,stop,11335,1400,MSCodeBase 1-L live arm,test567,false
gen-1786776302-Dl22bKn4Pe6EIZyVp4hS,2026-08-15 06:45:02.136,0.000028,,,,0,133,117,107,0,deepseek/deepseek-v4-flash-20260423,DigitalOcean,standard,false,true,,stop,stop,7752,1220,MSCodeBase 1-L live arm,test567,false
gen-1786776279-3PAM9o4oIVvEKzSzvnz2,2026-08-15 06:44:39.447,0.000051,,,,0,135,257,249,0,deepseek/deepseek-v4-flash-20260423,DigitalOcean,standard,false,true,,stop,stop,21737,668,MSCodeBase 1-L live arm,test567,false
gen-1786776255-YtWrwR1Hh0ph4V9RcHN8,2026-08-15 06:44:15.089,0.00003,,,,0,133,132,129,0,deepseek/deepseek-v4-flash-20260423,DigitalOcean,standard,false,true,,stop,stop,23383,1149,MSCodeBase 1-L live arm,test567,false
gen-1786776246-6WZF1qoyeSDeD2YUoZUP,2026-08-15 06:44:06.484,0.000036,,,,0,131,167,164,0,deepseek/deepseek-v4-flash-20260423,DigitalOcean,standard,false,true,,stop,stop,8044,1109,MSCodeBase 1-L live arm,test567,false
gen-1786776226-ifWAwE2yWufZ3Z05IeIe,2026-08-15 06:43:46.285,0.000038,,,,0,133,175,166,0,deepseek/deepseek-v4-flash-20260423,DigitalOcean,standard,false,true,,stop,stop,19677,1619,MSCodeBase 1-L live arm,test567,false
gen-1786776176-kriBzCsW4L1hRGRTRUJi,2026-08-15 06:42:56.003,0.000041,,,,0,135,192,177,0,deepseek/deepseek-v4-flash-20260423,DigitalOcean,standard,false,true,,stop,stop,49763,2647,MSCodeBase 1-L live arm,test567,false
gen-1786776158-XBCaSe9yoB6txsoDHD5I,2026-08-15 06:42:38.952,0.000069,,,,0,132,363,353,0,deepseek/deepseek-v4-flash-20260423,DigitalOcean,standard,false,true,,stop,stop,16497,1261,MSCodeBase 1-L live arm,test567,false
gen-1786776135-0kTsfl2Z68wYkJb0uoiz,2026-08-15 06:42:15.956,0.000077,,,,0,133,414,406,0,deepseek/deepseek-v4-flash-20260423,DigitalOcean,standard,false,true,,stop,stop,22414,541,MSCodeBase 1-L live arm,test567,false
gen-1786776123-kgT5YRP48hIrfT85NTns,2026-08-15 06:42:03.040,0.000042,,,,0,129,206,202,0,deepseek/deepseek-v4-flash-20260423,DigitalOcean,standard,false,true,,stop,stop,12401,1400,MSCodeBase 1-L live arm,test567,false
gen-1786776113-mcXzmyZ9U293Arglt9ua,2026-08-15 06:41:53.930,0.000029,,,,0,133,121,112,0,deepseek/deepseek-v4-flash-20260423,DigitalOcean,standard,false,true,,stop,stop,8593,894,MSCodeBase 1-L live arm,test567,false
gen-1786776093-yhcm8OIJ2ZKJj3a7bEZg,2026-08-15 06:41:33.280,0.000045,,,,0,128,220,213,0,deepseek/deepseek-v4-flash-20260423,DigitalOcean,standard,false,true,,stop,stop,20111,701,MSCodeBase 1-L live arm,test567,false
gen-1786776069-P6JK3ZK8GemFwBnKjF0Y,2026-08-15 06:41:09.504,0.000049,,,,0,131,245,237,0,deepseek/deepseek-v4-flash-20260423,DigitalOcean,standard,false,true,,stop,stop,23267,1134,MSCodeBase 1-L live arm,test567,false
gen-1786776053-Vq5RsTfUFtmFq3xJu3IA,2026-08-15 06:40:53.660,0.000051,,,,0,128,260,251,0,deepseek/deepseek-v4-flash-20260423,DigitalOcean,standard,false,true,,stop,stop,15336,1775,MSCodeBase 1-L live arm,test567,false
gen-1786776017-6yPmy6c5ShI8TA4UDnJq,2026-08-15 06:40:17.915,0.000096,,,,0,130,530,518,0,deepseek/deepseek-v4-flash-20260423,DigitalOcean,standard,false,true,,stop,stop,35181,1092,MSCodeBase 1-L live arm,test567,false
gen-1786775986-zTBvYOrKfk46IV0joyzy,2026-08-15 06:39:46.913,0.000072,,,,0,130,381,368,0,deepseek/deepseek-v4-flash-20260423,DigitalOcean,standard,false,true,,stop,stop,30683,600,MSCodeBase 1-L live arm,test567,false
gen-1786775946-VQUzlnDJh7MmiWNrUOoa,2026-08-15 06:39:06.533,0.000063,,,,0,131,327,314,0,deepseek/deepseek-v4-flash-20260423,DigitalOcean,standard,false,true,,stop,stop,39825,888,MSCodeBase 1-L live arm,test567,false
gen-1786775924-A7OrMRIsjQnl2raxbGgj,2026-08-15 06:38:44.786,0.000052,,,,0,134,260,245,0,deepseek/deepseek-v4-flash-20260423,DigitalOcean,standard,false,true,,stop,stop,21048,1324,MSCodeBase 1-L live arm,test567,false
gen-1786775836-aSWmqB4LMjDKZY8CyTri,2026-08-15 06:37:16.307,0.00007,,,,0,137,367,353,0,deepseek/deepseek-v4-flash-20260423,DigitalOcean,standard,false,true,,stop,stop,87955,1761,MSCodeBase 1-L live arm,test567,false
gen-1786775816-cmiDPeYQuu5wPueZdoXW,2026-08-15 06:36:56.424,0.000062,,,,0,132,352,343,0,deepseek/deepseek-v4-flash-20260423,StreamLake,standard,false,true,,stop,stop,9225,771,MSCodeBase 1-L live arm,test567,false
gen-1786775795-OXgXM0LyM1qGaEd4qg7B,2026-08-15 06:36:35.730,0.000064,,,,0,131,337,332,0,deepseek/deepseek-v4-flash-20260423,DigitalOcean,standard,false,true,,stop,stop,20149,660,MSCodeBase 1-L live arm,test567,false
gen-1786775761-2ePfdAazBF1hcGo8BLAQ,2026-08-15 06:36:01.970,0.000029,,,,0,132,124,115,0,deepseek/deepseek-v4-flash-20260423,DigitalOcean,standard,false,true,,stop,stop,33234,1604,MSCodeBase 1-L live arm,test567,false
gen-1786775716-cIkbVLhKnxAWt37YvdXo,2026-08-15 06:35:16.783,0.00004,,,,0,140,186,172,0,deepseek/deepseek-v4-flash-20260423,DigitalOcean,standard,false,true,,stop,stop,44651,2081,MSCodeBase 1-L live arm,test567,false
gen-1786775704-plT1LLQBINC44ohxR25G,2026-08-15 06:35:04.334,0.000031,,,,0,136,132,116,0,deepseek/deepseek-v4-flash-20260423,DigitalOcean,standard,false,true,,stop,stop,11962,855,MSCodeBase 1-L live arm,test567,false
gen-1786775682-p1G1E5f3LsVIpqr2MHcw,2026-08-15 06:34:42.050,0.000058,,,,0,136,295,280,0,deepseek/deepseek-v4-flash-20260423,DigitalOcean,standard,false,true,,stop,stop,21946,1099,MSCodeBase 1-L live arm,test567,false
gen-1786775669-0wjKTsHSE5RBX3nuU3RH,2026-08-15 06:34:29.077,0.000046,,,,0,145,223,212,0,deepseek/deepseek-v4-flash-20260423,DigitalOcean,standard,false,true,,stop,stop,12436,602,MSCodeBase 1-L live arm,test567,false
gen-1786775635-z2qzOie5lJk56sGLQqF4,2026-08-15 06:33:55.375,0.000072,,,,0,138,378,369,0,deepseek/deepseek-v4-flash-20260423,DigitalOcean,standard,false,true,,stop,stop,33177,1145,MSCodeBase 1-L live arm,test567,false
gen-1786775605-0U2iaFkgED2b2cS3gO5z,2026-08-15 06:33:25.496,0.000065,,,,0,140,337,336,0,deepseek/deepseek-v4-flash-20260423,DigitalOcean,standard,false,true,,stop,stop,29333,617,MSCodeBase 1-L live arm,test567,false
gen-1786775580-7uFDIT69brTwe0hWRe3X,2026-08-15 06:33:00.683,0.000066,,,,0,142,344,336,0,deepseek/deepseek-v4-flash-20260423,DigitalOcean,standard,false,true,,stop,stop,24254,1990,MSCodeBase 1-L live arm,test567,false
gen-1786775564-qNqBMi0W9SYzKT4pKlos,2026-08-15 06:32:44.153,0.000052,,,,0,137,261,254,0,deepseek/deepseek-v4-flash-20260423,DigitalOcean,standard,false,true,,stop,stop,16013,622,MSCodeBase 1-L live arm,test567,false
gen-1786775549-g5wOcg7QsHHCg9TicL54,2026-08-15 06:32:29.902,0.000032,,,,0,140,139,131,0,deepseek/deepseek-v4-flash-20260423,DigitalOcean,standard,false,true,,stop,stop,13746,705,MSCodeBase 1-L live arm,test567,false
gen-1786775545-UMILkuL4nNQykHI1YgUv,2026-08-15 06:32:25.090,0.000016,,,,0,89,66,59,0,deepseek/deepseek-v4-flash-20260423,DigitalOcean,standard,false,true,,stop,stop,4484,1419,MSCodeBase 1-L live arm,test567,false
gen-1786775537-1OCCh10eGgy7nZZlwUMS,2026-08-15 06:32:17.384,0.000024,,,,0,95,110,99,0,deepseek/deepseek-v4-flash-20260423,DigitalOcean,standard,false,true,,stop,stop,7192,723,MSCodeBase 1-L live arm,test567,false
gen-1786775521-IJmS4oZI9fAYoT7N9a9k,2026-08-15 06:32:01.367,0.000027,,,,0,96,124,117,0,deepseek/deepseek-v4-flash-20260423,DigitalOcean,standard,false,true,,stop,stop,15321,1462,MSCodeBase 1-L live arm,test567,false
gen-1786775453-QoBzBOg0SF49KVLb9tct,2026-08-15 06:30:53.450,0.000054,,,,0,95,289,279,0,deepseek/deepseek-v4-flash-20260423,DigitalOcean,standard,false,true,,stop,stop,67407,841,MSCodeBase 1-L live arm,test567,false
gen-1786775427-WP1LigYevgt6acaBchYb,2026-08-15 06:30:27.165,0.000025,,,,0,94,118,107,0,deepseek/deepseek-v4-flash-20260423,DigitalOcean,standard,false,true,,stop,stop,25731,1789,MSCodeBase 1-L live arm,test567,false
gen-1786775378-1DcBWGioRTmV1IJ6Lxcy,2026-08-15 06:29:38.969,0.000089,,,,0,93,498,492,0,deepseek/deepseek-v4-flash-20260423,DigitalOcean,standard,false,true,,stop,stop,47367,812,MSCodeBase 1-L live arm,test567,false
gen-1786775356-5dNwTg3PHP9S5jyA49Wa,2026-08-15 06:29:16.563,0.000058,,,,0,96,310,298,0,deepseek/deepseek-v4-flash-20260423,DigitalOcean,standard,false,true,,stop,stop,21886,1465,MSCodeBase 1-L live arm,test567,false
gen-1786775327-dgXUSOqPy4cp5Ese6XPG,2026-08-15 06:28:47.511,0.000036,,,,0,90,183,178,0,deepseek/deepseek-v4-flash-20260423,DigitalOcean,standard,false,true,,stop,stop,28548,2255,MSCodeBase 1-L live arm,test567,false
gen-1786775320-5HJblhlmLlzEgZyJtReK,2026-08-15 06:28:40.494,0.000015,,,,0,95,56,47,0,deepseek/deepseek-v4-flash-20260423,DigitalOcean,standard,false,true,,stop,stop,6520,1482,MSCodeBase 1-L live arm,test567,false
gen-1786775290-z1uPK1Q7Ws9eIiQp42wf,2026-08-15 06:28:10.062,0.000022,,,,0,92,100,90,0,deepseek/deepseek-v4-flash-20260423,DigitalOcean,standard,false,true,,stop,stop,29915,3582,MSCodeBase 1-L live arm,test567,false
gen-1786775279-zSjc2FPFWqLAxWQyC6Tu,2026-08-15 06:27:59.608,0.000024,,,,0,93,107,95,0,deepseek/deepseek-v4-flash-20260423,DigitalOcean,standard,false,true,,stop,stop,9772,1178,MSCodeBase 1-L live arm,test567,false
gen-1786775214-brrDNxWEb35enQnBacY0,2026-08-15 06:26:54.586,0.000057,,,,0,93,306,301,0,deepseek/deepseek-v4-flash-20260423,DigitalOcean,standard,false,true,,stop,stop,64513,1761,MSCodeBase 1-L live arm,test567,false
gen-1786775205-sKOvK3JTncrxUAT57nYq,2026-08-15 06:26:45.666,0.000027,,,,0,93,130,124,0,deepseek/deepseek-v4-flash-20260423,DigitalOcean,standard,false,true,,stop,stop,8365,755,MSCodeBase 1-L live arm,test567,false
gen-1786775190-WrTcrxom7OHcymn7VUph,2026-08-15 06:26:30.646,0.000033,,,,0,94,163,156,0,deepseek/deepseek-v4-flash-20260423,DigitalOcean,standard,false,true,,stop,stop,14476,1326,MSCodeBase 1-L live arm,test567,false
gen-1786775168-fjaLuCUu7klXbktAlqMR,2026-08-15 06:26:08.421,0.000023,,,,0,96,104,97,0,deepseek/deepseek-v4-flash-20260423,DigitalOcean,standard,false,true,,stop,stop,21712,738,MSCodeBase 1-L live arm,test567,false
gen-1786775153-co2UWkPEhbI8JpXXIPYM,2026-08-15 06:25:53.609,0.000045,,,,0,92,239,235,0,deepseek/deepseek-v4-flash-20260423,DigitalOcean,standard,false,true,,stop,stop,14288,1644,MSCodeBase 1-L live arm,test567,false
gen-1786775146-JdZo8Iz8iNLESUpytqd2,2026-08-15 06:25:46.027,0.000022,,,,0,94,98,91,0,deepseek/deepseek-v4-flash-20260423,DigitalOcean,standard,false,true,,stop,stop,7090,558,MSCodeBase 1-L live arm,test567,false
gen-1786775135-RolJPiU1iGxwIBkrEezD,2026-08-15 06:25:35.757,0.000026,,,,0,95,119,108,0,deepseek/deepseek-v4-flash-20260423,DigitalOcean,standard,false,true,,stop,stop,9739,1499,MSCodeBase 1-L live arm,test567,false
gen-1786775125-Yiyoy3pBkUN9oHa6egxz,2026-08-15 06:25:25.833,0.000025,,,,0,91,117,104,0,deepseek/deepseek-v4-flash-20260423,DigitalOcean,standard,false,true,,stop,stop,9371,1074,MSCodeBase 1-L live arm,test567,false
gen-1786775118-IX36CLbpcqIaiVh1pLCj,2026-08-15 06:25:18.796,0.000016,,,,0,92,63,55,0,deepseek/deepseek-v4-flash-20260423,DigitalOcean,standard,false,true,,stop,stop,6465,966,MSCodeBase 1-L live arm,test567,false
gen-1786775093-vCspln3TK8SJoVqK3X6f,2026-08-15 06:24:53.601,0.000049,,,,0,93,263,256,0,deepseek/deepseek-v4-flash-20260423,DigitalOcean,standard,false,true,,stop,stop,24672,820,MSCodeBase 1-L live arm,test567,false
gen-1786775079-cyDn33cd3hSIdQUisV6v,2026-08-15 06:24:39.568,0.000035,,,,0,96,172,165,0,deepseek/deepseek-v4-flash-20260423,DigitalOcean,standard,false,true,,stop,stop,13461,689,MSCodeBase 1-L live arm,test567,false
gen-1786775066-omz5FnDiIMESWoKwAkfD,2026-08-15 06:24:26.527,0.000026,,,,0,94,121,112,0,deepseek/deepseek-v4-flash-20260423,DigitalOcean,standard,false,true,,stop,stop,12559,537,MSCodeBase 1-L live arm,test567,false
gen-1786775053-fEDMC1RyGCC67ZiLdX6i,2026-08-15 06:24:13.922,0.000024,,,,0,95,110,102,0,deepseek/deepseek-v4-flash-20260423,DigitalOcean,standard,false,true,,stop,stop,12072,1433,MSCodeBase 1-L live arm,test567,false
gen-1786775043-N0hCwT7WyHhQogzSVJPX,2026-08-15 06:24:03.973,0.000028,,,,0,93,135,129,0,deepseek/deepseek-v4-flash-20260423,DigitalOcean,standard,false,true,,stop,stop,9410,1731,MSCodeBase 1-L live arm,test567,false
gen-1786775033-LQl0xyYkR5kgxyU4Ne9x,2026-08-15 06:23:53.073,0.000023,,,,0,94,102,95,0,deepseek/deepseek-v4-flash-20260423,DigitalOcean,standard,false,true,,stop,stop,10372,1538,MSCodeBase 1-L live arm,test567,false
gen-1786775021-0EuGoMd4VkzZbfJV9Qnb,2026-08-15 06:23:41.681,0.000022,,,,0,94,100,89,0,deepseek/deepseek-v4-flash-20260423,DigitalOcean,standard,false,true,,stop,stop,10865,630,MSCodeBase 1-L live arm,test567,false
gen-1786775000-uqgzeLpOVdZt7DZfgWrC,2026-08-15 06:23:20.734,0.00002,,,,0,95,84,72,0,deepseek/deepseek-v4-flash-20260423,DigitalOcean,standard,false,true,,stop,stop,20423,2379,MSCodeBase 1-L live arm,test567,false
gen-1786774991-ch53HmX3TNIeqmvsInXy,2026-08-15 06:23:11.870,0.000025,,,,0,93,116,108,0,deepseek/deepseek-v4-flash-20260423,DigitalOcean,standard,false,true,,stop,stop,8353,500,MSCodeBase 1-L live arm,test567,false
gen-1786774970-CHW3zaIiqXlKibee0jUp,2026-08-15 06:22:50.996,0.000042,,,,0,95,220,214,0,deepseek/deepseek-v4-flash-20260423,DigitalOcean,standard,false,true,,stop,stop,20358,760,MSCodeBase 1-L live arm,test567,false
gen-1786774957-7s8X8ahLrKKIXc6e0UMa,2026-08-15 06:22:37.225,0.000024,,,,0,91,112,103,0,deepseek/deepseek-v4-flash-20260423,DigitalOcean,standard,false,true,,stop,stop,13254,1125,MSCodeBase 1-L live arm,test567,false
gen-1786774945-5jYJePPTJlyRvXPezZXA,2026-08-15 06:22:25.894,0.000025,,,,0,95,114,105,0,deepseek/deepseek-v4-flash-20260423,DigitalOcean,standard,false,true,,stop,stop,10843,693,MSCodeBase 1-L live arm,test567,false
gen-1786774914-LSlMywK2mz2jlmhS597R,2026-08-15 06:21:54.858,0.000043,,,,0,91,224,222,0,deepseek/deepseek-v4-flash-20260423,DigitalOcean,standard,false,true,,stop,stop,30500,1118,MSCodeBase 1-L live arm,test567,false
gen-1786774884-bXv2hMDOWfUteYjCFwY8,2026-08-15 06:21:24.469,0.000026,,,,0,93,121,113,0,deepseek/deepseek-v4-flash-20260423,DigitalOcean,standard,false,true,,stop,stop,29880,2071,MSCodeBase 1-L live arm,test567,false
gen-1786774871-L2mbj4etqPtrtgb0V7vU,2026-08-15 06:21:11.977,0.000037,,,,0,90,190,176,0,deepseek/deepseek-v4-flash-20260423,DigitalOcean,standard,false,true,,stop,stop,11985,1252,MSCodeBase 1-L live arm,test567,false
gen-1786774855-kgcHgmhwyDWpSr0KWbHT,2026-08-15 06:20:55.001,0.000042,,,,0,92,217,206,0,deepseek/deepseek-v4-flash-20260423,DigitalOcean,standard,false,true,,stop,stop,16237,664,MSCodeBase 1-L live arm,test567,false
gen-1786774791-oVRLogD2xDQ6OvDI7qpx,2026-08-15 06:19:51.987,0.000061,,,,0,92,334,322,0,deepseek/deepseek-v4-flash-20260423,DigitalOcean,standard,false,true,,stop,stop,62541,2006,MSCodeBase 1-L live arm,test567,false
gen-1786774761-Uxg0RseXXYQCMb7M6hjT,2026-08-15 06:19:21.493,0.000049,,,,0,96,256,242,0,deepseek/deepseek-v4-flash-20260423,DigitalOcean,standard,false,true,,stop,stop,29986,649,MSCodeBase 1-L live arm,test567,false
gen-1786774739-nSAuaSnYpc08Fk8EclVp,2026-08-15 06:18:59.054,0.000035,,,,0,97,176,166,0,deepseek/deepseek-v4-flash-20260423,DigitalOcean,standard,false,true,,stop,stop,21918,1338,MSCodeBase 1-L live arm,test567,false
gen-1786774719-8FOrs8TtzUXMV04sjppv,2026-08-15 06:18:39.571,0.000021,,,,0,93,94,87,0,deepseek/deepseek-v4-flash-20260423,DigitalOcean,standard,false,true,,stop,stop,19013,1978,MSCodeBase 1-L live arm,test567,false
gen-1786774699-za5HfqFH46A4XHTDG3he,2026-08-15 06:18:19.360,0.000045,,,,0,93,234,223,0,deepseek/deepseek-v4-flash-20260423,DigitalOcean,standard,false,true,,stop,stop,19707,1162,MSCodeBase 1-L live arm,test567,false
gen-1786774666-dFXQo3nX6ixcg0J5Donm,2026-08-15 06:17:46.023,0.000054,,,,0,93,292,287,0,deepseek/deepseek-v4-flash-20260423,DigitalOcean,standard,false,true,,stop,stop,33004,1523,MSCodeBase 1-L live arm,test567,false
gen-1786774657-gwOY5sJwXA44UOc1qFh1,2026-08-15 06:17:37.970,0.000021,,,,0,95,92,83,0,deepseek/deepseek-v4-flash-20260423,DigitalOcean,standard,false,true,,stop,stop,7552,769,MSCodeBase 1-L live arm,test567,false
gen-1786774641-LXmu0jPswR22c8NW721q,2026-08-15 06:17:21.821,0.000031,,,,0,96,149,141,0,deepseek/deepseek-v4-flash-20260423,DigitalOcean,standard,false,true,,stop,stop,15639,1009,MSCodeBase 1-L live arm,test567,false
gen-1786774593-LqTB0B9N2mpOr8cx7xjK,2026-08-15 06:16:33.716,0.000035,,,,0,93,177,169,0,deepseek/deepseek-v4-flash-20260423,DigitalOcean,standard,false,true,,stop,stop,47548,2346,MSCodeBase 1-L live arm,test567,false
gen-1786774573-m2AFKcpLVrMQgexmTDE8,2026-08-15 06:16:13.354,0.000045,,,,0,98,233,223,0,deepseek/deepseek-v4-flash-20260423,DigitalOcean,standard,false,true,,stop,stop,19855,1578,MSCodeBase 1-L live arm,test567,false
gen-1786774561-Z7jtztIcDjmyO4P4nrQq,2026-08-15 06:16:01.015,0.000028,,,,0,92,133,123,0,deepseek/deepseek-v4-flash-20260423,DigitalOcean,standard,false,true,,stop,stop,11626,834,MSCodeBase 1-L live arm,test567,false
gen-1786774491-5eUI7ThMipK4yxzWEEnp,2026-08-15 06:14:51.025,0.000053,,,,0,95,283,277,0,deepseek/deepseek-v4-flash-20260423,DigitalOcean,standard,false,true,,stop,stop,69461,2379,MSCodeBase 1-L live arm,test567,false
gen-1786774479-iCOY2wCr7HeivN4LtKzB,2026-08-15 06:14:39.204,0.000023,,,,0,95,100,91,0,deepseek/deepseek-v4-flash-20260423,DigitalOcean,standard,false,true,,stop,stop,11313,1404,MSCodeBase 1-L live arm,test567,false
gen-1786774469-mUaX5YyNwcA0WPmWyk6a,2026-08-15 06:14:29.001,0.000034,,,,0,92,169,164,0,deepseek/deepseek-v4-flash-20260423,DigitalOcean,standard,false,true,,stop,stop,9670,977,MSCodeBase 1-L live arm,test567,false
gen-1786774460-W0YYOtDyA6EyFGo35Urc,2026-08-15 06:14:20.786,0.000022,,,,0,96,96,90,0,deepseek/deepseek-v4-flash-20260423,DigitalOcean,standard,false,true,,stop,stop,7719,1870,MSCodeBase 1-L live arm,test567,false
gen-1786774439-voOFlbc3BdtctM1S45gW,2026-08-15 06:13:59.413,0.000261,,,,0,126,641,658,0,z-ai/glm-4.7-flash-20260119,Cloudflare,standard,false,true,,stop,stop,21033,128,MSCodeBase 1-L live arm,test567,false
gen-1786774417-ulrILSBLQegAPoGBxRRz,2026-08-15 06:13:37.559,0.000601,,,,0,132,1500,1562,0,z-ai/glm-4.7-flash-20260119,Cloudflare,standard,false,true,,length,length,20986,159,MSCodeBase 1-L live arm,test567,false
gen-1786774397-ECAs0NTEEvXJGPNWdYSB,2026-08-15 06:13:17.812,0.000601,,,,0,132,1500,1597,0,z-ai/glm-4.7-flash-20260119,Cloudflare,standard,false,true,,length,length,18822,144,MSCodeBase 1-L live arm,test567,false
gen-1786774373-t2J2pYIr2HxxirBTtSXR,2026-08-15 06:12:53.964,0.000601,,,,0,132,1500,1554,0,z-ai/glm-4.7-flash-20260119,Cloudflare,standard,false,true,,length,length,22873,163,MSCodeBase 1-L live arm,test567,false
gen-1786774365-hmsqjeU9zf6acHtBxyg7,2026-08-15 06:12:45.525,0.000184,,,,0,133,446,466,0,z-ai/glm-4.7-flash-20260119,Cloudflare,standard,false,true,,stop,stop,7914,992,MSCodeBase 1-L live arm,test567,false
gen-1786774343-yakZjidkragaGp5cJYd6,2026-08-15 06:12:23.310,0.000404,,,,0,131,1002,1053,0,z-ai/glm-4.7-flash-20260119,Cloudflare,standard,false,true,,stop,stop,20929,6837,MSCodeBase 1-L live arm,test567,false
gen-1786774328-go72bxo7UK78PxEdycj0,2026-08-15 06:12:08.090,0.000301,,,,0,129,741,755,0,z-ai/glm-4.7-flash-20260119,Cloudflare,standard,false,true,,stop,stop,14647,252,MSCodeBase 1-L live arm,test567,false
gen-1786774302-yXxjEKKwZbIMY0LzZeVK,2026-08-15 06:11:42.583,0.000601,,,,0,129,1500,1593,0,z-ai/glm-4.7-flash-20260119,Cloudflare,standard,false,true,,length,length,25152,150,MSCodeBase 1-L live arm,test567,false
gen-1786774285-2KUeJT775w9XaxWbtDKw,2026-08-15 06:11:24.998,0.000389,,,,0,131,965,1002,0,z-ai/glm-4.7-flash-20260119,Cloudflare,standard,false,true,,stop,stop,17068,184,MSCodeBase 1-L live arm,test567,false
gen-1786774258-OZ6rYoaJX6aGtDdEUkzL,2026-08-15 06:10:58.128,0.000601,,,,0,131,1500,1595,0,z-ai/glm-4.7-flash-20260119,Cloudflare,standard,false,true,,length,length,26330,5142,MSCodeBase 1-L live arm,test567,false
gen-1786774223-hpOVEjyra0VuHkLROD4z,2026-08-15 06:10:23.629,0.000601,,,,0,131,1500,1607,0,z-ai/glm-4.7-flash-20260119,Cloudflare,standard,false,true,,length,length,34119,368,MSCodeBase 1-L live arm,test567,false
gen-1786774201-4rQSh8Fgx8vwOpFLD5qT,2026-08-15 06:10:01.786,0.000601,,,,0,131,1500,1594,0,z-ai/glm-4.7-flash-20260119,Cloudflare,standard,false,true,,length,length,21419,1843,MSCodeBase 1-L live arm,test567,false
gen-1786774184-dxZE033Yz2mzw7heGg2U,2026-08-15 06:09:44.571,0.000504,,,,0,126,1255,1285,0,z-ai/glm-4.7-flash-20260119,Cloudflare,standard,false,true,,stop,stop,16643,148,MSCodeBase 1-L live arm,test567,false
gen-1786774166-qqbj5JXGbqJPOHEDI3I4,2026-08-15 06:09:26.577,0.000601,,,,0,126,1500,1583,0,z-ai/glm-4.7-flash-20260119,Cloudflare,standard,false,true,,length,length,17625,127,MSCodeBase 1-L live arm,test567,false
gen-1786774148-cRaza3iqgeBGG1Z82M7L,2026-08-15 06:09:08.124,0.000601,,,,0,133,1500,1603,0,z-ai/glm-4.7-flash-20260119,Cloudflare,standard,false,true,,length,length,17728,271,MSCodeBase 1-L live arm,test567,false
gen-1786774123-mpV9VdwtknaU1Erf69rE,2026-08-15 06:08:43.258,0.000601,,,,0,133,1500,1583,0,z-ai/glm-4.7-flash-20260119,Cloudflare,standard,false,true,,length,length,24533,659,MSCodeBase 1-L live arm,test567,false
gen-1786774106-cAWDBCgDmlswvhW8D6TA,2026-08-15 06:08:26.053,0.000601,,,,0,133,1500,1644,0,z-ai/glm-4.7-flash-20260119,Cloudflare,standard,false,true,,length,length,16823,324,MSCodeBase 1-L live arm,test567,false
gen-1786774094-YYwSQ4JycKuf46L1iOLA,2026-08-15 06:08:14.359,0.000417,,,,0,129,1035,1071,0,z-ai/glm-4.7-flash-20260119,Cloudflare,standard,false,true,,stop,stop,11106,154,MSCodeBase 1-L live arm,test567,false
gen-1786774080-witJsWF4K0wQm0Jogj8e,2026-08-15 06:08:00.064,0.000601,,,,0,129,1500,1539,0,z-ai/glm-4.7-flash-20260119,Cloudflare,standard,false,true,,length,length,13844,412,MSCodeBase 1-L live arm,test567,false
gen-1786774044-orgKbwHyi6HIUrS6PgVQ,2026-08-15 06:07:24.246,0.000601,,,,0,129,1500,1532,0,z-ai/glm-4.7-flash-20260119,Cloudflare,standard,false,true,,length,length,35474,153,MSCodeBase 1-L live arm,test567,false
gen-1786774021-lvCp3ewkN03dgvislJlQ,2026-08-15 06:07:01.341,0.000586,,,,0,128,1462,1547,0,z-ai/glm-4.7-flash-20260119,Cloudflare,standard,false,true,,stop,stop,22376,166,MSCodeBase 1-L live arm,test567,false
gen-1786773992-Tjngyb5IZNBHXotmVmYQ,2026-08-15 06:06:32.703,0.000601,,,,0,128,1500,1576,0,z-ai/glm-4.7-flash-20260119,Cloudflare,standard,false,true,,length,length,28265,292,MSCodeBase 1-L live arm,test567,false
gen-1786773986-1OFQ62qPYUGiJ0raU2pi,2026-08-15 06:06:26.225,0.000274,,,,0,133,674,680,0,z-ai/glm-4.7-flash-20260119,Cloudflare,standard,false,true,,stop,stop,5644,332,MSCodeBase 1-L live arm,test567,false
gen-1786773977-CnW8OSyhdqdZ2XhK4Y76,2026-08-15 06:06:17.152,0.000275,,,,0,129,675,703,0,z-ai/glm-4.7-flash-20260119,Cloudflare,standard,false,true,,stop,stop,8404,175,MSCodeBase 1-L live arm,test567,false
gen-1786773955-4EeMbdJhofn9LLetjOGz,2026-08-15 06:05:55.640,0.000601,,,,0,129,1500,1555,0,z-ai/glm-4.7-flash-20260119,Cloudflare,standard,false,true,,length,length,21117,129,MSCodeBase 1-L live arm,test567,false
gen-1786773947-tkeCZhCS0SQ5gAs9hJFA,2026-08-15 06:05:47.434,0.000258,,,,0,132,633,646,0,z-ai/glm-4.7-flash-20260119,Cloudflare,standard,false,true,,stop,stop,7607,136,MSCodeBase 1-L live arm,test567,false
gen-1786773918-6JjpQE7CLjrvvTdvMRJ0,2026-08-15 06:05:18.754,0.000601,,,,0,132,1500,1578,0,z-ai/glm-4.7-flash-20260119,Cloudflare,standard,false,true,,length,length,28288,316,MSCodeBase 1-L live arm,test567,false
gen-1786773891-qfvu9LChbKkf69iHvCzw,2026-08-15 06:04:51.907,0.000601,,,,0,132,1500,1536,0,z-ai/glm-4.7-flash-20260119,Cloudflare,standard,false,true,,length,length,26283,327,MSCodeBase 1-L live arm,test567,false
gen-1786773862-iVHyJLOnyNQNDAtygmE6,2026-08-15 06:04:22.135,0.000601,,,,0,132,1500,1480,0,z-ai/glm-4.7-flash-20260119,Cloudflare,standard,false,true,,length,length,29409,7521,MSCodeBase 1-L live arm,test567,false
gen-1786773828-xsTEsXIKnOjqRj5bk8Ck,2026-08-15 06:03:48.473,0.000601,,,,0,132,1500,1515,0,z-ai/glm-4.7-flash-20260119,Cloudflare,standard,false,true,,length,length,33215,1861,MSCodeBase 1-L live arm,test567,false
gen-1786773811-klwyv5My8fuqF5AwhcPU,2026-08-15 06:03:31.620,0.000601,,,,0,129,1500,1514,0,z-ai/glm-4.7-flash-20260119,Cloudflare,standard,false,true,,length,length,16261,115,MSCodeBase 1-L live arm,test567,false
gen-1786773800-O6ACB7tfGA3qy3nDoKCW,2026-08-15 06:03:20.667,0.000007,,-0.000003,,0,129,8,5,64,z-ai/glm-4.7-flash-20260119,DeepInfra,standard,false,true,,stop,stop,492,410,MSCodeBase 1-L live arm,test567,false
gen-1786773774-zz40bTHHtNN3MsaOPtBZ,2026-08-15 06:02:54.478,0.000601,,,,0,129,1500,1549,0,z-ai/glm-4.7-flash-20260119,Cloudflare,standard,false,true,,length,length,25816,321,MSCodeBase 1-L live arm,test567,false
gen-1786773753-v7Q2halCvainHMywX2ra,2026-08-15 06:02:33.811,0.000401,,,,0,132,995,1019,0,z-ai/glm-4.7-flash-20260119,Cloudflare,standard,false,true,,stop,stop,19305,610,MSCodeBase 1-L live arm,test567,false
gen-1786773727-bgWqrNIVNB22w3ryJR4m,2026-08-15 06:02:07.201,0.000601,,,,0,132,1500,1547,0,z-ai/glm-4.7-flash-20260119,Cloudflare,standard,false,true,,length,length,25059,473,MSCodeBase 1-L live arm,test567,false
gen-1786773696-446ZrcXAo0JZwrAc5vpJ,2026-08-15 06:01:36.892,0.000362,,,,0,132,896,945,0,z-ai/glm-4.7-flash-20260119,Cloudflare,standard,false,true,,stop,stop,29741,4436,MSCodeBase 1-L live arm,test567,false
gen-1786773665-AwWV84vSoXPju4qPTxDa,2026-08-15 06:01:04.967,0.000601,,,,0,132,1500,1620,0,z-ai/glm-4.7-flash-20260119,Cloudflare,standard,false,true,,length,length,31477,466,MSCodeBase 1-L live arm,test567,false
gen-1786773634-AJXCk4bgDwtAa9gExBpp,2026-08-15 06:00:34.342,0.000601,,,,0,132,1500,1562,0,z-ai/glm-4.7-flash-20260119,Cloudflare,standard,false,true,,length,length,30249,251,MSCodeBase 1-L live arm,test567,false
gen-1786773613-49iSNlo76IkogdpK3UY9,2026-08-15 06:00:13.074,0.000601,,,,0,127,1500,1558,0,z-ai/glm-4.7-flash-20260119,Cloudflare,standard,false,true,,length,length,20659,365,MSCodeBase 1-L live arm,test567,false
gen-1786773589-Jitb00R5y5LNJinoOXsF,2026-08-15 05:59:49.521,0.000601,,,,0,127,1500,1553,0,z-ai/glm-4.7-flash-20260119,Cloudflare,standard,false,true,,length,length,23199,646,MSCodeBase 1-L live arm,test567,false
gen-1786773566-wNpdAfkdnh14T5Tklt0Y,2026-08-15 05:59:26.613,0.000601,,,,0,127,1500,1542,0,z-ai/glm-4.7-flash-20260119,Cloudflare,standard,false,true,,length,length,22518,138,MSCodeBase 1-L live arm,test567,false
gen-1786773554-O3oBLdjj3v97KNEW9kbY,2026-08-15 05:59:14.076,0.000297,,,,0,129,731,784,0,z-ai/glm-4.7-flash-20260119,Cloudflare,standard,false,true,,stop,stop,11923,308,MSCodeBase 1-L live arm,test567,false
gen-1786773547-UY7vZriI80UHS0veJz6x,2026-08-15 05:59:07.339,0.000338,,,,0,130,834,838,0,z-ai/glm-4.7-flash-20260119,Cloudflare,standard,false,true,,stop,stop,6161,254,MSCodeBase 1-L live arm,test567,false
gen-1786773529-RVDstOPd2SdrT8aVXRSz,2026-08-15 05:58:49.913,0.000602,,,,0,134,1500,1531,0,z-ai/glm-4.7-flash-20260119,Cloudflare,standard,false,true,,length,length,16865,200,MSCodeBase 1-L live arm,test567,false
gen-1786773511-ocjmaJsdcZDdqPPsA8vY,2026-08-15 05:58:31.690,0.000602,,,,0,134,1500,1537,0,z-ai/glm-4.7-flash-20260119,Cloudflare,standard,false,true,,length,length,17784,1849,MSCodeBase 1-L live arm,test567,false
gen-1786773484-VblNUuXnc4O0cLRLJMBa,2026-08-15 05:58:04.820,0.000602,,,,0,134,1500,1595,0,z-ai/glm-4.7-flash-20260119,Cloudflare,standard,false,true,,length,length,26502,121,MSCodeBase 1-L live arm,test567,false
gen-1786773475-JcrtConDdtzNUQhmrGkR,2026-08-15 05:57:55.260,0.000208,,,,0,132,507,516,0,z-ai/glm-4.7-flash-20260119,Cloudflare,standard,false,true,,stop,stop,8226,625,MSCodeBase 1-L live arm,test567,false
gen-1786773462-Ri2CqrtRH3xnM14TKiLs,2026-08-15 05:57:42.364,0.000433,,,,0,133,1074,1179,0,z-ai/glm-4.7-flash-20260119,Cloudflare,standard,false,true,,stop,stop,12322,384,MSCodeBase 1-L live arm,test567,false
gen-1786773452-DX8gx27m0Abwz9vCtuyO,2026-08-15 05:57:32.595,0.00027,,,,0,133,662,684,0,z-ai/glm-4.7-flash-20260119,Cloudflare,standard,false,true,,stop,stop,9214,556,MSCodeBase 1-L live arm,test567,false
gen-1786773445-p8ABcm9G3bNLdkjH31wc,2026-08-15 05:57:25.397,0.000263,,,,0,130,645,657,0,z-ai/glm-4.7-flash-20260119,Cloudflare,standard,false,true,,stop,stop,5993,552,MSCodeBase 1-L live arm,test567,false
gen-1786773432-N8y0ClM2550piBd4wxvZ,2026-08-15 05:57:12.234,0.000601,,,,0,130,1500,1571,0,z-ai/glm-4.7-flash-20260119,Cloudflare,standard,false,true,,length,length,12406,113,MSCodeBase 1-L live arm,test567,false
gen-1786773424-6YxccJNR99bYs9uJAwvd,2026-08-15 05:57:04.923,0.00019,,,,0,132,460,455,0,z-ai/glm-4.7-flash-20260119,Cloudflare,standard,false,true,,stop,stop,6742,832,MSCodeBase 1-L live arm,test567,false
gen-1786773410-PkLjhin8uyx8PSpyXFM1,2026-08-15 05:56:50.877,0.000466,,,,0,132,1159,1178,0,z-ai/glm-4.7-flash-20260119,Cloudflare,standard,false,true,,stop,stop,13464,461,MSCodeBase 1-L live arm,test567,false
gen-1786773383-KgY6DkpjHv3riaIQiC9v,2026-08-15 05:56:23.062,0.000601,,,,0,132,1500,1510,0,z-ai/glm-4.7-flash-20260119,Cloudflare,standard,false,true,,length,length,27456,2778,MSCodeBase 1-L live arm,test567,false
gen-1786773379-T7Kjftwh0fcISfV7sg8z,2026-08-15 05:56:19.354,0.000005,,-0.000006,,0,132,11,7,128,z-ai/glm-4.7-flash-20260119,DeepInfra,standard,false,true,,stop,stop,3201,1612,MSCodeBase 1-L live arm,test567,false
gen-1786773373-b8fIuefPQbtWL1PLmo0I,2026-08-15 05:56:13.853,0.000004,,-0.000006,,0,132,8,5,128,z-ai/glm-4.7-flash-20260119,DeepInfra,standard,false,true,,stop,stop,5204,2539,MSCodeBase 1-L live arm,test567,false
gen-1786773370-nBK5WCqcaOHVTqrfYRCi,2026-08-15 05:56:10.709,0.000012,,,,0,132,11,7,0,z-ai/glm-4.7-flash-20260119,DeepInfra,standard,false,true,,stop,stop,2837,2270,MSCodeBase 1-L live arm,test567,false
gen-1786773358-eW6ERE4eRGWyoXShITsD,2026-08-15 05:55:58.919,0.000268,,,,0,130,659,636,0,z-ai/glm-4.7-flash-20260119,Cloudflare,standard,false,true,,stop,stop,11239,1535,MSCodeBase 1-L live arm,test567,false
gen-1786773342-0P0ODk9PBMD2OiowfLec,2026-08-15 05:55:42.193,0.000601,,,,0,130,1500,1517,0,z-ai/glm-4.7-flash-20260119,Cloudflare,standard,false,true,,length,length,16366,409,MSCodeBase 1-L live arm,test567,false
gen-1786773327-1bpa6rrZpzLB4OoGKqav,2026-08-15 05:55:27.245,0.000386,,,,0,127,958,976,0,z-ai/glm-4.7-flash-20260119,Cloudflare,standard,false,true,,stop,stop,14340,164,MSCodeBase 1-L live arm,test567,false
gen-1786773311-nZaXnkhg6hgiAuKYUKsD,2026-08-15 05:55:11.590,0.000434,,,,0,134,1078,1075,0,z-ai/glm-4.7-flash-20260119,Cloudflare,standard,false,true,,stop,stop,14908,130,MSCodeBase 1-L live arm,test567,false
gen-1786773302-q6rpMLXhS7PI5sDSAdGw,2026-08-15 05:55:02.796,0.000222,,,,0,127,542,575,0,z-ai/glm-4.7-flash-20260119,Cloudflare,standard,false,true,,stop,stop,8229,569,MSCodeBase 1-L live arm,test567,false
gen-1786773288-DBTDp7ABla3PW9WfnkFW,2026-08-15 05:54:48.739,0.000355,,,,0,130,879,867,0,z-ai/glm-4.7-flash-20260119,Cloudflare,standard,false,true,,stop,stop,13505,449,MSCodeBase 1-L live arm,test567,false
gen-1786773262-4zaQvYG4kKT18RkqDLVW,2026-08-15 05:54:22.708,0.000601,,,,0,130,1500,1495,0,z-ai/glm-4.7-flash-20260119,Cloudflare,standard,false,true,,length,length,25632,154,MSCodeBase 1-L live arm,test567,false
gen-1786773230-7gWWDBroDAq6UnNB8VCJ,2026-08-15 05:53:50.646,0.00047,,,,0,126,1169,1071,0,z-ai/glm-4.7-flash-20260119,Cloudflare,standard,false,true,,stop,stop,31485,7226,MSCodeBase 1-L live arm,test567,false
gen-1786773222-igtg2GPrqnPX3nnLCZhM,2026-08-15 05:53:42.761,0.000252,,,,0,129,618,624,0,z-ai/glm-4.7-flash-20260119,Cloudflare,standard,false,true,,stop,stop,7336,486,MSCodeBase 1-L live arm,test567,false
gen-1786773207-0gIa4azcTpaUGPtGZ7Bt,2026-08-15 05:53:27.730,0.000202,,,,0,129,491,483,0,z-ai/glm-4.7-flash-20260119,Cloudflare,standard,false,true,,stop,stop,4268,213,MSCodeBase 1-L live arm,test567,false
gen-1786773174-EoetO3ejlqcQqJrlH7wM,2026-08-15 05:52:54.691,0.000603,,-0.000003,,0,181,1500,1500,57,z-ai/glm-4.7-flash-20260119,Novita,standard,false,true,,length,length,32720,9839,MSCodeBase 1-L live arm,test567,false
gen-1786773145-PpkJuaLaudj4WPfl4JM6,2026-08-15 05:52:25.920,0.000601,,,,0,129,1500,1537,0,z-ai/glm-4.7-flash-20260119,Cloudflare,standard,false,true,,length,length,28413,396,MSCodeBase 1-L live arm,test567,false
gen-1786773133-5MAidrPK8xRFzDKxpwWB,2026-08-15 05:52:13.795,0.000399,,,,0,131,990,1040,0,z-ai/glm-4.7-flash-20260119,Cloudflare,standard,false,true,,stop,stop,11595,407,MSCodeBase 1-L live arm,test567,false
gen-1786773127-10OtMZIP4utVhpOudyWc,2026-08-15 05:52:07.144,0.000202,,,,0,136,491,488,0,z-ai/glm-4.7-flash-20260119,Cloudflare,standard,false,true,,stop,stop,6025,753,MSCodeBase 1-L live arm,test567,false
gen-1786773121-aenEW8SDU7nJvJfFdVMv,2026-08-15 05:52:01.680,0.000189,,,,0,131,459,482,0,z-ai/glm-4.7-flash-20260119,Cloudflare,standard,false,true,,stop,stop,4884,126,MSCodeBase 1-L live arm,test567,false
gen-1786773108-P5zQxSzYD5TXdVFjevnP,2026-08-15 05:51:48.789,0.00018,,,,0,130,437,452,0,z-ai/glm-4.7-flash-20260119,Cloudflare,standard,false,true,,stop,stop,12322,6252,MSCodeBase 1-L live arm,test567,false
gen-1786773094-w3oZZUg2P1lnI7iSM3rf,2026-08-15 05:51:34.443,0.000426,,,,0,131,1057,1107,0,z-ai/glm-4.7-flash-20260119,Cloudflare,standard,false,true,,stop,stop,13788,338,MSCodeBase 1-L live arm,test567,false
gen-1786773075-4id1fEyibWSgI3cQBqTW,2026-08-15 05:51:15.766,0.000601,,,,0,131,1500,1570,0,z-ai/glm-4.7-flash-20260119,Cloudflare,standard,false,true,,length,length,18323,297,MSCodeBase 1-L live arm,test567,false
gen-1786773059-Hko4Zz8OF6WuR31V2Qq5,2026-08-15 05:50:59.224,0.000601,,,,0,131,1500,1602,0,z-ai/glm-4.7-flash-20260119,Cloudflare,standard,false,true,,length,length,16217,126,MSCodeBase 1-L live arm,test567,false
gen-1786773038-DoIBE8h5efG3lPuxjagl,2026-08-15 05:50:38.583,0.000421,,-0.000003,,0,186,1041,1028,57,z-ai/glm-4.7-flash-20260119,Novita,standard,false,true,,stop,stop,19150,2652,MSCodeBase 1-L live arm,test567,false
gen-1786773016-SfGXkUQaT748XnsboeJ9,2026-08-15 05:50:16.249,0.000603,,-0.000003,,0,186,1500,1500,57,z-ai/glm-4.7-flash-20260119,Novita,standard,false,true,,length,length,21973,663,MSCodeBase 1-L live arm,test567,false
gen-1786773009-XXQzraaFE9KnQe4mfwIX,2026-08-15 05:50:09.421,0.000222,,,,0,131,543,540,0,z-ai/glm-4.7-flash-20260119,Cloudflare,standard,false,true,,stop,stop,6126,608,MSCodeBase 1-L live arm,test567,false
gen-1786772998-kbBCGdNWHP8wbq9bryKr,2026-08-15 05:49:58.775,0.000369,,-0.000007,,0,194,916,903,119,z-ai/glm-4.7-flash-20260119,Novita,standard,false,true,,stop,stop,10103,597,MSCodeBase 1-L live arm,test567,false
gen-1786772984-Bd6NYv7Hjv07Z8OjGKeo,2026-08-15 05:49:44.746,0.000401,,,,0,136,994,1022,0,z-ai/glm-4.7-flash-20260119,Cloudflare,standard,false,true,,stop,stop,13504,134,MSCodeBase 1-L live arm,test567,false
gen-1786772965-R5NDHx2S10M85LA1VO0K,2026-08-15 05:49:25.013,0.000602,,,,0,136,1500,1598,0,z-ai/glm-4.7-flash-20260119,Cloudflare,standard,false,true,,length,length,19395,289,MSCodeBase 1-L live arm,test567,false
gen-1786772942-2hqFTS1zG9E3gjPz6G8P,2026-08-15 05:49:02.150,0.00046,,,,0,136,1142,1182,0,z-ai/glm-4.7-flash-20260119,Cloudflare,standard,false,true,,stop,stop,22211,4312,MSCodeBase 1-L live arm,test567,false
gen-1786772925-5oVCwb52GMISxWeUJZKe,2026-08-15 05:48:45.394,0.00053,,,,0,142,1318,1373,0,z-ai/glm-4.7-flash-20260119,Cloudflare,standard,false,true,,stop,stop,16135,279,MSCodeBase 1-L live arm,test567,false
gen-1786772905-NaV4m6rVEdsRQUhNb6tD,2026-08-15 05:48:25.212,0.000402,,,,0,135,995,1072,0,z-ai/glm-4.7-flash-20260119,Cloudflare,standard,false,true,,stop,stop,19600,167,MSCodeBase 1-L live arm,test567,false
gen-1786772885-ltn3MzKaM6uRJRgjOUrr,2026-08-15 05:48:05.787,0.000602,,,,0,135,1500,1592,0,z-ai/glm-4.7-flash-20260119,Cloudflare,standard,false,true,,length,length,19060,717,MSCodeBase 1-L live arm,test567,false
gen-1786772865-cQT8pQrNql3gRzF0MypE,2026-08-15 05:47:45.597,0.000595,,-0.000011,,0,190,1500,1500,188,z-ai/glm-4.7-flash-20260119,Novita,standard,false,true,,length,length,19588,698,MSCodeBase 1-L live arm,test567,false
gen-1786772851-fGhRVC7X9JehhFPr30VH,2026-08-15 05:47:31.524,0.0006,,-0.000007,,0,190,1500,1500,117,z-ai/glm-4.7-flash-20260119,Novita,standard,false,true,,length,length,13702,619,MSCodeBase 1-L live arm,test567,false
gen-1786772831-BXxLa4VMUf3Y4HG8wdZy,2026-08-15 05:47:11.356,0.000603,,-0.000003,,0,190,1500,1500,56,z-ai/glm-4.7-flash-20260119,Novita,standard,false,true,,length,length,19812,720,MSCodeBase 1-L live arm,test567,false
gen-1786772825-DIbVcrR0jIwx6ZRo8W1Y,2026-08-15 05:47:05.629,0.000219,,-0.000007,,0,140,548,535,127,z-ai/glm-4.7-flash-20260119,Novita,standard,false,true,,stop,stop,5263,780,MSCodeBase 1-L live arm,test567,false
gen-1786772820-5SJb1R7L9tgSjNLZ4kNB,2026-08-15 05:47:00.913,0.000005,,-0.000003,,0,94,8,6,64,z-ai/glm-4.7-flash-20260119,DeepInfra,standard,false,true,,stop,stop,4156,1859,MSCodeBase 1-L live arm,test567,false
gen-1786772817-9Z9DxKxnAlCPXHXg7jub,2026-08-15 05:46:57.688,0.000005,,-0.000003,,0,94,8,6,64,z-ai/glm-4.7-flash-20260119,DeepInfra,standard,false,true,,stop,stop,2919,1281,MSCodeBase 1-L live arm,test567,false
gen-1786772813-OAO6w8gNQgFkVtOO1Eqx,2026-08-15 05:46:53.488,0.000005,,-0.000003,,0,94,8,6,64,z-ai/glm-4.7-flash-20260119,DeepInfra,standard,false,true,,stop,stop,3872,1620,MSCodeBase 1-L live arm,test567,false
gen-1786772807-QqxHDoTSiAASvrEjRu6b,2026-08-15 05:46:47.614,0.000183,,,,0,95,450,449,0,z-ai/glm-4.7-flash-20260119,Cloudflare,standard,false,true,,stop,stop,5277,213,MSCodeBase 1-L live arm,test567,false
gen-1786772799-Xrutl1puB2UvblxYFUQn,2026-08-15 05:46:39.101,0.00021,,,,0,94,517,524,0,z-ai/glm-4.7-flash-20260119,Cloudflare,standard,false,true,,stop,stop,7869,161,MSCodeBase 1-L live arm,test567,false
gen-1786772790-QiiOsNCWTNwwvFCgAxqc,2026-08-15 05:46:30.014,0.000226,,,,0,91,557,588,0,z-ai/glm-4.7-flash-20260119,Cloudflare,standard,false,true,,stop,stop,8407,215,MSCodeBase 1-L live arm,test567,false
gen-1786772786-zPu51SuXSRiwuwMgD6eV,2026-08-15 05:46:26.676,0.000131,,,,0,93,318,317,0,z-ai/glm-4.7-flash-20260119,Cloudflare,standard,false,true,,stop,stop,2752,291,MSCodeBase 1-L live arm,test567,false
gen-1786772776-pj9CIJc21K7spVVaHsMQ,2026-08-15 05:46:16.527,0.00026,,,,0,93,644,666,0,z-ai/glm-4.7-flash-20260119,Cloudflare,standard,false,true,,stop,stop,9593,146,MSCodeBase 1-L live arm,test567,false
gen-1786772762-fu9nPuebBF3WSRoOb2Bh,2026-08-15 05:46:02.869,0.000346,,,,0,89,862,910,0,z-ai/glm-4.7-flash-20260119,Cloudflare,standard,false,true,,stop,stop,13082,386,MSCodeBase 1-L live arm,test567,false
gen-1786772757-CY8cgxSVNpDbbaUrgKkT,2026-08-15 05:45:57.384,0.000139,,,,0,94,339,343,0,z-ai/glm-4.7-flash-20260119,Cloudflare,standard,false,true,,stop,stop,4919,637,MSCodeBase 1-L live arm,test567,false
gen-1786772748-IIcjW2K24SvIhaGYo67f,2026-08-15 05:45:48.228,0.000179,,-0.000007,,0,143,447,434,127,z-ai/glm-4.7-flash-20260119,Novita,standard,false,true,,stop,stop,8462,4478,MSCodeBase 1-L live arm,test567,false
gen-1786772730-SGKwzMiiXBd2IRXyl5M2,2026-08-15 05:45:30.949,0.000528,,,,0,90,1321,1388,0,z-ai/glm-4.7-flash-20260119,Cloudflare,standard,false,true,,stop,stop,16443,386,MSCodeBase 1-L live arm,test567,false
gen-1786772719-IPIazqKocDBwIYqiOlir,2026-08-15 05:45:19.443,0.000335,,,,0,93,832,862,0,z-ai/glm-4.7-flash-20260119,Cloudflare,standard,false,true,,stop,stop,10863,129,MSCodeBase 1-L live arm,test567,false
gen-1786772708-cV55Ma8dI2NGX5bZICF4,2026-08-15 05:45:08.509,0.000352,,-0.000007,,0,143,884,871,128,z-ai/glm-4.7-flash-20260119,Novita,standard,false,true,,stop,stop,10370,989,MSCodeBase 1-L live arm,test567,false
gen-1786772686-FCPlMCH3576X1IKbJa5t,2026-08-15 05:44:46.800,0.000603,,0,,0,143,1500,1500,2,z-ai/glm-4.7-flash-20260119,Novita,standard,false,true,,length,length,21223,632,MSCodeBase 1-L live arm,test567,false
gen-1786772679-IVNHBEfSPd01pc7Sqh8O,2026-08-15 05:44:39.488,0.00026,,-0.000007,,0,146,651,638,128,z-ai/glm-4.7-flash-20260119,Novita,standard,false,true,,stop,stop,6749,769,MSCodeBase 1-L live arm,test567,false
gen-1786772673-zB9rKrgz9spgBUvSxIEo,2026-08-15 05:44:33.321,0.000221,,,,0,93,545,562,0,z-ai/glm-4.7-flash-20260119,Cloudflare,standard,false,true,,stop,stop,5423,360,MSCodeBase 1-L live arm,test567,false
gen-1786772662-52Sx5bgUJpbcWy8eRQBn,2026-08-15 05:44:22.632,0.000338,,-0.000007,,0,143,849,836,133,z-ai/glm-4.7-flash-20260119,Novita,standard,false,true,,stop,stop,10076,755,MSCodeBase 1-L live arm,test567,false
gen-1786772661-nVPv1sxpHRkQMQShSwQb,2026-08-15 05:44:21.648,0.000005,,-0.000003,,0,94,8,6,64,z-ai/glm-4.7-flash-20260119,DeepInfra,standard,false,true,,stop,stop,438,313,MSCodeBase 1-L live arm,test567,false
gen-1786772660-Vr92tMFT2QvRr6tazH9A,2026-08-15 05:44:20.862,0.000005,,-0.000003,,0,94,8,6,64,z-ai/glm-4.7-flash-20260119,DeepInfra,standard,false,true,,stop,stop,444,384,MSCodeBase 1-L live arm,test567,false
gen-1786772645-KNyBcfVnrUjMmt8YGfPp,2026-08-15 05:44:05.325,0.000005,,-0.000003,,0,94,8,6,64,z-ai/glm-4.7-flash-20260119,DeepInfra,standard,false,true,,stop,stop,5120,2290,MSCodeBase 1-L live arm,test567,false
gen-1786772637-oTrke72s0Nnfrw3pDVbL,2026-08-15 05:43:57.399,0.000215,,-0.000007,,0,146,539,526,128,z-ai/glm-4.7-flash-20260119,Novita,standard,false,true,,stop,stop,7370,668,MSCodeBase 1-L live arm,test567,false
gen-1786772618-gxwZpCrBruuP8OJmQRwh,2026-08-15 05:43:38.931,0.000595,,-0.000008,,0,146,1500,1500,144,z-ai/glm-4.7-flash-20260119,Novita,standard,false,true,,length,length,18132,809,MSCodeBase 1-L live arm,test567,false
gen-1786772596-PcZb9QOzk1nJqOcqW5wJ,2026-08-15 05:43:16.713,0.000603,,0,,0,146,1500,1500,2,z-ai/glm-4.7-flash-20260119,Novita,standard,false,true,,length,length,21849,4347,MSCodeBase 1-L live arm,test567,false
gen-1786772589-kyJprfuAIswMntQMXU7o,2026-08-15 05:43:09.834,0.0002,,-0.000007,,0,141,500,487,127,z-ai/glm-4.7-flash-20260119,Novita,standard,false,true,,stop,stop,6343,633,MSCodeBase 1-L live arm,test567,false
gen-1786772580-yEtmrkHCeWQfOdBA1LeD,2026-08-15 05:43:00.744,0.000163,,0,,0,143,387,374,2,z-ai/glm-4.7-flash-20260119,Novita,standard,false,true,,stop,stop,8290,3563,MSCodeBase 1-L live arm,test567,false
gen-1786772579-vB2Lsu16pZ8su7uIhd0C,2026-08-15 05:42:59.847,0.000005,,-0.000003,,0,92,8,5,64,z-ai/glm-4.7-flash-20260119,DeepInfra,standard,false,true,,stop,stop,397,315,MSCodeBase 1-L live arm,test567,false
gen-1786772578-E6OQYWUkdEJi4z1vYaB5,2026-08-15 05:42:58.430,0.000005,,-0.000003,,0,92,8,6,64,z-ai/glm-4.7-flash-20260119,DeepInfra,standard,false,true,,stop,stop,523,379,MSCodeBase 1-L live arm,test567,false
gen-1786772575-hAMLtaEDt2tCq2Dnjq2R,2026-08-15 05:42:55.159,0.000005,,-0.000003,,0,92,8,5,64,z-ai/glm-4.7-flash-20260119,DeepInfra,standard,false,true,,stop,stop,2983,2904,MSCodeBase 1-L live arm,test567,false
gen-1786772569-7oBYE77HwWs7CGZXGGYF,2026-08-15 05:42:49.743,0.000258,,-0.000008,,0,148,648,635,137,z-ai/glm-4.7-flash-20260119,Novita,standard,false,true,,stop,stop,4757,688,MSCodeBase 1-L live arm,test567,false
gen-1786772567-S14RTYcmgTEkOkEyr6mH,2026-08-15 05:42:47.084,0.000133,,-0.000008,,0,146,333,320,136,z-ai/glm-4.7-flash-20260119,Novita,standard,false,true,,stop,stop,2083,564,MSCodeBase 1-L live arm,test567,false
gen-1786772565-2c4N2cZltgtkxWQUCLOu,2026-08-15 05:42:45.971,0.000005,,-0.000003,,0,95,8,5,64,z-ai/glm-4.7-flash-20260119,DeepInfra,standard,false,true,,stop,stop,545,485,MSCodeBase 1-L live arm,test567,false
gen-1786772565-YvoD6ZsHmTpau7yYD3gC,2026-08-15 05:42:45.200,0.000006,,-0.000003,,0,95,11,7,64,z-ai/glm-4.7-flash-20260119,DeepInfra,standard,false,true,,stop,stop,432,334,MSCodeBase 1-L live arm,test567,false
gen-1786772563-cOlljsAJdAN0rql2aiZj,2026-08-15 05:42:43.703,0.000006,,-0.000003,,0,95,11,7,64,z-ai/glm-4.7-flash-20260119,DeepInfra,standard,false,true,,stop,stop,1175,1088,MSCodeBase 1-L live arm,test567,false
gen-1786772556-fw0OYXOOjCpvR7hOjaI1,2026-08-15 05:42:36.824,0.000179,,,,0,93,438,440,0,z-ai/glm-4.7-flash-20260119,Cloudflare,standard,false,true,,stop,stop,6225,855,MSCodeBase 1-L live arm,test567,false
gen-1786772545-vnMjdxuXmTUtdP0wXvMX,2026-08-15 05:42:25.648,0.000008,,,,0,93,8,6,0,z-ai/glm-4.7-flash-20260119,DeepInfra,standard,false,true,,stop,stop,709,622,MSCodeBase 1-L live arm,test567,false
gen-1786772542-whkRWl17dfEoeryC2IBN,2026-08-15 05:42:22.231,0.00014,,-0.000007,,0,144,348,335,127,z-ai/glm-4.7-flash-20260119,Novita,standard,false,true,,stop,stop,2832,644,MSCodeBase 1-L live arm,test567,false
gen-1786772537-CuyyCAUId6DCt7AWKtHW,2026-08-15 05:42:17.217,0.000137,,,,0,93,333,319,0,z-ai/glm-4.7-flash-20260119,Cloudflare,standard,false,true,,stop,stop,4441,243,MSCodeBase 1-L live arm,test567,false
gen-1786772533-kyxDdETmn7JFWQHeAxF4,2026-08-15 05:42:13.507,0.000137,,-0.000007,,0,144,340,327,127,z-ai/glm-4.7-flash-20260119,Novita,standard,false,true,,stop,stop,3190,609,MSCodeBase 1-L live arm,test567,false
gen-1786772513-2XK4lAbeMkDrKVAPPlhw,2026-08-15 05:41:53.467,0.000297,,,,0,93,736,758,0,z-ai/glm-4.7-flash-20260119,Cloudflare,standard,false,true,,stop,stop,9202,410,MSCodeBase 1-L live arm,test567,false
gen-1786772499-teya8bVV5TKRH7AcFHq7,2026-08-15 05:41:39.313,0.000005,,-0.000003,,0,93,8,5,64,z-ai/glm-4.7-flash-20260119,DeepInfra,standard,false,true,,stop,stop,3720,1530,MSCodeBase 1-L live arm,test567,false
gen-1786772479-yVkIO4c9FrtIkkdzAppY,2026-08-15 05:41:19.174,0.000571,,-0.000007,,0,144,1438,1425,127,z-ai/glm-4.7-flash-20260119,Novita,standard,false,true,,stop,stop,19588,728,MSCodeBase 1-L live arm,test567,false
gen-1786772472-PDAmciFR7CBEkqAFF9HT,2026-08-15 05:41:12.842,0.000172,,,,0,89,423,406,0,z-ai/glm-4.7-flash-20260119,Cloudflare,standard,false,true,,stop,stop,5617,138,MSCodeBase 1-L live arm,test567,false
gen-1786772469-9CQRTG3GoicB7QQUd5Rp,2026-08-15 05:41:09.436,0.000143,,-0.000007,,0,147,355,342,128,z-ai/glm-4.7-flash-20260119,Novita,standard,false,true,,stop,stop,2802,1027,MSCodeBase 1-L live arm,test567,false
gen-1786772464-W8tC7aFV0Eh0RKkoLiKN,2026-08-15 05:41:04.746,0.000172,,,,0,90,423,419,0,z-ai/glm-4.7-flash-20260119,Cloudflare,standard,false,true,,stop,stop,4067,117,MSCodeBase 1-L live arm,test567,false
gen-1786772448-LyPICWu9gbc280Q0unET,2026-08-15 05:40:48.722,0.000157,,-0.000007,,0,144,392,379,129,z-ai/glm-4.7-flash-20260119,Novita,standard,false,true,,stop,stop,15463,10047,MSCodeBase 1-L live arm,test567,false
gen-1786772441-UHQRR72jdlRMY6uWt3Qc,2026-08-15 05:40:41.447,0.000213,,,,0,89,526,506,0,z-ai/glm-4.7-flash-20260119,Cloudflare,standard,false,true,,stop,stop,6630,156,MSCodeBase 1-L live arm,test567,false
gen-1786772440-J1oqxxMoBJaLl0LcvHWM,2026-08-15 05:40:40.315,0.000005,,-0.000003,,0,91,8,5,64,z-ai/glm-4.7-flash-20260119,DeepInfra,standard,false,true,,stop,stop,471,335,MSCodeBase 1-L live arm,test567,false
gen-1786772439-6lM4wc5Jh6wMKPYjfLUb,2026-08-15 05:40:39.525,0.000005,,-0.000003,,0,91,8,5,64,z-ai/glm-4.7-flash-20260119,DeepInfra,standard,false,true,,stop,stop,456,407,MSCodeBase 1-L live arm,test567,false
gen-1786772433-Rl1FENo9tCeyQLMDnKR3,2026-08-15 05:40:33.903,0.000005,,-0.000003,,0,91,8,5,64,z-ai/glm-4.7-flash-20260119,DeepInfra,standard,false,true,,stop,stop,5288,984,MSCodeBase 1-L live arm,test567,false
gen-1786772433-dM69YMXkUnjCI4W7QFjn,2026-08-15 05:40:33.006,0.000005,,-0.000003,,0,90,8,5,64,z-ai/glm-4.7-flash-20260119,DeepInfra,standard,false,true,,stop,stop,378,298,MSCodeBase 1-L live arm,test567,false
gen-1786772422-NWcwLiLWN86AsTh4tYgr,2026-08-15 05:40:22.028,0.000005,,-0.000003,,0,90,8,5,64,z-ai/glm-4.7-flash-20260119,DeepInfra,standard,false,true,,stop,stop,555,506,MSCodeBase 1-L live arm,test567,false
gen-1786772410-VfZAnKMYXR8Ypq2gj7k4,2026-08-15 05:40:10.061,0.000596,,-0.000007,,0,142,1500,1500,129,z-ai/glm-4.7-flash-20260119,Novita,standard,false,true,,length,length,11585,676,MSCodeBase 1-L live arm,test567,false
gen-1786772405-HLcQbWUaduJjB82IokHi,2026-08-15 05:40:05.027,0.000162,,,,0,95,396,403,0,z-ai/glm-4.7-flash-20260119,Cloudflare,standard,false,true,,stop,stop,4460,135,MSCodeBase 1-L live arm,test567,false
gen-1786772400-ZISK7N9oiEaZX0JgGN9i,2026-08-15 05:40:00.853,0.000173,,-0.000007,,0,149,431,418,127,z-ai/glm-4.7-flash-20260119,Novita,standard,false,true,,stop,stop,3585,620,MSCodeBase 1-L live arm,test567,false
gen-1786772391-xJISnxtpqfxF1WVu5KrA,2026-08-15 05:39:51.173,0.000247,,0,,0,144,599,586,2,z-ai/glm-4.7-flash-20260119,Novita,standard,false,true,,stop,stop,9130,660,MSCodeBase 1-L live arm,test567,false
gen-1786772389-mWRNc7s2YAwCydUQ1P37,2026-08-15 05:39:49.977,0.000005,,-0.000003,,0,91,8,6,64,z-ai/glm-4.7-flash-20260119,DeepInfra,standard,false,true,,stop,stop,327,282,MSCodeBase 1-L live arm,test567,false
gen-1786772389-LciuxN8OO1VYiYsqLUrg,2026-08-15 05:39:49.146,0.000005,,-0.000003,,0,91,8,6,64,z-ai/glm-4.7-flash-20260119,DeepInfra,standard,false,true,,stop,stop,363,312,MSCodeBase 1-L live arm,test567,false
gen-1786772388-Tpc23gwN1WOGycgYfoFs,2026-08-15 05:39:48.469,0.000008,,,,0,91,8,6,0,z-ai/glm-4.7-flash-20260119,DeepInfra,standard,false,true,,stop,stop,354,294,MSCodeBase 1-L live arm,test567,false
gen-1786772375-HHt5IRuCBmTb3seubMbH,2026-08-15 05:39:35.804,0.000424,,,,0,94,1059,1106,0,z-ai/glm-4.7-flash-20260119,Cloudflare,standard,false,true,,stop,stop,12120,299,MSCodeBase 1-L live arm,test567,false
gen-1786772371-s1ENDYQUil4f63rL7oEQ,2026-08-15 05:39:31.653,0.000135,,,,0,92,327,320,0,z-ai/glm-4.7-flash-20260119,Cloudflare,standard,false,true,,stop,stop,3546,437,MSCodeBase 1-L live arm,test567,false
gen-1786772367-kjRcmCPlALcZG0korWTg,2026-08-15 05:39:27.889,0.000147,,-0.000007,,0,142,367,354,127,z-ai/glm-4.7-flash-20260119,Novita,standard,false,true,,stop,stop,3138,690,MSCodeBase 1-L live arm,test567,false
gen-1786772363-AjKS0xF0rbYJUImwWRzq,2026-08-15 05:39:23.983,0.00015,,-0.000007,,0,148,374,361,127,z-ai/glm-4.7-flash-20260119,Novita,standard,false,true,,stop,stop,3323,695,MSCodeBase 1-L live arm,test567,false
gen-1786772358-CrEOmGFMtm7k4u4rfaTS,2026-08-15 05:39:18.857,0.000194,,,,0,91,478,477,0,z-ai/glm-4.7-flash-20260119,Cloudflare,standard,false,true,,stop,stop,4516,159,MSCodeBase 1-L live arm,test567,false
gen-1786772353-WOTV0VeOoMIr8UP3ZNgH,2026-08-15 05:39:13.284,0.000153,,0,,0,145,362,349,2,z-ai/glm-4.7-flash-20260119,Novita,standard,false,true,,stop,stop,5058,694,MSCodeBase 1-L live arm,test567,false
gen-1786772349-UCevjpaQEwXP1SE5Zh0I,2026-08-15 05:39:09.401,0.000157,,-0.000007,,0,147,392,379,128,z-ai/glm-4.7-flash-20260119,Novita,standard,false,true,,stop,stop,3341,623,MSCodeBase 1-L live arm,test567,false
gen-1786772345-yv3wX1748FteyFcSQ1S2,2026-08-15 05:39:05.566,0.000142,,-0.000003,,0,143,342,329,53,z-ai/glm-4.7-flash-20260119,Novita,standard,false,true,,stop,stop,3276,952,MSCodeBase 1-L live arm,test567,false
gen-1786772340-7e7HljDx1d5yuo55CbTs,2026-08-15 05:39:00.927,0.000129,,,,0,94,313,328,0,z-ai/glm-4.7-flash-20260119,Cloudflare,standard,false,true,,stop,stop,4097,238,MSCodeBase 1-L live arm,test567,false
gen-1786772337-hnXtu8wtiwnix5QzSQ91,2026-08-15 05:38:57.986,0.000036,,,,0,139,255,244,0,qwen/qwen3.7-flash-20260727,Alibaba,standard,false,true,,stop,stop,2636,468,MSCodeBase 1-L live arm,test567,false
gen-1786772330-b2jFc7672VMvFux56cC4,2026-08-15 05:38:50.239,0.000095,,,,0,144,710,699,0,qwen/qwen3.7-flash-20260727,Alibaba,standard,false,true,,stop,stop,7234,714,MSCodeBase 1-L live arm,test567,false
gen-1786772323-qQ74aUUgMn02508XTiwt,2026-08-15 05:38:43.754,0.000071,,,,0,144,523,512,0,qwen/qwen3.7-flash-20260727,Alibaba,standard,false,true,,stop,stop,5958,628,MSCodeBase 1-L live arm,test567,false
gen-1786772316-D3Ax0FcF0rcGlM2URUVp,2026-08-15 05:38:36.155,0.000099,,,,0,141,742,726,0,qwen/qwen3.7-flash-20260727,Alibaba,standard,false,true,,stop,stop,7064,533,MSCodeBase 1-L live arm,test567,false
gen-1786772304-0hfL8ScdviNx3E75KFbM,2026-08-15 05:38:24.807,0.000159,,,,0,142,1207,1192,0,qwen/qwen3.7-flash-20260727,Alibaba,standard,false,true,,stop,stop,10816,706,MSCodeBase 1-L live arm,test567,false
gen-1786772292-d4KEkM8H0fn1Gy86NNkm,2026-08-15 05:38:12.341,0.000189,,,,0,141,1442,1427,0,qwen/qwen3.7-flash-20260727,Alibaba,standard,false,true,,stop,stop,11938,554,MSCodeBase 1-L live arm,test567,false
gen-1786772289-6CAdLIPtgTXIyiUv1zxo,2026-08-15 05:38:09.016,0.000038,,,,0,144,263,248,0,qwen/qwen3.7-flash-20260727,Alibaba,standard,false,true,,stop,stop,2817,479,MSCodeBase 1-L live arm,test567,false
gen-1786772281-xB6nr3UoN5j9aBY78GW0,2026-08-15 05:38:01.803,0.000077,,,,0,138,571,556,0,qwen/qwen3.7-flash-20260727,Alibaba,standard,false,true,,stop,stop,6714,757,MSCodeBase 1-L live arm,test567,false
gen-1786772276-nNjNSaWsm8ohJnKHbsWd,2026-08-15 05:37:56.427,0.000064,,,,0,143,467,456,0,qwen/qwen3.7-flash-20260727,Alibaba,standard,false,true,,stop,stop,4870,952,MSCodeBase 1-L live arm,test567,false
gen-1786772270-vPlFSkJkJ34s2FfF8eQ2,2026-08-15 05:37:50.465,0.000074,,,,0,141,549,534,0,qwen/qwen3.7-flash-20260727,Alibaba,standard,false,true,,stop,stop,5460,672,MSCodeBase 1-L live arm,test567,false
gen-1786772265-SCeCQ4d9q2c4M1m5EuXr,2026-08-15 05:37:45.337,0.000059,,,,0,141,431,420,0,qwen/qwen3.7-flash-20260727,Alibaba,standard,false,true,,stop,stop,4618,684,MSCodeBase 1-L live arm,test567,false
gen-1786772260-KcPU3GPgSLdGGnpZACfM,2026-08-15 05:37:40.104,0.000071,,,,0,143,520,509,0,qwen/qwen3.7-flash-20260727,Alibaba,standard,false,true,,stop,stop,4731,753,MSCodeBase 1-L live arm,test567,false
gen-1786772253-jml3GxnJmxL2tkEbfWtj,2026-08-15 05:37:33.808,0.000075,,,,0,141,554,543,0,qwen/qwen3.7-flash-20260727,Alibaba,standard,false,true,,stop,stop,5790,730,MSCodeBase 1-L live arm,test567,false
gen-1786772246-sixd31hiEFsVmIkjSwFh,2026-08-15 05:37:26.909,0.000089,,,,0,142,659,648,0,qwen/qwen3.7-flash-20260727,Alibaba,standard,false,true,,stop,stop,6405,466,MSCodeBase 1-L live arm,test567,false
gen-1786772239-3H1wjfaALh8nwuddbuH7,2026-08-15 05:37:19.955,0.000086,,,,0,144,635,624,0,qwen/qwen3.7-flash-20260727,Alibaba,standard,false,true,,stop,stop,6462,639,MSCodeBase 1-L live arm,test567,false
gen-1786772235-dAngbBxHoWotzgRuy10v,2026-08-15 05:37:15.662,0.000056,,,,0,141,408,397,0,qwen/qwen3.7-flash-20260727,Alibaba,standard,false,true,,stop,stop,3778,535,MSCodeBase 1-L live arm,test567,false
gen-1786772229-KoqT4hf38T6zq0UCV7Wv,2026-08-15 05:37:09.240,0.000074,,,,0,143,544,533,0,qwen/qwen3.7-flash-20260727,Alibaba,standard,false,true,,stop,stop,5911,786,MSCodeBase 1-L live arm,test567,false
gen-1786772222-kb7UzoDZ2y0ysyGbLjjQ,2026-08-15 05:37:02.767,0.00007,,,,0,143,515,504,0,qwen/qwen3.7-flash-20260727,Alibaba,standard,false,true,,stop,stop,5958,640,MSCodeBase 1-L live arm,test567,false
gen-1786772215-ONDFyQbK1NJ9ZnL9iEQO,2026-08-15 05:36:55.279,0.000098,,,,0,139,735,724,0,qwen/qwen3.7-flash-20260727,Alibaba,standard,false,true,,stop,stop,6972,561,MSCodeBase 1-L live arm,test567,false
gen-1786772210-5ECbvnL6YDjemAXcLk5G,2026-08-15 05:36:50.564,0.00006,,,,0,141,441,430,0,qwen/qwen3.7-flash-20260727,Alibaba,standard,false,true,,stop,stop,4212,812,MSCodeBase 1-L live arm,test567,false
gen-1786772205-YOfGaXp4IjpyBVt5c1KA,2026-08-15 05:36:45.115,0.000062,,,,0,141,456,445,0,qwen/qwen3.7-flash-20260727,Alibaba,standard,false,true,,stop,stop,4931,606,MSCodeBase 1-L live arm,test567,false
gen-1786772194-zSUATqoKIjrZnfKuQsHm,2026-08-15 05:36:34.406,0.00014,,,,0,144,1061,1046,0,qwen/qwen3.7-flash-20260727,Alibaba,standard,false,true,,stop,stop,10196,810,MSCodeBase 1-L live arm,test567,false
gen-1786772188-hBvwnv3AyXBsZhFPYl7a,2026-08-15 05:36:28.823,0.000068,,,,0,143,503,492,0,qwen/qwen3.7-flash-20260727,Alibaba,standard,false,true,,stop,stop,5069,627,MSCodeBase 1-L live arm,test567,false
gen-1786772183-a2w5vnwAxPPOEVig6Qbh,2026-08-15 05:36:23.337,0.000073,,,,0,144,538,527,0,qwen/qwen3.7-flash-20260727,Alibaba,standard,false,true,,stop,stop,4979,626,MSCodeBase 1-L live arm,test567,false
gen-1786772177-FpBbcyOGeCEShvjty97K,2026-08-15 05:36:17.793,0.000065,,,,0,142,477,466,0,qwen/qwen3.7-flash-20260727,Alibaba,standard,false,true,,stop,stop,5058,687,MSCodeBase 1-L live arm,test567,false
gen-1786772170-Lb6QH7QGqRZobYglQW59,2026-08-15 05:36:10.827,0.000074,,,,0,141,550,535,0,qwen/qwen3.7-flash-20260727,Alibaba,standard,false,true,,stop,stop,6458,836,MSCodeBase 1-L live arm,test567,false
gen-1786772162-xAkARWv30OhyOP11Gnwr,2026-08-15 05:36:02.374,0.00011,,,,0,144,829,818,0,qwen/qwen3.7-flash-20260727,Alibaba,standard,false,true,,stop,stop,7853,558,MSCodeBase 1-L live arm,test567,false
gen-1786772154-EoyjLF2ElNEgfcu1o4vk,2026-08-15 05:35:54.662,0.000098,,,,0,144,733,717,0,qwen/qwen3.7-flash-20260727,Alibaba,standard,false,true,,stop,stop,7223,552,MSCodeBase 1-L live arm,test567,false
gen-1786772147-ouuAjvcsiDxJFnm8Kxrn,2026-08-15 05:35:47.889,0.000083,,,,0,143,615,599,0,qwen/qwen3.7-flash-20260727,Alibaba,standard,false,true,,stop,stop,6204,680,MSCodeBase 1-L live arm,test567,false
gen-1786772137-fyDlN08V6vBE80VqfPJk,2026-08-15 05:35:37.430,0.000129,,,,0,143,971,955,0,qwen/qwen3.7-flash-20260727,Alibaba,standard,false,true,,stop,stop,9954,613,MSCodeBase 1-L live arm,test567,false
gen-1786772129-aUVjFhuHrwb6IcEIXzl0,2026-08-15 05:35:29.145,0.000108,,,,0,139,811,800,0,qwen/qwen3.7-flash-20260727,Alibaba,standard,false,true,,stop,stop,7770,511,MSCodeBase 1-L live arm,test567,false
gen-1786772116-F7BPKDEni4S1myy5dVsI,2026-08-15 05:35:16.226,0.000177,,,,0,144,1345,1334,0,qwen/qwen3.7-flash-20260727,Alibaba,standard,false,true,,stop,stop,12431,667,MSCodeBase 1-L live arm,test567,false
gen-1786772111-xFjwX1kNlNZHzJPAOCtP,2026-08-15 05:35:11.837,0.000054,,,,0,139,393,382,0,qwen/qwen3.7-flash-20260727,Alibaba,standard,false,true,,stop,stop,3877,456,MSCodeBase 1-L live arm,test567,false
gen-1786772103-1T21ZP54gik9nIqajIey,2026-08-15 05:35:03.384,0.000114,,,,0,141,857,846,0,qwen/qwen3.7-flash-20260727,Alibaba,standard,false,true,,stop,stop,7964,1087,MSCodeBase 1-L live arm,test567,false
gen-1786772097-tRKxS3PqVw3T5xlUXEDU,2026-08-15 05:34:57.353,0.000078,,,,0,138,580,569,0,qwen/qwen3.7-flash-20260727,Alibaba,standard,false,true,,stop,stop,5484,640,MSCodeBase 1-L live arm,test567,false
gen-1786772090-S1uNJqkXpdlgXBCzjMHa,2026-08-15 05:34:50.854,0.000096,,,,0,142,714,703,0,qwen/qwen3.7-flash-20260727,Alibaba,standard,false,true,,stop,stop,5968,478,MSCodeBase 1-L live arm,test567,false
gen-1786772075-OmwCOuhatcSOfRqJ8ikl,2026-08-15 05:34:35.566,0.000197,,,,0,142,1502,1500,0,qwen/qwen3.7-flash-20260727,Alibaba,standard,false,true,,length,length,14957,532,MSCodeBase 1-L live arm,test567,false
gen-1786772066-ahEHA6Xftwrn0IdTC2kn,2026-08-15 05:34:26.970,0.000117,,,,0,141,877,866,0,qwen/qwen3.7-flash-20260727,Alibaba,standard,false,true,,stop,stop,8092,788,MSCodeBase 1-L live arm,test567,false
gen-1786772061-tCJ55oLW67T3kfzaRhe8,2026-08-15 05:34:21.854,0.000063,,,,0,142,462,451,0,qwen/qwen3.7-flash-20260727,Alibaba,standard,false,true,,stop,stop,4608,455,MSCodeBase 1-L live arm,test567,false
gen-1786772051-64AZTlXWoHbRXMTL6xqa,2026-08-15 05:34:11.908,0.000122,,,,0,146,919,903,0,qwen/qwen3.7-flash-20260727,Alibaba,standard,false,true,,stop,stop,9447,484,MSCodeBase 1-L live arm,test567,false
gen-1786772032-HnMilKCXeNyVYglTgjPl,2026-08-15 05:33:52.716,0.000147,,,,0,142,1115,1104,0,qwen/qwen3.7-flash-20260727,Alibaba,standard,false,true,,stop,stop,12239,1162,MSCodeBase 1-L live arm,test567,false
gen-1786772025-SXGmakF0ciMvQuQZIp4G,2026-08-15 05:33:45.551,0.000088,,,,0,141,657,646,0,qwen/qwen3.7-flash-20260727,Alibaba,standard,false,true,,stop,stop,6661,695,MSCodeBase 1-L live arm,test567,false
gen-1786772016-swAxqRbQKR8W4ogAJcsm,2026-08-15 05:33:36.217,0.000121,,,,0,143,914,903,0,qwen/qwen3.7-flash-20260727,Alibaba,standard,false,true,,stop,stop,8773,805,MSCodeBase 1-L live arm,test567,false
gen-1786772002-Squ2stkawLRiKgNRL1Ti,2026-08-15 05:33:22.539,0.00019,,,,0,146,1446,1431,0,qwen/qwen3.7-flash-20260727,Alibaba,standard,false,true,,stop,stop,13119,680,MSCodeBase 1-L live arm,test567,false
gen-1786771994-axK2hxTPrjCp4KpyzjEr,2026-08-15 05:33:14.104,0.0001,,,,0,144,747,736,0,qwen/qwen3.7-flash-20260727,Alibaba,standard,false,true,,stop,stop,7923,1059,MSCodeBase 1-L live arm,test567,false
gen-1786771988-UsLVxPS8V5RSlRo0nBV3,2026-08-15 05:33:08.984,0.000071,,,,0,155,518,502,0,qwen/qwen3.7-flash-20260727,Alibaba,standard,false,true,,stop,stop,4613,645,MSCodeBase 1-L live arm,test567,false
gen-1786771978-RvnxvNQSOu1uiDfoBHMZ,2026-08-15 05:32:58.126,0.000138,,,,0,148,1045,1029,0,qwen/qwen3.7-flash-20260727,Alibaba,standard,false,true,,stop,stop,10373,620,MSCodeBase 1-L live arm,test567,false
gen-1786771971-LXC3vTH2sfHYO38rOZ71,2026-08-15 05:32:51.242,0.000092,,,,0,149,684,669,0,qwen/qwen3.7-flash-20260727,Alibaba,standard,false,true,,stop,stop,6376,711,MSCodeBase 1-L live arm,test567,false
gen-1786771965-tgGRUWtRvSRrem1gNRpx,2026-08-15 05:32:45.096,0.000082,,,,0,153,602,586,0,qwen/qwen3.7-flash-20260727,Alibaba,standard,false,true,,stop,stop,5650,466,MSCodeBase 1-L live arm,test567,false
gen-1786771957-nWLNRtIuoBNgntwmMXlu,2026-08-15 05:32:37.229,0.000093,,,,0,147,690,675,0,qwen/qwen3.7-flash-20260727,Alibaba,standard,false,true,,stop,stop,7253,777,MSCodeBase 1-L live arm,test567,false
gen-1786771952-FvX9Pc4ssPbjb2quQO48,2026-08-15 05:32:32.241,0.000067,,,,0,149,490,479,0,qwen/qwen3.7-flash-20260727,Alibaba,standard,false,true,,stop,stop,4473,605,MSCodeBase 1-L live arm,test567,false
gen-1786771942-rLYUhlBZxjoWAPuZJrTX,2026-08-15 05:32:22.936,0.000095,,,,0,102,721,706,0,qwen/qwen3.7-flash-20260727,Alibaba,standard,false,true,,stop,stop,6441,484,MSCodeBase 1-L live arm,test567,false
gen-1786771935-zscLi1GigogH40FMs0r7,2026-08-15 05:32:15.631,0.000092,,,,0,107,694,678,0,qwen/qwen3.7-flash-20260727,Alibaba,standard,false,true,,stop,stop,6788,716,MSCodeBase 1-L live arm,test567,false
gen-1786771929-Y4ZoafPgYmgRII8IzNV5,2026-08-15 05:32:09.678,0.000072,,,,0,107,541,525,0,qwen/qwen3.7-flash-20260727,Alibaba,standard,false,true,,stop,stop,5447,484,MSCodeBase 1-L live arm,test567,false
gen-1786771922-tvm0LOPxg27SIKRBOQy8,2026-08-15 05:32:02.274,0.000098,,,,0,104,740,724,0,qwen/qwen3.7-flash-20260727,Alibaba,standard,false,true,,stop,stop,6896,631,MSCodeBase 1-L live arm,test567,false
gen-1786771913-YIpvXRdnpIMOvtHtmNkI,2026-08-15 05:31:53.093,0.000122,,,,0,105,927,912,0,qwen/qwen3.7-flash-20260727,Alibaba,standard,false,true,,stop,stop,8684,697,MSCodeBase 1-L live arm,test567,false
gen-1786771905-dSb9u5utlrL8xxlX6Pap,2026-08-15 05:31:45.852,0.000089,,,,0,104,670,659,0,qwen/qwen3.7-flash-20260727,Alibaba,standard,false,true,,stop,stop,6605,781,MSCodeBase 1-L live arm,test567,false
gen-1786771895-c82pBu3HRcsGH7297QMs,2026-08-15 05:31:35.418,0.000138,,,,0,107,1051,1035,0,qwen/qwen3.7-flash-20260727,Alibaba,standard,false,true,,stop,stop,9895,514,MSCodeBase 1-L live arm,test567,false
gen-1786771890-bbRgfnycrt819Yk0zdS2,2026-08-15 05:31:30.336,0.000064,,,,0,101,478,462,0,qwen/qwen3.7-flash-20260727,Alibaba,standard,false,true,,stop,stop,4567,693,MSCodeBase 1-L live arm,test567,false
gen-1786771885-IHNTkPOFsExBFj5unzgb,2026-08-15 05:31:25.306,0.000063,,,,0,105,470,459,0,qwen/qwen3.7-flash-20260727,Alibaba,standard,false,true,,stop,stop,4435,534,MSCodeBase 1-L live arm,test567,false
gen-1786771875-X1p78ciWtMStP8wcIO6I,2026-08-15 05:31:15.483,0.000139,,,,0,104,1060,1045,0,qwen/qwen3.7-flash-20260727,Alibaba,standard,false,true,,stop,stop,9320,613,MSCodeBase 1-L live arm,test567,false
gen-1786771870-ZKArqwScGG3NjePlhjIW,2026-08-15 05:31:10.133,0.000067,,,,0,105,500,489,0,qwen/qwen3.7-flash-20260727,Alibaba,standard,false,true,,stop,stop,4848,612,MSCodeBase 1-L live arm,test567,false
gen-1786771864-57xO6D2dJt3cFlRgJmf6,2026-08-15 05:31:04.504,0.000067,,,,0,105,503,492,0,qwen/qwen3.7-flash-20260727,Alibaba,standard,false,true,,stop,stop,5116,568,MSCodeBase 1-L live arm,test567,false
gen-1786771856-ZNcw915p1FaQw5QJoGBs,2026-08-15 05:30:56.408,0.000103,,,,0,104,777,766,0,qwen/qwen3.7-flash-20260727,Alibaba,standard,false,true,,stop,stop,7580,471,MSCodeBase 1-L live arm,test567,false
gen-1786771850-fdWazoc6nQMGUz90f34A,2026-08-15 05:30:50.500,0.000054,,,,0,105,402,386,0,qwen/qwen3.7-flash-20260727,Alibaba,standard,false,true,,stop,stop,5403,2019,MSCodeBase 1-L live arm,test567,false
gen-1786771840-XAT2uZplYIt7hG60KxGV,2026-08-15 05:30:40.073,0.000148,,,,0,107,1126,1110,0,qwen/qwen3.7-flash-20260727,Alibaba,standard,false,true,,stop,stop,9789,438,MSCodeBase 1-L live arm,test567,false
gen-1786771825-qXVKwfeI0Y8s35Uecotk,2026-08-15 05:30:25.884,0.00019,,,,0,104,1460,1445,0,qwen/qwen3.7-flash-20260727,Alibaba,standard,false,true,,stop,stop,13580,757,MSCodeBase 1-L live arm,test567,false
gen-1786771820-8PtehttoiNLG1MxIZCta,2026-08-15 05:30:20.714,0.000061,,,,0,106,450,434,0,qwen/qwen3.7-flash-20260727,Alibaba,standard,false,true,,stop,stop,4619,688,MSCodeBase 1-L live arm,test567,false
gen-1786771807-nfQuvMrTEu3wfGTwLZ20,2026-08-15 05:30:07.988,0.000156,,,,0,106,1193,1182,0,qwen/qwen3.7-flash-20260727,Alibaba,standard,false,true,,stop,stop,12205,687,MSCodeBase 1-L live arm,test567,false
gen-1786771804-o30t8lQaQnCT3iauGzp2,2026-08-15 05:30:03.745,0.000035,,,,0,102,254,243,0,qwen/qwen3.7-flash-20260727,Alibaba,standard,false,true,,stop,stop,3166,717,MSCodeBase 1-L live arm,test567,false
gen-1786771796-oJCvgt8aTMvf63tWwnaD,2026-08-15 05:29:56.740,0.000084,,,,0,104,636,621,0,qwen/qwen3.7-flash-20260727,Alibaba,standard,false,true,,stop,stop,6500,705,MSCodeBase 1-L live arm,test567,false
gen-1786771791-EKOSXJPoth9tNF7R1Kpo,2026-08-15 05:29:51.246,0.000069,,,,0,104,519,503,0,qwen/qwen3.7-flash-20260727,Alibaba,standard,false,true,,stop,stop,4906,670,MSCodeBase 1-L live arm,test567,false
gen-1786771783-YEtHjTT2kOAjSnzbkhMJ,2026-08-15 05:29:43.865,0.000078,,,,0,106,586,570,0,qwen/qwen3.7-flash-20260727,Alibaba,standard,false,true,,stop,stop,6855,689,MSCodeBase 1-L live arm,test567,false
gen-1786771773-aYI671oTkTBVAEAFIw65,2026-08-15 05:29:33.372,0.000136,,,,0,106,1033,1017,0,qwen/qwen3.7-flash-20260727,Alibaba,standard,false,true,,stop,stop,9977,523,MSCodeBase 1-L live arm,test567,false
gen-1786771762-qfCzMhHTMP0VW3Gb7dqq,2026-08-15 05:29:22.530,0.000135,,,,0,106,1031,1015,0,qwen/qwen3.7-flash-20260727,Alibaba,standard,false,true,,stop,stop,10349,895,MSCodeBase 1-L live arm,test567,false
gen-1786771759-V099fAx718iIjRuXRHiI,2026-08-15 05:29:19.212,0.000033,,,,0,106,232,216,0,qwen/qwen3.7-flash-20260727,Alibaba,standard,false,true,,stop,stop,2822,621,MSCodeBase 1-L live arm,test567,false
gen-1786771752-FV5mTM0brnKqadcqYqoJ,2026-08-15 05:29:12.252,0.000081,,,,0,104,608,592,0,qwen/qwen3.7-flash-20260727,Alibaba,standard,false,true,,stop,stop,6475,613,MSCodeBase 1-L live arm,test567,false
gen-1786771745-z2c5movQBaKCdgj1rkhb,2026-08-15 05:29:05.036,0.000095,,,,0,106,714,703,0,qwen/qwen3.7-flash-20260727,Alibaba,standard,false,true,,stop,stop,6695,482,MSCodeBase 1-L live arm,test567,false
gen-1786771736-xn36nUt7wqoMRwwVyAXf,2026-08-15 05:28:56.286,0.000107,,,,0,105,811,795,0,qwen/qwen3.7-flash-20260727,Alibaba,standard,false,true,,stop,stop,8201,621,MSCodeBase 1-L live arm,test567,false
gen-1786771726-jGCJmMWLYLNgxYIxa8R7,2026-08-15 05:28:46.744,0.000137,,,,0,105,1043,1027,0,qwen/qwen3.7-flash-20260727,Alibaba,standard,false,true,,stop,stop,9005,473,MSCodeBase 1-L live arm,test567,false
gen-1786771719-yXroOTS21JzqwwFsPcyr,2026-08-15 05:28:39.170,0.000089,,,,0,106,669,653,0,qwen/qwen3.7-flash-20260727,Alibaba,standard,false,true,,stop,stop,7066,624,MSCodeBase 1-L live arm,test567,false
gen-1786771711-0dLZQskezsPP6aBABG4k,2026-08-15 05:28:31.388,0.000105,,,,0,102,794,778,0,qwen/qwen3.7-flash-20260727,Alibaba,standard,false,true,,stop,stop,7224,502,MSCodeBase 1-L live arm,test567,false
gen-1786771702-gM143jlHu4a5Sh7vHe51,2026-08-15 05:28:22.806,0.000108,,,,0,106,820,804,0,qwen/qwen3.7-flash-20260727,Alibaba,standard,false,true,,stop,stop,8031,823,MSCodeBase 1-L live arm,test567,false
gen-1786771689-IBuyTxzu3hJkHUhL2gMc,2026-08-15 05:28:09.935,0.000174,,,,0,102,1330,1315,0,qwen/qwen3.7-flash-20260727,Alibaba,standard,false,true,,stop,stop,12317,626,MSCodeBase 1-L live arm,test567,false
gen-1786771686-sMppApGxILphq51Up3Sl,2026-08-15 05:28:06.779,0.000033,,,,0,104,238,222,0,qwen/qwen3.7-flash-20260727,Alibaba,standard,false,true,,stop,stop,2631,602,MSCodeBase 1-L live arm,test567,false
gen-1786771676-C1hzDqOVOI7PDNwLBUeD,2026-08-15 05:27:56.950,0.000119,,,,0,102,907,892,0,qwen/qwen3.7-flash-20260727,Alibaba,standard,false,true,,stop,stop,9298,674,MSCodeBase 1-L live arm,test567,false
gen-1786771671-sjBvJtavmO6Fw1a6WAqA,2026-08-15 05:27:51.344,0.000074,,,,0,105,554,538,0,qwen/qwen3.7-flash-20260727,Alibaba,standard,false,true,,stop,stop,5096,481,MSCodeBase 1-L live arm,test567,false
gen-1786771666-7sQeEzbOIudr6sTdfdiZ,2026-08-15 05:27:46.192,0.000065,,,,0,103,484,468,0,qwen/qwen3.7-flash-20260727,Alibaba,standard,false,true,,stop,stop,4629,528,MSCodeBase 1-L live arm,test567,false
gen-1786771659-oA6IVXuDNDKC9GgCZvKH,2026-08-15 05:27:39.196,0.000084,,,,0,106,635,624,0,qwen/qwen3.7-flash-20260727,Alibaba,standard,false,true,,stop,stop,6488,815,MSCodeBase 1-L live arm,test567,false
gen-1786771653-zgvBIX4eJeQjMRwimJxU,2026-08-15 05:27:33.177,0.000073,,,,0,107,549,533,0,qwen/qwen3.7-flash-20260727,Alibaba,standard,false,true,,stop,stop,5505,646,MSCodeBase 1-L live arm,test567,false
gen-1786771646-q3UHTRplN5rNyqxtVlRw,2026-08-15 05:27:26.636,0.00007,,,,0,106,526,510,0,qwen/qwen3.7-flash-20260727,Alibaba,standard,false,true,,stop,stop,5730,822,MSCodeBase 1-L live arm,test567,false
gen-1786771638-B9h38Lsr0FS3M8tT4yuR,2026-08-15 05:27:18.511,0.000077,,,,0,105,578,567,0,qwen/qwen3.7-flash-20260727,Alibaba,standard,false,true,,stop,stop,7493,746,MSCodeBase 1-L live arm,test567,false
gen-1786771631-rbXe72icmjpwslavfjP7,2026-08-15 05:27:11.677,0.000088,,,,0,106,661,645,0,qwen/qwen3.7-flash-20260727,Alibaba,standard,false,true,,stop,stop,6281,553,MSCodeBase 1-L live arm,test567,false
gen-1786771618-2dE37qkF46C2DCYWQD2I,2026-08-15 05:26:58.668,0.000167,,,,0,106,1277,1261,0,qwen/qwen3.7-flash-20260727,Alibaba,standard,false,true,,stop,stop,12502,712,MSCodeBase 1-L live arm,test567,false
gen-1786771610-cuWNCcUW2FaFD4aSrPbI,2026-08-15 05:26:50.078,0.000104,,,,0,104,788,777,0,qwen/qwen3.7-flash-20260727,Alibaba,standard,false,true,,stop,stop,8047,703,MSCodeBase 1-L live arm,test567,false
gen-1786771606-ScBdl8uOfCyKTC3Pa58C,2026-08-15 05:26:46.328,0.001479,,,,0,177,190,180,0,qwen/qwen3.8-max-20260803,Alibaba,standard,false,true,,stop,stop,5229,868,MSCodeBase 1-L live arm,test567,false
gen-1786771596-eHklF5AW0iMELZpU4fMV,2026-08-15 05:26:36.399,0.000196,,,,0,104,1502,1500,0,qwen/qwen3.7-flash-20260727,Alibaba,standard,false,true,,length,length,13349,620,MSCodeBase 1-L live arm,test567,false
gen-1786771596-r67amBfkmF2x0PenFxu7,2026-08-15 05:26:36.307,0.002498,,,,0,182,360,350,0,qwen/qwen3.8-max-20260803,Alibaba,standard,false,true,,stop,stop,9419,956,MSCodeBase 1-L live arm,test567,false
gen-1786771591-FKkWw7AWeOG4dkNdraSK,2026-08-15 05:26:31.432,0.000054,,,,0,110,396,380,0,qwen/qwen3.7-flash-20260727,Alibaba,standard,false,true,,stop,stop,4096,740,MSCodeBase 1-L live arm,test567,false
gen-1786771582-4p2Rc8yeKf2I7ziLk6ql,2026-08-15 05:26:22.821,0.000113,,,,0,104,861,845,0,qwen/qwen3.7-flash-20260727,Alibaba,standard,false,true,,stop,stop,8101,580,MSCodeBase 1-L live arm,test567,false
gen-1786771574-mxXS3V048NbtjOi12N7y,2026-08-15 05:26:14.485,0.000111,,,,0,106,840,824,0,qwen/qwen3.7-flash-20260727,Alibaba,standard,false,true,,stop,stop,7802,704,MSCodeBase 1-L live arm,test567,false
gen-1786771571-WsbAyAVI5d7NnsRpAemq,2026-08-15 05:26:11.274,0.006704,,,,0,182,1068,1058,0,qwen/qwen3.8-max-20260803,Alibaba,standard,false,true,,stop,stop,24426,1017,MSCodeBase 1-L live arm,test567,false
gen-1786771568-XRiGIw2ZjKU5whjgdIOi,2026-08-15 05:26:08.727,0.000067,,,,0,107,503,492,0,qwen/qwen3.7-flash-20260727,Alibaba,standard,false,true,,stop,stop,5266,754,MSCodeBase 1-L live arm,test567,false
gen-1786771567-vNN2nbUZQAW1rzdHGOmp,2026-08-15 05:26:07.144,0.000906,,,,0,179,93,83,0,qwen/qwen3.8-max-20260803,Alibaba,standard,false,true,,stop,stop,3550,1181,MSCodeBase 1-L live arm,test567,false
gen-1786771560-4nhAc6tFTv7nNxFVgeXX,2026-08-15 05:26:00.506,0.000093,,,,0,104,699,683,0,qwen/qwen3.7-flash-20260727,Alibaba,standard,false,true,,stop,stop,7695,714,MSCodeBase 1-L live arm,test567,false
gen-1786771558-HtwIbwVYaFo642JmPJKM,2026-08-15 05:25:58.264,0.002506,,,,0,180,362,352,0,qwen/qwen3.8-max-20260803,Alibaba,standard,false,true,,stop,stop,8290,872,MSCodeBase 1-L live arm,test567,false
gen-1786771554-Nywp64GZXohE8qCNLgOU,2026-08-15 05:25:54.453,0.000078,,,,0,106,582,566,0,qwen/qwen3.7-flash-20260727,Alibaba,standard,false,true,,stop,stop,5549,675,MSCodeBase 1-L live arm,test567,false
gen-1786771553-4HKppCwwpsulkdmcTAoz,2026-08-15 05:25:53.332,0.001251,,,,0,179,151,141,0,qwen/qwen3.8-max-20260803,Alibaba,standard,false,true,,stop,stop,4340,860,MSCodeBase 1-L live arm,test567,false
gen-1786771549-2kyHNUMRScNwh8TYwgtl,2026-08-15 05:25:49.864,0.000598,,,,0,139,514,503,0,qwen/qwen3.6-flash,Alibaba,standard,false,true,,stop,stop,4167,495,MSCodeBase 1-L live arm,test567,false
gen-1786771548-6WFz7uAEhVHIRq1ZyshI,2026-08-15 05:25:48.437,0.001144,,,,0,182,132,122,0,qwen/qwen3.8-max-20260803,Alibaba,standard,false,true,,stop,stop,4283,1356,MSCodeBase 1-L live arm,test567,false
gen-1786771543-kEYiKWZN4ncfSlydycqF,2026-08-15 05:25:43.848,0.00085,,,,0,144,740,725,0,qwen/qwen3.6-flash,Alibaba,standard,false,true,,stop,stop,5464,407,MSCodeBase 1-L live arm,test567,false
gen-1786771540-8H53dDhbVVHeJfG6XJxQ,2026-08-15 05:25:40.341,0.002166,,,,0,176,306,296,0,qwen/qwen3.8-max-20260803,Alibaba,standard,false,true,,stop,stop,7489,1015,MSCodeBase 1-L live arm,test567,false
gen-1786771539-WJbiZ2GA7vc4pC7qrORR,2026-08-15 05:25:39.102,0.000681,,,,0,144,588,572,0,qwen/qwen3.6-flash,Alibaba,standard,false,true,,stop,stop,4223,417,MSCodeBase 1-L live arm,test567,false
gen-1786771534-4qQWsSUKKN8tGxlYVPTz,2026-08-15 05:25:34.428,0.00151,,,,0,181,194,184,0,qwen/qwen3.8-max-20260803,Alibaba,standard,false,true,,stop,stop,5308,1108,MSCodeBase 1-L live arm,test567,false
gen-1786771531-nYh41trZ3SLRKLCBnX2M,2026-08-15 05:25:31.851,0.001069,,,,0,141,937,922,0,qwen/qwen3.6-flash,Alibaba,standard,false,true,,stop,stop,6627,410,MSCodeBase 1-L live arm,test567,false
gen-1786771528-gwRnWbqwVMleVJQZocEt,2026-08-15 05:25:28.741,0.001429,,,,0,179,181,171,0,qwen/qwen3.8-max-20260803,Alibaba,standard,false,true,,stop,stop,5091,1030,MSCodeBase 1-L live arm,test567,false
gen-1786771524-Wy1wqCn4wFesQp3lYICJ,2026-08-15 05:25:24.107,0.001296,,,,0,142,1140,1124,0,qwen/qwen3.6-flash,Alibaba,standard,false,true,,stop,stop,7075,449,MSCodeBase 1-L live arm,test567,false
gen-1786771522-akwjY4fSKwoHinOmqLkD,2026-08-15 05:25:22.444,0.001578,,,,0,179,206,196,0,qwen/qwen3.8-max-20260803,Alibaba,standard,false,true,,stop,stop,5650,1253,MSCodeBase 1-L live arm,test567,false
gen-1786771515-hw8AqFXgtDVHv1TRQmIj,2026-08-15 05:25:15.746,0.001226,,,,0,141,1078,1063,0,qwen/qwen3.6-flash,Alibaba,standard,false,true,,stop,stop,7819,402,MSCodeBase 1-L live arm,test567,false
gen-1786771513-MCoaBZH3qAHl10c2NH1k,2026-08-15 05:25:13.225,0.002478,,,,0,181,357,347,0,qwen/qwen3.8-max-20260803,Alibaba,standard,false,true,,stop,stop,8553,882,MSCodeBase 1-L live arm,test567,false
gen-1786771509-AGk4uZZf8w6u7sVYc2dl,2026-08-15 05:25:09.852,0.000876,,,,0,144,763,748,0,qwen/qwen3.6-flash,Alibaba,standard,false,true,,stop,stop,5381,911,MSCodeBase 1-L live arm,test567,false
gen-1786771506-P6HIQ3gqWqxleHYGSEgQ,2026-08-15 05:25:06.678,0.001536,,,,0,179,199,189,0,qwen/qwen3.8-max-20260803,Alibaba,standard,false,true,,stop,stop,5948,1739,MSCodeBase 1-L live arm,test567,false
gen-1786771502-OxR7Ivtxdmqvrb5bw4PP,2026-08-15 05:25:02.203,0.00109,,,,0,138,956,940,0,qwen/qwen3.6-flash,Alibaba,standard,false,true,,stop,stop,7096,935,MSCodeBase 1-L live arm,test567,false
gen-1786771495-4tqM3wyFXRkWRGWSidQT,2026-08-15 05:24:55.267,0.001043,,,,0,143,913,898,0,qwen/qwen3.6-flash,Alibaba,standard,false,true,,stop,stop,6415,430,MSCodeBase 1-L live arm,test567,false
gen-1786771491-6YwR2Un0GvVQFbv285tD,2026-08-15 05:24:51.742,0.003789,,,,0,180,578,568,0,qwen/qwen3.8-max-20260803,Alibaba,standard,false,true,,stop,stop,14347,1345,MSCodeBase 1-L live arm,test567,false
gen-1786771490-8Cpv9JNVkvXNHRY5Rs0j,2026-08-15 05:24:50.799,0.000679,,,,0,141,587,576,0,qwen/qwen3.6-flash,Alibaba,standard,false,true,,stop,stop,3972,433,MSCodeBase 1-L live arm,test567,false
gen-1786771485-sNjucc7zkdFSOSV3VaQB,2026-08-15 05:24:45.749,0.000673,,,,0,141,581,566,0,qwen/qwen3.6-flash,Alibaba,standard,false,true,,stop,stop,4497,438,MSCodeBase 1-L live arm,test567,false
gen-1786771485-8OWRi82sbdmy8qFNt4pW,2026-08-15 05:24:45.628,0.001269,,,,0,182,153,143,0,qwen/qwen3.8-max-20260803,Alibaba,standard,false,true,,stop,stop,5518,1394,MSCodeBase 1-L live arm,test567,false
gen-1786771481-oAqCWl38CiF0l1gXHPhP,2026-08-15 05:24:41.288,0.000942,,,,0,179,99,89,0,qwen/qwen3.8-max-20260803,Alibaba,standard,false,true,,stop,stop,3738,859,MSCodeBase 1-L live arm,test567,false
gen-1786771480-6xoyh5OK9Ik4pXyYoXSp,2026-08-15 05:24:40.267,0.000847,,,,0,143,737,726,0,qwen/qwen3.6-flash,Alibaba,standard,false,true,,stop,stop,4953,417,MSCodeBase 1-L live arm,test567,false
gen-1786771473-dYueGultvNeXFdZl92aa,2026-08-15 05:24:33.716,0.001724,,,,0,181,230,219,0,qwen/qwen3.8-max-20260803,Alibaba,standard,false,true,,stop,stop,6937,1176,MSCodeBase 1-L live arm,test567,false
gen-1786771473-0fKrYcDPviPEsTA0HXpP,2026-08-15 05:24:33.042,0.001169,,,,0,141,1027,1016,0,qwen/qwen3.6-flash,Alibaba,standard,false,true,,stop,stop,6708,416,MSCodeBase 1-L live arm,test567,false
gen-1786771464-lptKl9OKGMmOpEx1FCAg,2026-08-15 05:24:24.884,0.00214,,,,0,181,300,290,0,qwen/qwen3.8-max-20260803,Alibaba,standard,false,true,,stop,stop,8161,1241,MSCodeBase 1-L live arm,test567,false
gen-1786771464-ZtPbM5NlBINCcdgmURBl,2026-08-15 05:24:24.796,0.001372,,,,0,142,1209,1194,0,qwen/qwen3.6-flash,Alibaba,standard,false,true,,stop,stop,7713,409,MSCodeBase 1-L live arm,test567,false
gen-1786771461-UkQTppdCEQTVzgWaSKM6,2026-08-15 05:24:21.078,0.000511,,,,0,144,435,420,0,qwen/qwen3.6-flash,Alibaba,standard,false,true,,stop,stop,3050,518,MSCodeBase 1-L live arm,test567,false
gen-1786771457-oLuY85ugAMZ3wZrz3tki,2026-08-15 05:24:17.950,0.001906,,,,0,177,262,252,0,qwen/qwen3.8-max-20260803,Alibaba,standard,false,true,,stop,stop,6224,927,MSCodeBase 1-L live arm,test567,false
gen-1786771455-RIzfPteorcPdAjgVaBiN,2026-08-15 05:24:15.036,0.000945,,,,0,141,825,810,0,qwen/qwen3.6-flash,Alibaba,standard,false,true,,stop,stop,5495,529,MSCodeBase 1-L live arm,test567,false
gen-1786771450-MPluJN806Gi5pwZdbFQK,2026-08-15 05:24:10.763,0.000683,,,,0,143,590,575,0,qwen/qwen3.6-flash,Alibaba,standard,false,true,,stop,stop,3716,403,MSCodeBase 1-L live arm,test567,false
gen-1786771446-5mbdMU3MSNqTS988ZjMy,2026-08-15 05:24:06.178,0.00066,,,,0,143,569,558,0,qwen/qwen3.6-flash,Alibaba,standard,false,true,,stop,stop,4052,552,MSCodeBase 1-L live arm,test567,false
gen-1786771445-Bfp3xsLzqWXXeD1xgpAh,2026-08-15 05:24:05.739,0.003092,,,,0,179,461,451,0,qwen/qwen3.8-max-20260803,Alibaba,standard,false,true,,stop,stop,11599,964,MSCodeBase 1-L live arm,test567,false
gen-1786771440-AKyYm3e6CVKiLuUEESmr,2026-08-15 05:24:00.191,0.00091,,,,0,139,794,783,0,qwen/qwen3.6-flash,Alibaba,standard,false,true,,stop,stop,5448,388,MSCodeBase 1-L live arm,test567,false
gen-1786771439-Z4ekA8lvuIU1HRV49bt9,2026-08-15 05:23:59.549,0.001506,,,,0,179,194,184,0,qwen/qwen3.8-max-20260803,Alibaba,standard,false,true,,stop,stop,5587,1403,MSCodeBase 1-L live arm,test567,false
gen-1786771436-KaV8Wc3mTEoWWGWIT047,2026-08-15 05:23:56.250,0.000588,,,,0,141,505,489,0,qwen/qwen3.6-flash,Alibaba,standard,false,true,,stop,stop,3384,417,MSCodeBase 1-L live arm,test567,false
gen-1786771427-izZ9anEzur5JYy6XASFk,2026-08-15 05:23:47.337,0.001514,,,,0,141,1336,1321,0,qwen/qwen3.6-flash,Alibaba,standard,false,true,,stop,stop,8342,410,MSCodeBase 1-L live arm,test567,false
gen-1786771426-r31UCD8rDgJhGjCdE9xD,2026-08-15 05:23:46.927,0.003241,,,,0,182,485,475,0,qwen/qwen3.8-max-20260803,Alibaba,standard,false,true,,stop,stop,11962,851,MSCodeBase 1-L live arm,test567,false
gen-1786771422-4nu0dYDDQ9FY67SGjgDm,2026-08-15 05:23:42.337,0.000764,,,,0,144,662,646,0,qwen/qwen3.6-flash,Alibaba,standard,false,true,,stop,stop,4476,408,MSCodeBase 1-L live arm,test567,false
gen-1786771419-AhECG23uOK8m6YD4OGyB,2026-08-15 05:23:39.775,0.001843,,,,0,181,250,240,0,qwen/qwen3.8-max-20260803,Alibaba,standard,false,true,,stop,stop,6548,981,MSCodeBase 1-L live arm,test567,false
gen-1786771416-u8TrdRojMnsFDF2cwSrQ,2026-08-15 05:23:36.138,0.000999,,,,0,143,874,859,0,qwen/qwen3.6-flash,Alibaba,standard,false,true,,stop,stop,5667,401,MSCodeBase 1-L live arm,test567,false
gen-1786771410-tNrdQMHXqMV1R6sCmHjL,2026-08-15 05:23:30.584,0.002148,,,,0,182,301,291,0,qwen/qwen3.8-max-20260803,Alibaba,standard,false,true,,stop,stop,8558,2080,MSCodeBase 1-L live arm,test567,false
gen-1786771407-HD3NM58eqsEG5gR5q0Fr,2026-08-15 05:23:27.038,0.001571,,,,0,144,1387,1371,0,qwen/qwen3.6-flash,Alibaba,standard,false,true,,stop,stop,8538,430,MSCodeBase 1-L live arm,test567,false
gen-1786771402-uPmfHrde8A2BSB3dH6Dx,2026-08-15 05:23:22.826,0.002126,,,,0,180,298,288,0,qwen/qwen3.8-max-20260803,Alibaba,standard,false,true,,stop,stop,7150,817,MSCodeBase 1-L live arm,test567,false
gen-1786771397-9BPCf3VyFlaRn4TBHn1m,2026-08-15 05:23:17.180,0.001504,,,,0,142,1327,1311,0,qwen/qwen3.6-flash,Alibaba,standard,false,true,,stop,stop,9315,409,MSCodeBase 1-L live arm,test567,false
gen-1786771396-6ytoBqj4QDF7GtjKcPgY,2026-08-15 05:23:16.101,0.001607,,,,0,179,211,201,0,qwen/qwen3.8-max-20260803,Alibaba,standard,false,true,,stop,stop,6135,1414,MSCodeBase 1-L live arm,test567,false
gen-1786771393-yW3fDTb414vWOE5k6iEi,2026-08-15 05:23:13.571,0.000481,,,,0,141,409,394,0,qwen/qwen3.6-flash,Alibaba,standard,false,true,,stop,stop,3072,516,MSCodeBase 1-L live arm,test567,false
gen-1786771388-p0hWAiwYWb6BYW8e6bB0,2026-08-15 05:23:08.337,0.000749,,,,0,144,649,633,0,qwen/qwen3.6-flash,Alibaba,standard,false,true,,stop,stop,4698,403,MSCodeBase 1-L live arm,test567,false
gen-1786771388-E3b5olpa4gBZBmZHCgfq,2026-08-15 05:23:08.136,0.001981,,,,0,182,273,263,0,qwen/qwen3.8-max-20260803,Alibaba,standard,false,true,,stop,stop,7368,1226,MSCodeBase 1-L live arm,test567,false
gen-1786771382-I7EIKawJlMC06uv6YcTF,2026-08-15 05:23:02.363,0.000777,,,,0,144,674,658,0,qwen/qwen3.6-flash,Alibaba,standard,false,true,,stop,stop,5325,923,MSCodeBase 1-L live arm,test567,false
gen-1786771380-1OPpmLPSJ3Ay7Um1LEjE,2026-08-15 05:23:00.404,0.001827,,,,0,182,247,237,0,qwen/qwen3.8-max-20260803,Alibaba,standard,false,true,,stop,stop,7042,1036,MSCodeBase 1-L live arm,test567,false
gen-1786771379-l2vskCm2hHlvSeo00s5v,2026-08-15 05:22:59.487,0.000376,,,,0,143,314,299,0,qwen/qwen3.6-flash,Alibaba,standard,false,true,,stop,stop,2351,410,MSCodeBase 1-L live arm,test567,false
gen-1786771375-VzvT7YSaPWcwmIcxwbUr,2026-08-15 05:22:55.771,0.001011,,,,0,181,110,100,0,qwen/qwen3.8-max-20260803,Alibaba,standard,false,true,,stop,stop,4006,1316,MSCodeBase 1-L live arm,test567,false
gen-1786771373-l2AUrlYQjzY7vvM1HrkB,2026-08-15 05:22:53.677,0.000856,,,,0,143,745,730,0,qwen/qwen3.6-flash,Alibaba,standard,false,true,,stop,stop,5247,473,MSCodeBase 1-L live arm,test567,false
gen-1786771368-xAsCh6RoCM5GrxEfu2al,2026-08-15 05:22:48.815,0.001647,,,,0,181,217,207,0,qwen/qwen3.8-max-20260803,Alibaba,standard,false,true,,stop,stop,6355,1022,MSCodeBase 1-L live arm,test567,false
gen-1786771367-RpmL9ECyIJtBTCSYzQNp,2026-08-15 05:22:47.073,0.001013,,,,0,139,887,876,0,qwen/qwen3.6-flash,Alibaba,standard,false,true,,stop,stop,6039,382,MSCodeBase 1-L live arm,test567,false
gen-1786771364-JGr60whv54icqhNYNKeo,2026-08-15 05:22:44.040,0.001081,,,,0,177,123,113,0,qwen/qwen3.8-max-20260803,Alibaba,standard,false,true,,stop,stop,4147,1182,MSCodeBase 1-L live arm,test567,false
gen-1786771360-PSaMxtoSmLekfQwCA0j8,2026-08-15 05:22:40.489,0.001009,,,,0,144,882,867,0,qwen/qwen3.6-flash,Alibaba,standard,false,true,,stop,stop,6065,402,MSCodeBase 1-L live arm,test567,false
gen-1786771355-wIHinlQ2Lp07wssc5gEr,2026-08-15 05:22:35.334,0.000687,,,,0,139,594,579,0,qwen/qwen3.6-flash,Alibaba,standard,false,true,,stop,stop,4377,577,MSCodeBase 1-L live arm,test567,false
gen-1786771350-aNj2i1p4gam39gH9vifA,2026-08-15 05:22:30.351,0.003615,,,,0,182,548,537,0,qwen/qwen3.8-max-20260803,Alibaba,standard,false,true,,stop,stop,13070,849,MSCodeBase 1-L live arm,test567,false
gen-1786771349-4ATHWSUOuicuFEauIhSo,2026-08-15 05:22:29.385,0.000853,,,,0,141,743,727,0,qwen/qwen3.6-flash,Alibaba,standard,false,true,,stop,stop,5403,399,MSCodeBase 1-L live arm,test567,false
gen-1786771344-Jmrrvz3rISNvjzo1FJBq,2026-08-15 05:22:24.297,0.000784,,,,0,138,681,666,0,qwen/qwen3.6-flash,Alibaba,standard,false,true,,stop,stop,4550,401,MSCodeBase 1-L live arm,test567,false
gen-1786771340-7jDnL8rcWnWkuevxtR1S,2026-08-15 05:22:20.763,0.002245,,,,0,177,319,309,0,qwen/qwen3.8-max-20260803,Alibaba,standard,false,true,,stop,stop,8973,933,MSCodeBase 1-L live arm,test567,false
gen-1786771340-VLtKfvoOP930iXkHuyam,2026-08-15 05:22:20.525,0.000535,,,,0,142,457,442,0,qwen/qwen3.6-flash,Alibaba,standard,false,true,,stop,stop,3251,415,MSCodeBase 1-L live arm,test567,false
gen-1786771334-5JovsTgZTuXdd1cKioK0,2026-08-15 05:22:14.053,0.001512,,,,0,179,195,184,0,qwen/qwen3.8-max-20260803,Alibaba,standard,false,true,,stop,stop,5828,926,MSCodeBase 1-L live arm,test567,false
gen-1786771333-ySGqkJXGBI1lJXmVub9r,2026-08-15 05:22:13.600,0.001041,,,,0,141,912,897,0,qwen/qwen3.6-flash,Alibaba,standard,false,true,,stop,stop,6239,425,MSCodeBase 1-L live arm,test567,false
gen-1786771328-W3sEIQ9U5efWIrP2r94p,2026-08-15 05:22:08.441,0.000686,,,,0,142,593,577,0,qwen/qwen3.6-flash,Alibaba,standard,false,true,,stop,stop,4370,510,MSCodeBase 1-L live arm,test567,false
gen-1786771327-yNHTduueJQUjdlWf9Ofn,2026-08-15 05:22:07.808,0.001542,,,,0,176,201,191,0,qwen/qwen3.8-max-20260803,Alibaba,standard,false,true,,stop,stop,5633,1077,MSCodeBase 1-L live arm,test567,false
gen-1786771321-s9tFnSaIsREdw5fAwenB,2026-08-15 05:22:01.412,0.001129,,,,0,146,990,975,0,qwen/qwen3.6-flash,Alibaba,standard,false,true,,stop,stop,6501,404,MSCodeBase 1-L live arm,test567,false
gen-1786771319-HqZgxBuoCcb8NNsPKx84,2026-08-15 05:21:59.264,0.00231,,,,0,180,329,319,0,qwen/qwen3.8-max-20260803,Alibaba,standard,false,true,,stop,stop,7951,861,MSCodeBase 1-L live arm,test567,false
gen-1786771315-Vc06WzFlhYlid2t4ofjb,2026-08-15 05:21:55.159,0.000926,,,,0,142,808,793,0,qwen/qwen3.6-flash,Alibaba,standard,false,true,,stop,stop,5706,592,MSCodeBase 1-L live arm,test567,false
gen-1786771314-AsFQEjAdbDT6QB4T6haT,2026-08-15 05:21:54.359,0.001263,,,,0,179,153,143,0,qwen/qwen3.8-max-20260803,Alibaba,standard,false,true,,stop,stop,4305,1058,MSCodeBase 1-L live arm,test567,false
gen-1786771308-npLQVDe4ViWpgDERbM0T,2026-08-15 05:21:48.718,0.000772,,,,0,141,670,654,0,qwen/qwen3.6-flash,Alibaba,standard,false,true,,stop,stop,4833,407,MSCodeBase 1-L live arm,test567,false
gen-1786771307-pkWB0vvQxfsLis7BW9Vf,2026-08-15 05:21:47.014,0.001716,,,,0,180,229,219,0,qwen/qwen3.8-max-20260803,Alibaba,standard,false,true,,stop,stop,6410,1143,MSCodeBase 1-L live arm,test567,false
gen-1786771298-5tRFgXccvuSbR9bcKGjn,2026-08-15 05:21:38.226,0.001699,,,,0,141,1502,1500,0,qwen/qwen3.6-flash,Alibaba,standard,false,true,,length,length,10152,909,MSCodeBase 1-L live arm,test567,false
gen-1786771294-z9UnbPFLAvDnVNTMnJWN,2026-08-15 05:21:34.466,0.003191,,,,0,184,476,466,0,qwen/qwen3.8-max-20260803,Alibaba,standard,false,true,,stop,stop,11867,1497,MSCodeBase 1-L live arm,test567,false
gen-1786771289-pm8wr0KDImk9lsFT1moa,2026-08-15 05:21:29.398,0.001301,,,,0,143,1145,1130,0,qwen/qwen3.6-flash,Alibaba,standard,false,true,,stop,stop,8252,918,MSCodeBase 1-L live arm,test567,false
gen-1786771284-ZdoJzJBReSfL9xno1s9A,2026-08-15 05:21:24.436,0.002512,,,,0,180,363,353,0,qwen/qwen3.8-max-20260803,Alibaba,standard,false,true,,stop,stop,9407,866,MSCodeBase 1-L live arm,test567,false
gen-1786771278-nRY4NwDjs6g4YnY94C3g,2026-08-15 05:21:18.809,0.001693,,,,0,146,1496,1485,0,qwen/qwen3.6-flash,Alibaba,standard,false,true,,stop,stop,10020,436,MSCodeBase 1-L live arm,test567,false
gen-1786771275-XoGNPqI5noXmI5pdUkIp,2026-08-15 05:21:15.917,0.001756,,,,0,179,236,226,0,qwen/qwen3.8-max-20260803,Alibaba,standard,false,true,,stop,stop,7900,1405,MSCodeBase 1-L live arm,test567,false
gen-1786771269-84Ur9y1ktey4DTCVXIod,2026-08-15 05:21:09.168,0.001583,,,,0,144,1398,1382,0,qwen/qwen3.6-flash,Alibaba,standard,false,true,,stop,stop,9121,400,MSCodeBase 1-L live arm,test567,false
gen-1786771265-YVpzDdcLHzqV3xrzCL4l,2026-08-15 05:21:05.454,0.000531,,,,0,155,451,435,0,qwen/qwen3.6-flash,Alibaba,standard,false,true,,stop,stop,3204,406,MSCodeBase 1-L live arm,test567,false
gen-1786771261-05kSYooglBjZeVVgq119,2026-08-15 05:21:01.637,0.004023,,,,0,181,617,607,0,qwen/qwen3.8-max-20260803,Alibaba,standard,false,true,,stop,stop,13668,918,MSCodeBase 1-L live arm,test567,false
gen-1786771260-YNmCEhBGtJ2VZi45EkgB,2026-08-15 05:21:00.087,0.000772,,,,0,148,669,653,0,qwen/qwen3.6-flash,Alibaba,standard,false,true,,stop,stop,4714,407,MSCodeBase 1-L live arm,test567,false
gen-1786771254-IYli5vKhMJLDx6jDAn04,2026-08-15 05:20:54.588,0.000808,,,,0,149,701,686,0,qwen/qwen3.6-flash,Alibaba,standard,false,true,,stop,stop,4906,420,MSCodeBase 1-L live arm,test567,false
gen-1786771246-4ZUEtEDHc3mLrTQneV2m,2026-08-15 05:20:46.962,0.001184,,,,0,153,1038,1022,0,qwen/qwen3.6-flash,Alibaba,standard,false,true,,stop,stop,7090,406,MSCodeBase 1-L live arm,test567,false
gen-1786771246-wQEU5NqiGuHyAckowT8l,2026-08-15 05:20:46.882,0.004064,,,,0,184,623,613,0,qwen/qwen3.8-max-20260803,Alibaba,standard,false,true,,stop,stop,14148,900,MSCodeBase 1-L live arm,test567,false
gen-1786771239-l2jtKiDdTjqdkx8hLO87,2026-08-15 05:20:39.849,0.001536,,,,0,182,198,188,0,qwen/qwen3.8-max-20260803,Alibaba,standard,false,true,,stop,stop,6356,1390,MSCodeBase 1-L live arm,test567,false
gen-1786771237-FgjdwP1kETKWG1sxrK0q,2026-08-15 05:20:37.489,0.001466,,,,0,147,1292,1277,0,qwen/qwen3.6-flash,Alibaba,standard,false,true,,stop,stop,8879,401,MSCodeBase 1-L live arm,test567,false
gen-1786771234-o28bmVrLXgBZzTRsFmRu,2026-08-15 05:20:34.934,0.001314,,,,0,193,157,147,0,qwen/qwen3.8-max-20260803,Alibaba,standard,false,true,,stop,stop,4285,938,MSCodeBase 1-L live arm,test567,false
gen-1786771231-bx4gaguMVaRpjyZX3PRe,2026-08-15 05:20:31.130,0.000945,,,,0,149,824,809,0,qwen/qwen3.6-flash,Alibaba,standard,false,true,,stop,stop,5824,409,MSCodeBase 1-L live arm,test567,false
gen-1786771230-DuDOXqVpuN2TlVbEBNYg,2026-08-15 05:20:30.324,0.00114,,,,0,186,130,120,0,qwen/qwen3.8-max-20260803,Alibaba,standard,false,true,,stop,stop,4014,849,MSCodeBase 1-L live arm,test567,false
gen-1786771226-IiriaQcjzsbCYo9MAhfc,2026-08-15 05:20:26.610,0.000618,,,,0,102,538,527,0,qwen/qwen3.6-flash,Alibaba,standard,false,true,,stop,stop,4176,408,MSCodeBase 1-L live arm,test567,false
gen-1786771222-Grj7OnI3qFUiwWGsYI6X,2026-08-15 05:20:22.395,0.001617,,,,0,187,210,200,0,qwen/qwen3.8-max-20260803,Alibaba,standard,false,true,,stop,stop,7322,1688,MSCodeBase 1-L live arm,test567,false
gen-1786771220-TpJ1wmB0hUOexKxKNEHE,2026-08-15 05:20:20.106,0.000837,,,,0,107,734,718,0,qwen/qwen3.6-flash,Alibaba,standard,false,true,,stop,stop,5985,407,MSCodeBase 1-L live arm,test567,false
gen-1786771216-mkyN2xVT31auHG65ZkLM,2026-08-15 05:20:16.463,0.000495,,,,0,107,427,411,0,qwen/qwen3.6-flash,Alibaba,standard,false,true,,stop,stop,3080,420,MSCodeBase 1-L live arm,test567,false
gen-1786771215-mBTYlA5DbuF6LbL8DL6a,2026-08-15 05:20:15.897,0.001637,,,,0,191,212,202,0,qwen/qwen3.8-max-20260803,Alibaba,standard,false,true,,stop,stop,5881,1533,MSCodeBase 1-L live arm,test567,false
gen-1786771209-en1yagfJF32uMjnVcDl2,2026-08-15 05:20:09.672,0.000955,,,,0,104,841,826,0,qwen/qwen3.6-flash,Alibaba,standard,false,true,,stop,stop,6265,398,MSCodeBase 1-L live arm,test567,false
gen-1786771205-f0GZgs9kD99I3gK4m9PZ,2026-08-15 05:20:05.448,0.002593,,,,0,140,390,379,0,qwen/qwen3.8-max-20260803,Alibaba,standard,false,true,,stop,stop,10072,892,MSCodeBase 1-L live arm,test567,false
gen-1786771203-Q5taFeYLH3FgiljXTGHe,2026-08-15 05:20:03.393,0.000713,,,,0,105,623,608,0,qwen/qwen3.6-flash,Alibaba,standard,false,true,,stop,stop,5741,462,MSCodeBase 1-L live arm,test567,false
gen-1786771201-USJwQFfnSmg4v8uEHY1p,2026-08-15 05:20:01.787,0.00075,,,,0,145,78,68,0,qwen/qwen3.8-max-20260803,Alibaba,standard,false,true,,stop,stop,3027,821,MSCodeBase 1-L live arm,test567,false
gen-1786771198-XGzh3Hfz3vybIYPkg3R2,2026-08-15 05:19:58.167,0.000734,,,,0,104,642,626,0,qwen/qwen3.6-flash,Alibaba,standard,false,true,,stop,stop,4684,437,MSCodeBase 1-L live arm,test567,false
gen-1786771197-EgdiJgggBwtC0zRm8ntd,2026-08-15 05:19:57.894,0.000726,,,,0,145,74,63,0,qwen/qwen3.8-max-20260803,Alibaba,standard,false,true,,stop,stop,3291,842,MSCodeBase 1-L live arm,test567,false
gen-1786771193-UvZHXfNtX0u0ecxjSbEu,2026-08-15 05:19:53.286,0.000892,,,,0,142,103,92,0,qwen/qwen3.8-max-20260803,Alibaba,standard,false,true,,stop,stop,3933,854,MSCodeBase 1-L live arm,test567,false
gen-1786771190-K2qdUslxNAhJFkZ6UufO,2026-08-15 05:19:50.502,0.001052,,,,0,107,927,911,0,qwen/qwen3.6-flash,Alibaba,standard,false,true,,stop,stop,7129,1031,MSCodeBase 1-L live arm,test567,false
gen-1786771188-p5W1CZybDEuhPW3zeHKb,2026-08-15 05:19:48.904,0.000746,,,,0,143,78,67,0,qwen/qwen3.8-max-20260803,Alibaba,standard,false,true,,stop,stop,3774,1108,MSCodeBase 1-L live arm,test567,false
gen-1786771184-ZN6PAJPGn3eUulpKQM6B,2026-08-15 05:19:44.707,0.000916,,,,0,142,107,97,0,qwen/qwen3.8-max-20260803,Alibaba,standard,false,true,,stop,stop,3572,1115,MSCodeBase 1-L live arm,test567,false
gen-1786771181-nrWVyjYqjrM7yXAyCNIk,2026-08-15 05:19:41.658,0.001103,,,,0,101,974,959,0,qwen/qwen3.6-flash,Alibaba,standard,false,true,,stop,stop,8301,524,MSCodeBase 1-L live arm,test567,false
gen-1786771180-5gTQwa1Qw7W7AT472zNP,2026-08-15 05:19:40.708,0.00075,,,,0,145,78,68,0,qwen/qwen3.8-max-20260803,Alibaba,standard,false,true,,stop,stop,3389,1036,MSCodeBase 1-L live arm,test567,false
gen-1786771177-NyvAryGsJvaWbQj05wX9,2026-08-15 05:19:37.594,0.000518,,,,0,105,448,433,0,qwen/qwen3.6-flash,Alibaba,standard,false,true,,stop,stop,3531,527,MSCodeBase 1-L live arm,test567,false
gen-1786771177-muCbcsyQvvh73vPwrtev,2026-08-15 05:19:37.072,0.000637,,,,0,139,61,51,0,qwen/qwen3.8-max-20260803,Alibaba,standard,false,true,,stop,stop,2978,926,MSCodeBase 1-L live arm,test567,false
gen-1786771172-5dIsqRGdwDtdyzEBiY9E,2026-08-15 05:19:32.025,0.001067,,,,0,143,132,121,0,qwen/qwen3.8-max-20260803,Alibaba,standard,false,true,,stop,stop,4449,912,MSCodeBase 1-L live arm,test567,false
gen-1786771169-TqtxK3PqcqrJaL9EDL8e,2026-08-15 05:19:29.344,0.001206,,,,0,104,1066,1050,0,qwen/qwen3.6-flash,Alibaba,standard,false,true,,stop,stop,7596,437,MSCodeBase 1-L live arm,test567,false
gen-1786771167-GSq6pG6QYI6m6d0EpTfu,2026-08-15 05:19:27.179,0.001136,,,,0,142,144,133,0,qwen/qwen3.8-max-20260803,Alibaba,standard,false,true,,stop,stop,4236,939,MSCodeBase 1-L live arm,test567,false
gen-1786771163-fiwAl5qfllWelJhlm4Ow,2026-08-15 05:19:23.801,0.000681,,,,0,143,67,57,0,qwen/qwen3.8-max-20260803,Alibaba,standard,false,true,,stop,stop,2791,886,MSCodeBase 1-L live arm,test567,false
gen-1786771161-mojYWdXZfjqb9IZoQsqu,2026-08-15 05:19:21.346,0.001164,,,,0,105,1028,1013,0,qwen/qwen3.6-flash,Alibaba,standard,false,true,,stop,stop,7442,553,MSCodeBase 1-L live arm,test567,false
gen-1786771159-Zz9UNswBN7auaQUWeUzm,2026-08-15 05:19:19.732,0.00074,,,,0,143,77,66,0,qwen/qwen3.8-max-20260803,Alibaba,standard,false,true,,stop,stop,3438,1378,MSCodeBase 1-L live arm,test567,false
gen-1786771155-8maddSEmA2ggrnYq59zq,2026-08-15 05:19:15.875,0.000732,,,,0,142,76,65,0,qwen/qwen3.8-max-20260803,Alibaba,standard,false,true,,stop,stop,3249,1066,MSCodeBase 1-L live arm,test567,false
gen-1786771155-wJ2yT2Ak1Pvs0PJArsEd,2026-08-15 05:19:15.806,0.000771,,,,0,105,675,660,0,qwen/qwen3.6-flash,Alibaba,standard,false,true,,stop,stop,4992,483,MSCodeBase 1-L live arm,test567,false
gen-1786771151-ld3VQL8aKL506pbhQBSG,2026-08-15 05:19:11.047,0.000698,,,,0,143,70,60,0,qwen/qwen3.8-max-20260803,Alibaba,standard,false,true,,stop,stop,4096,884,MSCodeBase 1-L live arm,test567,false
gen-1786771148-Z42mkynzruc8JNLstgZ5,2026-08-15 05:19:08.145,0.001095,,,,0,104,966,950,0,qwen/qwen3.6-flash,Alibaba,standard,false,true,,stop,stop,6949,485,MSCodeBase 1-L live arm,test567,false
gen-1786771146-qnjJSnEQ2ApaUwKXCCNW,2026-08-15 05:19:06.729,0.000904,,,,0,145,104,94,0,qwen/qwen3.8-max-20260803,Alibaba,standard,false,true,,stop,stop,3708,883,MSCodeBase 1-L live arm,test567,false
gen-1786771143-BD6nogarIeD1g5sf38h1,2026-08-15 05:19:03.646,0.000581,,,,0,105,505,489,0,qwen/qwen3.6-flash,Alibaba,standard,false,true,,stop,stop,3954,433,MSCodeBase 1-L live arm,test567,false
gen-1786771142-mRw92a2ESH3OATgg0ZoD,2026-08-15 05:19:02.654,0.00091,,,,0,142,106,95,0,qwen/qwen3.8-max-20260803,Alibaba,standard,false,true,,stop,stop,3478,779,MSCodeBase 1-L live arm,test567,false
gen-1786771138-PjVFzWjnWflZrDv4tjC9,2026-08-15 05:18:58.958,0.000736,,,,0,144,76,66,0,qwen/qwen3.8-max-20260803,Alibaba,standard,false,true,,stop,stop,3099,823,MSCodeBase 1-L live arm,test567,false
gen-1786771137-yDYMRJlTV6ltoEC1nnxG,2026-08-15 05:18:57.527,0.000796,,,,0,107,697,682,0,qwen/qwen3.6-flash,Alibaba,standard,false,true,,stop,stop,5583,444,MSCodeBase 1-L live arm,test567,false
gen-1786771133-9ChVHlBGkrdVBfmXYU4H,2026-08-15 05:18:53.736,0.000742,,,,0,144,77,66,0,qwen/qwen3.8-max-20260803,Alibaba,standard,false,true,,stop,stop,4598,2488,MSCodeBase 1-L live arm,test567,false
gen-1786771128-pCAb8X4Uyj5mFcyqSKVT,2026-08-15 05:18:48.938,0.001168,,,,0,140,150,139,0,qwen/qwen3.8-max-20260803,Alibaba,standard,false,true,,stop,stop,4135,880,MSCodeBase 1-L live arm,test567,false
gen-1786771126-ltqyUeae819JR3cYXH5r,2026-08-15 05:18:46.894,0.001692,,,,0,107,1502,1500,0,qwen/qwen3.6-flash,Alibaba,standard,false,true,,length,length,10325,409,MSCodeBase 1-L live arm,test567,false
gen-1786771124-V2U4UiLhrZJopIdA51Pk,2026-08-15 05:18:44.659,0.000827,,,,0,142,92,82,0,qwen/qwen3.8-max-20260803,Alibaba,standard,false,true,,stop,stop,3686,819,MSCodeBase 1-L live arm,test567,false
gen-1786771121-7qJ6mt8mxJWciibEkoSN,2026-08-15 05:18:41.905,0.00067,,,,0,104,585,570,0,qwen/qwen3.6-flash,Alibaba,standard,false,true,,stop,stop,4419,450,MSCodeBase 1-L live arm,test567,false
gen-1786771117-h7yfNSy2zk9m3mbeWGbF,2026-08-15 05:18:37.051,0.000623,,,,0,106,542,526,0,qwen/qwen3.6-flash,Alibaba,standard,false,true,,stop,stop,4311,540,MSCodeBase 1-L live arm,test567,false
gen-1786771113-zG0QBeCfhUVg8faDxeVX,2026-08-15 05:18:33.006,0.002835,,,,0,142,430,419,0,qwen/qwen3.8-max-20260803,Alibaba,standard,false,true,,stop,stop,11054,927,MSCodeBase 1-L live arm,test567,false
gen-1786771109-wCN3WgK16id6a7tMiugM,2026-08-15 05:18:29.058,0.000772,,,,0,144,82,72,0,qwen/qwen3.8-max-20260803,Alibaba,standard,false,true,,stop,stop,3343,1054,MSCodeBase 1-L live arm,test567,false
gen-1786771106-6LlN4E2fhdYWFaIRFTqc,2026-08-15 05:18:26.160,0.001668,,,,0,106,1480,1464,0,qwen/qwen3.6-flash,Alibaba,standard,false,true,,stop,stop,10344,459,MSCodeBase 1-L live arm,test567,false
gen-1786771104-QxOWHMKBj4Fe6OyVQqQK,2026-08-15 05:18:24.575,0.000766,,,,0,144,81,70,0,qwen/qwen3.8-max-20260803,Alibaba,standard,false,true,,stop,stop,3808,1125,MSCodeBase 1-L live arm,test567,false
gen-1786771103-cBXBh2EJVBRox3NYAg5M,2026-08-15 05:18:23.944,0.000175,,,,0,102,141,125,0,qwen/qwen3.6-flash,Alibaba,standard,false,true,,stop,stop,1697,460,MSCodeBase 1-L live arm,test567,false
gen-1786771100-TYDBhQKQadoWnnU6RTnR,2026-08-15 05:18:20.002,0.000784,,,,0,144,84,74,0,qwen/qwen3.8-max-20260803,Alibaba,standard,false,true,,stop,stop,3946,1378,MSCodeBase 1-L live arm,test567,false
gen-1786771095-fq9DGeDPJWBK3ti00f3U,2026-08-15 05:18:15.151,0.001165,,,,0,104,1029,1013,0,qwen/qwen3.6-flash,Alibaba,standard,false,true,,stop,stop,8251,464,MSCodeBase 1-L live arm,test567,false
gen-1786771095-KY9c2YgvONVKPahnZeyx,2026-08-15 05:18:15.075,0.000879,,,,0,144,100,90,0,qwen/qwen3.8-max-20260803,Alibaba,standard,false,true,,stop,stop,4317,944,MSCodeBase 1-L live arm,test567,false
gen-1786771090-wIRk6DDZzFyQCQgKGp8x,2026-08-15 05:18:10.725,0.000726,,,,0,142,75,65,0,qwen/qwen3.8-max-20260803,Alibaba,standard,false,true,,stop,stop,3698,1244,MSCodeBase 1-L live arm,test567,false
gen-1786771090-XGkLj9tHPV1oTECanQGh,2026-08-15 05:18:10.367,0.000679,,,,0,104,593,577,0,qwen/qwen3.6-flash,Alibaba,standard,false,true,,stop,stop,4161,416,MSCodeBase 1-L live arm,test567,false
gen-1786771085-U7uwqsenvHbfNI6yXEU9,2026-08-15 05:18:05.791,0.001063,,,,0,144,131,121,0,qwen/qwen3.8-max-20260803,Alibaba,standard,false,true,,stop,stop,4349,880,MSCodeBase 1-L live arm,test567,false
gen-1786771085-qANA9fZPGMj7CHPP2pWG,2026-08-15 05:18:05.551,0.000556,,,,0,106,482,466,0,qwen/qwen3.6-flash,Alibaba,standard,false,true,,stop,stop,4287,445,MSCodeBase 1-L live arm,test567,false
gen-1786771081-xmYjPHy1jTPFM29hbuam,2026-08-15 05:18:01.790,0.000764,,,,0,143,81,71,0,qwen/qwen3.8-max-20260803,Alibaba,standard,false,true,,stop,stop,3378,949,MSCodeBase 1-L live arm,test567,false
gen-1786771080-RDTS3AaXHcO5AHMt1KOx,2026-08-15 05:18:00.228,0.000735,,,,0,106,643,627,0,qwen/qwen3.6-flash,Alibaba,standard,false,true,,stop,stop,4791,411,MSCodeBase 1-L live arm,test567,false
gen-1786771077-kQaE9p5gF9xuVUCwjdDu,2026-08-15 05:17:57.894,0.000693,,,,0,143,69,59,0,qwen/qwen3.8-max-20260803,Alibaba,standard,false,true,,stop,stop,3289,1008,MSCodeBase 1-L live arm,test567,false
gen-1786771068-ZXjEVvhmKVw6WNKbTMtT,2026-08-15 05:17:48.219,0.002245,,,,0,144,330,320,0,qwen/qwen3.8-max-20260803,Alibaba,standard,false,true,,stop,stop,9007,868,MSCodeBase 1-L live arm,test567,false
gen-1786771066-LtRPgMm13FaZNKEfjQoc,2026-08-15 05:17:46.811,0.001692,,,,0,106,1502,1500,0,qwen/qwen3.6-flash,Alibaba,standard,false,true,,length,length,13098,699,MSCodeBase 1-L live arm,test567,false
gen-1786771062-UgpZ2IR6iae66Kapc7ax,2026-08-15 05:17:42.845,0.001114,,,,0,140,141,131,0,qwen/qwen3.8-max-20260803,Alibaba,standard,false,true,,stop,stop,4684,895,MSCodeBase 1-L live arm,test567,false
gen-1786771058-HHrAH7A5d1i1rNsUkLVt,2026-08-15 05:17:38.746,0.001015,,,,0,144,123,113,0,qwen/qwen3.8-max-20260803,Alibaba,standard,false,true,,stop,stop,3461,859,MSCodeBase 1-L live arm,test567,false
gen-1786771057-Io2NC7FBieBOpaWWZdmE,2026-08-15 05:17:37.780,0.000999,,,,0,106,880,865,0,qwen/qwen3.6-flash,Alibaba,standard,false,true,,stop,stop,8411,1102,MSCodeBase 1-L live arm,test567,false
gen-1786771053-vlD5aY5Fsrse46ygeUJX,2026-08-15 05:17:33.424,0.000811,,,,0,140,90,80,0,qwen/qwen3.8-max-20260803,Alibaba,standard,false,true,,stop,stop,4723,1703,MSCodeBase 1-L live arm,test567,false
gen-1786771049-2UABwyLVjdT1VqMtjTUL,2026-08-15 05:17:29.319,0.001012,,,,0,106,891,876,0,qwen/qwen3.6-flash,Alibaba,standard,false,true,,stop,stop,7931,452,MSCodeBase 1-L live arm,test567,false
gen-1786771043-xrb8wxtjlQE5rAMpvpdd,2026-08-15 05:17:23.753,0.00236,,,,0,142,350,340,0,qwen/qwen3.8-max-20260803,Alibaba,standard,false,true,,stop,stop,9019,973,MSCodeBase 1-L live arm,test567,false
gen-1786771042-TqQ32V5X1tF709ont0Zc,2026-08-15 05:17:22.094,0.001042,,,,0,104,919,908,0,qwen/qwen3.6-flash,Alibaba,standard,false,true,,stop,stop,6613,441,MSCodeBase 1-L live arm,test567,false
gen-1786771036-2x5tCzHecjw7fyzKNqcq,2026-08-15 05:17:16.871,0.001578,,,,0,140,219,208,0,qwen/qwen3.8-max-20260803,Alibaba,standard,false,true,,stop,stop,6293,903,MSCodeBase 1-L live arm,test567,false
gen-1786771036-nXxVSlXywQW7JCG5vpr4,2026-08-15 05:17:16.355,0.000795,,,,0,106,697,681,0,qwen/qwen3.6-flash,Alibaba,standard,false,true,,stop,stop,5195,491,MSCodeBase 1-L live arm,test567,false
gen-1786771031-2sG8NxmWkGhdcxAypSD9,2026-08-15 05:17:11.028,0.000765,,,,0,105,670,655,0,qwen/qwen3.6-flash,Alibaba,standard,false,true,,stop,stop,4768,398,MSCodeBase 1-L live arm,test567,false
gen-1786771026-DDC3qwt894c414nr3Fh8,2026-08-15 05:17:06.175,0.000725,,,,0,105,634,618,0,qwen/qwen3.6-flash,Alibaba,standard,false,true,,stop,stop,4342,424,MSCodeBase 1-L live arm,test567,false
gen-1786771021-kvwItfpv2jdTxSzPCl7m,2026-08-15 05:17:01.964,0.003651,,,,0,143,567,556,0,qwen/qwen3.8-max-20260803,Alibaba,standard,false,true,,stop,stop,14315,880,MSCodeBase 1-L live arm,test567,false
gen-1786771020-deBWJ2rrmiggeUf6yyeA,2026-08-15 05:17:00.713,0.000633,,,,0,106,551,536,0,qwen/qwen3.6-flash,Alibaba,standard,false,true,,stop,stop,4930,471,MSCodeBase 1-L live arm,test567,false
gen-1786771013-hGClNCxp2XQGFv6BiBmZ,2026-08-15 05:16:53.262,0.000933,,,,0,102,821,805,0,qwen/qwen3.6-flash,Alibaba,standard,false,true,,stop,stop,6920,454,MSCodeBase 1-L live arm,test567,false
gen-1786771003-cAptu6lkrCekg7UCyXQf,2026-08-15 05:16:43.408,0.001368,,,,0,106,1211,1195,0,qwen/qwen3.6-flash,Alibaba,standard,false,true,,stop,stop,9325,464,MSCodeBase 1-L live arm,test567,false
gen-1786771000-yjd876pzbxKcAIme99kT,2026-08-15 05:16:40.763,0.005446,,,,0,141,870,860,0,qwen/qwen3.8-max-20260803,Alibaba,standard,false,true,,stop,stop,20619,876,MSCodeBase 1-L live arm,test567,false
gen-1786770998-uNxdV8BdPUBPMM8Ku4h5,2026-08-15 05:16:38.209,0.000722,,,,0,102,632,616,0,qwen/qwen3.6-flash,Alibaba,standard,false,true,,stop,stop,4676,411,MSCodeBase 1-L live arm,test567,false
gen-1786770995-HDahP7BqsNJZc7DLumdb,2026-08-15 05:16:35.017,0.000365,,,,0,104,311,295,0,qwen/qwen3.6-flash,Alibaba,standard,false,true,,stop,stop,2672,521,MSCodeBase 1-L live arm,test567,false
gen-1786770991-L2lKLFrCbs24BDv1U3x6,2026-08-15 05:16:31.274,0.000483,,,,0,102,417,402,0,qwen/qwen3.6-flash,Alibaba,standard,false,true,,stop,stop,3204,419,MSCodeBase 1-L live arm,test567,false
gen-1786770984-9fk0Y9ZPYFWnMnUorAyF,2026-08-15 05:16:24.939,0.000713,,,,0,105,623,608,0,qwen/qwen3.6-flash,Alibaba,standard,false,true,,stop,stop,5816,448,MSCodeBase 1-L live arm,test567,false
gen-1786770979-8IY345zcWbJeS5VXbKAW,2026-08-15 05:16:19.445,0.000757,,,,0,103,663,647,0,qwen/qwen3.6-flash,Alibaba,standard,false,true,,stop,stop,4966,409,MSCodeBase 1-L live arm,test567,false
gen-1786770974-YShjhK802h8vmWOJyaZg,2026-08-15 05:16:14.982,0.000611,,,,0,106,531,515,0,qwen/qwen3.6-flash,Alibaba,standard,false,true,,stop,stop,3956,504,MSCodeBase 1-L live arm,test567,false
gen-1786770969-ABSJkflsdhJqp4hpb8oJ,2026-08-15 05:16:09.185,0.000654,,,,0,107,570,555,0,qwen/qwen3.6-flash,Alibaba,standard,false,true,,stop,stop,5232,549,MSCodeBase 1-L live arm,test567,false
gen-1786770964-NMcKF538TS2X6CURUEnY,2026-08-15 05:16:04.935,0.009201,,,,0,141,1502,1500,0,qwen/qwen3.8-max-20260803,Alibaba,standard,false,true,,length,length,35477,2457,MSCodeBase 1-L live arm,test567,false
gen-1786770961-5DHKbpzX67u2VHdJ5sVV,2026-08-15 05:16:01.690,0.001101,,,,0,106,971,955,0,qwen/qwen3.6-flash,Alibaba,standard,false,true,,stop,stop,6876,437,MSCodeBase 1-L live arm,test567,false
gen-1786770954-ZQoczCi7JH6cCITHaMLi,2026-08-15 05:15:54.907,0.000947,,,,0,105,833,818,0,qwen/qwen3.6-flash,Alibaba,standard,false,true,,stop,stop,6230,405,MSCodeBase 1-L live arm,test567,false
gen-1786770951-90ZspjSdYb5Yyn1LlE8u,2026-08-15 05:15:51.637,0.000312,,,,0,106,263,252,0,qwen/qwen3.6-flash,Alibaba,standard,false,true,,stop,stop,2764,439,MSCodeBase 1-L live arm,test567,false
gen-1786770948-iDviavUv1LC8oJzSiNnq,2026-08-15 05:15:48.150,0.000441,,,,0,106,379,363,0,qwen/qwen3.6-flash,Alibaba,standard,false,true,,stop,stop,2960,397,MSCodeBase 1-L live arm,test567,false
gen-1786770944-xj6bAYPyitrGARm3xxv3,2026-08-15 05:15:44.765,0.000421,,,,0,104,361,345,0,qwen/qwen3.6-flash,Alibaba,standard,false,true,,stop,stop,2870,527,MSCodeBase 1-L live arm,test567,false
gen-1786770933-xaNZ3MVAsqytUCQzdB8O,2026-08-15 05:15:33.466,0.001693,,,,0,110,1502,1500,0,qwen/qwen3.6-flash,Alibaba,standard,false,true,,length,length,10764,416,MSCodeBase 1-L live arm,test567,false
gen-1786770929-Q3we8qVdLgaideVWtUtn,2026-08-15 05:15:29.866,0.009201,,,,0,141,1502,1500,0,qwen/qwen3.8-max-20260803,Alibaba,standard,false,true,,length,length,34757,1210,MSCodeBase 1-L live arm,test567,false
gen-1786770926-tw98wwtCuaM5Po5kFtBS,2026-08-15 05:15:26.577,0.000635,,,,0,144,59,49,0,qwen/qwen3.8-max-20260803,Alibaba,standard,false,true,,stop,stop,2673,936,MSCodeBase 1-L live arm,test567,false
gen-1786770922-ZmuGoP0SEynbvxuJzhTk,2026-08-15 05:15:22.411,0.001693,,,,0,110,1502,1500,0,qwen/qwen3.6-flash,Alibaba,standard,false,true,,length,length,10745,402,MSCodeBase 1-L live arm,test567,false
gen-1786770917-7w641NiUgJi7eNp62Bs3,2026-08-15 05:15:17.245,0.002205,,,,0,145,323,312,0,qwen/qwen3.8-max-20260803,Alibaba,standard,false,true,,stop,stop,8690,865,MSCodeBase 1-L live arm,test567,false
gen-1786770913-Ly2JP8ULrCKtKVapr0sw,2026-08-15 05:15:13.472,0.00073,,,,0,144,75,65,0,qwen/qwen3.8-max-20260803,Alibaba,standard,false,true,,stop,stop,3135,962,MSCodeBase 1-L live arm,test567,false
gen-1786770911-WvQ99cIAIW6q7BVSPnsJ,2026-08-15 05:15:11.525,0.001693,,,,0,110,1502,1500,0,qwen/qwen3.6-flash,Alibaba,standard,false,true,,length,length,10546,418,MSCodeBase 1-L live arm,test567,false
gen-1786770908-ytV2cUwP6BZOWngLqVN2,2026-08-15 05:15:08.367,0.000942,,,,0,143,111,100,0,qwen/qwen3.8-max-20260803,Alibaba,standard,false,true,,stop,stop,4501,926,MSCodeBase 1-L live arm,test567,false
gen-1786770905-TBvVRpvOiLq1XaKJAEFh,2026-08-15 05:15:05.321,0.000727,,,,0,104,636,620,0,qwen/qwen3.6-flash,Alibaba,standard,false,true,,stop,stop,5604,1107,MSCodeBase 1-L live arm,test567,false
gen-1786770903-NgfENvXvPHz02eCG8hib,2026-08-15 05:15:03.292,0.000807,,,,0,144,88,78,0,qwen/qwen3.8-max-20260803,Alibaba,standard,false,true,,stop,stop,4477,1257,MSCodeBase 1-L live arm,test567,false
gen-1786770899-mtcGoJDPjlABV1yDhEP6,2026-08-15 05:14:59.105,0.000873,,,,0,144,99,89,0,qwen/qwen3.8-max-20260803,Alibaba,standard,false,true,,stop,stop,3552,771,MSCodeBase 1-L live arm,test567,false
gen-1786770898-nZghR0af4HHxprZMpwri,2026-08-15 05:14:58.934,0.000856,,,,0,106,751,735,0,qwen/qwen3.6-flash,Alibaba,standard,false,true,,stop,stop,5859,632,MSCodeBase 1-L live arm,test567,false
gen-1786770893-ty6cCD7Q8npLqv2SXjqt,2026-08-15 05:14:53.957,0.000821,,,,0,142,91,81,0,qwen/qwen3.8-max-20260803,Alibaba,standard,false,true,,stop,stop,4519,946,MSCodeBase 1-L live arm,test567,false
gen-1786770890-ZEddSXgmeMIlVxNBZiUh,2026-08-15 05:14:50.027,0.001354,,,,0,107,1198,1183,0,qwen/qwen3.6-flash,Alibaba,standard,false,true,,stop,stop,8345,428,MSCodeBase 1-L live arm,test567,false
gen-1786770889-KFyr6PcmJxibACAJ9Fce,2026-08-15 05:14:49.134,0.001053,,,,0,148,128,118,0,qwen/qwen3.8-max-20260803,Alibaba,standard,false,true,,stop,stop,4234,1492,MSCodeBase 1-L live arm,test567,false
gen-1786770884-40WT1XfuYEii4vITNAr0,2026-08-15 05:14:44.896,0.000628,,,,0,104,547,531,0,qwen/qwen3.6-flash,Alibaba,standard,false,true,,stop,stop,4602,962,MSCodeBase 1-L live arm,test567,false
gen-1786770884-MCs9267fpdC2x6GFY8hu,2026-08-15 05:14:44.757,0.000768,,,,0,142,82,72,0,qwen/qwen3.8-max-20260803,Alibaba,standard,false,true,,stop,stop,3715,1256,MSCodeBase 1-L live arm,test567,false
gen-1786770880-JhUWt4qyG1TvRbcVJWxB,2026-08-15 05:14:40.807,0.000736,,,,0,144,76,66,0,qwen/qwen3.8-max-20260803,Alibaba,standard,false,true,,stop,stop,3271,1044,MSCodeBase 1-L live arm,test567,false
gen-1786770875-tVE3bAR03DmYUZL6WwJX,2026-08-15 05:14:35.777,0.001431,,,,0,106,1268,1252,0,qwen/qwen3.6-flash,Alibaba,standard,false,true,,stop,stop,8520,423,MSCodeBase 1-L live arm,test567,false
gen-1786770875-1dsnX9eDL9HeljUJiEVE,2026-08-15 05:14:35.777,0.001172,,,,0,145,149,139,0,qwen/qwen3.8-max-20260803,Alibaba,standard,false,true,,stop,stop,4303,879,MSCodeBase 1-L live arm,test567,false
gen-1786770854-nqmxGXJjOykHcJh19syF,2026-08-15 05:14:14.555,0.001197,,,,0,185,140,130,0,qwen/qwen3.8-max-20260803,Alibaba,standard,false,true,,stop,stop,4897,1071,MSCodeBase 1-L live arm,test567,false
gen-1786770849-FOs4QTepCgJoei266oe8,2026-08-15 05:14:09.462,0.001344,,,,0,187,164,154,0,qwen/qwen3.8-max-20260803,Alibaba,standard,false,true,,stop,stop,4674,981,MSCodeBase 1-L live arm,test567,false
gen-1786770846-nf0BZzky6ZWuDKYrUQiU,2026-08-15 05:14:06.031,0.00078,,,,0,142,84,74,0,qwen/qwen3.8-max-20260803,Alibaba,standard,false,true,,stop,stop,3129,917,MSCodeBase 1-L live arm,test567,false
gen-1786770839-vGxZg9gdDhbfKPpfT5du,2026-08-15 05:13:59.678,0.001461,,,,0,144,198,188,0,qwen/qwen3.8-max-20260803,Alibaba,standard,false,true,,stop,stop,5803,892,MSCodeBase 1-L live arm,test567,false
gen-1786750960-hOwttb9OuEE6uKAnJ2Mq,2026-08-14 23:42:40.901,0.000036,,,,0,128,161,152,0,deepseek/deepseek-v4-flash-20260423,StreamLake,standard,false,true,,stop,stop,4099,585,MSCodeBase 1-L live arm,test567,false
gen-1786750954-aBeNkFj7MROxUIV1nRBx,2026-08-14 23:42:34.876,0.000034,,,,0,134,146,137,0,deepseek/deepseek-v4-flash-20260423,StreamLake,standard,false,true,,stop,stop,5544,1276,MSCodeBase 1-L live arm,test567,false
gen-1786750937-zkXl39bo1YAuKjeEvopc,2026-08-14 23:42:17.407,0.00004,,,,0,135,178,169,0,deepseek/deepseek-v4-flash-20260423,StreamLake,standard,false,true,,stop,stop,16995,9045,MSCodeBase 1-L live arm,test567,false
gen-1786750931-m6XIiAGN08xQgcWlmchY,2026-08-14 23:42:11.993,0.000035,,,,0,134,152,143,0,deepseek/deepseek-v4-flash-20260423,StreamLake,standard,false,true,,stop,stop,4932,1037,MSCodeBase 1-L live arm,test567,false
gen-1786750925-6KPpXcqrgJjtihp9wKyp,2026-08-14 23:42:05.923,0.000035,,,,0,132,152,143,0,deepseek/deepseek-v4-flash-20260423,StreamLake,standard,false,true,,stop,stop,5562,1519,MSCodeBase 1-L live arm,test567,false
gen-1786750920-CJKPhTiJdSRg2iS2AhPr,2026-08-14 23:42:00.752,0.000032,,,,0,130,132,123,0,deepseek/deepseek-v4-flash-20260423,StreamLake,standard,false,true,,stop,stop,4682,1657,MSCodeBase 1-L live arm,test567,false
gen-1786750913-jsWiN5ZOk1VSQMt531Ck,2026-08-14 23:41:53.407,0.000035,,,,0,135,150,141,0,deepseek/deepseek-v4-flash-20260423,StreamLake,standard,false,true,,stop,stop,6848,1605,MSCodeBase 1-L live arm,test567,false
gen-1786750906-cPb9KrlyUCRR8mndp0ud,2026-08-14 23:41:46.367,0.000038,,,,0,127,171,162,0,deepseek/deepseek-v4-flash-20260423,StreamLake,standard,false,true,,stop,stop,6553,1631,MSCodeBase 1-L live arm,test567,false
gen-1786750899-2vSAlMu0HblKts84swCL,2026-08-14 23:41:39.137,0.000037,,,,0,134,160,151,0,deepseek/deepseek-v4-flash-20260423,StreamLake,standard,false,true,,stop,stop,6736,1399,MSCodeBase 1-L live arm,test567,false
gen-1786750893-BE60WMFBZ45Ao0J0I8HW,2026-08-14 23:41:33.752,0.000031,,,,0,131,130,121,0,deepseek/deepseek-v4-flash-20260423,StreamLake,standard,false,true,,stop,stop,4863,1840,MSCodeBase 1-L live arm,test567,false
gen-1786750887-QBB9nmACvOfObEgZmHbF,2026-08-14 23:41:27.916,0.000033,,,,0,132,142,133,0,deepseek/deepseek-v4-flash-20260423,StreamLake,standard,false,true,,stop,stop,5357,1314,MSCodeBase 1-L live arm,test567,false
gen-1786750881-EBl2dfRYu5NK3UyRniyQ,2026-08-14 23:41:21.036,0.000034,,,,0,133,145,136,0,deepseek/deepseek-v4-flash-20260423,StreamLake,standard,false,true,,stop,stop,6400,643,MSCodeBase 1-L live arm,test567,false
gen-1786750876-miJctTQXFEzcTnceAg3e,2026-08-14 23:41:16.181,0.000032,,,,0,133,133,124,0,deepseek/deepseek-v4-flash-20260423,StreamLake,standard,false,true,,stop,stop,4358,1668,MSCodeBase 1-L live arm,test567,false
gen-1786750869-j39SqSRl0hdeTE9yarre,2026-08-14 23:41:09.687,0.000035,,,,0,132,154,145,0,deepseek/deepseek-v4-flash-20260423,StreamLake,standard,false,true,,stop,stop,6009,905,MSCodeBase 1-L live arm,test567,false
gen-1786750864-xjPR7r7xu8SLn5lq19A4,2026-08-14 23:41:04.739,0.000034,,,,0,135,141,132,0,deepseek/deepseek-v4-flash-20260423,StreamLake,standard,false,true,,stop,stop,4458,1182,MSCodeBase 1-L live arm,test567,false
gen-1786750859-HsuoxwrVY40CcQygcYpg,2026-08-14 23:40:59.403,0.000038,,,,0,131,170,161,0,deepseek/deepseek-v4-flash-20260423,StreamLake,standard,false,true,,stop,stop,4853,708,MSCodeBase 1-L live arm,test567,false
gen-1786750853-Fg2Ab5eKfLitQHTRzO6n,2026-08-14 23:40:53.010,0.000032,,,,0,133,134,125,0,deepseek/deepseek-v4-flash-20260423,StreamLake,standard,false,true,,stop,stop,5919,1411,MSCodeBase 1-L live arm,test567,false
gen-1786750847-xf3U2NOJOIU3wzRxFwwv,2026-08-14 23:40:47.664,0.000033,,,,0,135,137,128,0,deepseek/deepseek-v4-flash-20260423,StreamLake,standard,false,true,,stop,stop,4763,1052,MSCodeBase 1-L live arm,test567,false
gen-1786750841-cZRuYVXqNfdwlXHQXxkX,2026-08-14 23:40:41.793,0.000031,,,,0,130,127,118,0,deepseek/deepseek-v4-flash-20260423,StreamLake,standard,false,true,,stop,stop,5394,815,MSCodeBase 1-L live arm,test567,false
gen-1786750834-3pFYql5FVy7Q0q9kRVMb,2026-08-14 23:40:34.567,0.000038,,,,0,131,170,161,0,deepseek/deepseek-v4-flash-20260423,StreamLake,standard,false,true,,stop,stop,6739,1165,MSCodeBase 1-L live arm,test567,false
gen-1786750829-CzXxqlQyeEF276uto3cX,2026-08-14 23:40:29.423,0.000029,,,,0,132,115,106,0,deepseek/deepseek-v4-flash-20260423,StreamLake,standard,false,true,,stop,stop,4652,1264,MSCodeBase 1-L live arm,test567,false
gen-1786750820-0BesbtfbXiiIpbbIzlL7,2026-08-14 23:40:20.580,0.000051,,,,0,136,250,241,0,deepseek/deepseek-v4-flash-20260423,StreamLake,standard,false,true,,stop,stop,8302,1383,MSCodeBase 1-L live arm,test567,false
gen-1786750816-fce7IvoESLqWY0vKyyyV,2026-08-14 23:40:16.697,0.000031,,,,0,133,126,117,0,deepseek/deepseek-v4-flash-20260423,StreamLake,standard,false,true,,stop,stop,3398,880,MSCodeBase 1-L live arm,test567,false
gen-1786750811-8l1okfiFwtirJrLDQdDr,2026-08-14 23:40:11.505,0.000031,,,,0,135,128,119,0,deepseek/deepseek-v4-flash-20260423,StreamLake,standard,false,true,,stop,stop,4682,1443,MSCodeBase 1-L live arm,test567,false
gen-1786750806-pPTXViZBb8Kj0r25aCb5,2026-08-14 23:40:06.165,0.000037,,,,0,133,162,153,0,deepseek/deepseek-v4-flash-20260423,StreamLake,standard,false,true,,stop,stop,4707,713,MSCodeBase 1-L live arm,test567,false
gen-1786750801-FNB6gIun11mq09DRWxxU,2026-08-14 23:40:01.179,0.000036,,,,0,131,155,146,0,deepseek/deepseek-v4-flash-20260423,StreamLake,standard,false,true,,stop,stop,4483,655,MSCodeBase 1-L live arm,test567,false
gen-1786750794-9ARp4nxkzHqcAYFxYAFG,2026-08-14 23:39:54.538,0.000033,,,,0,133,136,127,0,deepseek/deepseek-v4-flash-20260423,StreamLake,standard,false,true,,stop,stop,6151,1306,MSCodeBase 1-L live arm,test567,false
gen-1786750789-mEBIUm52QHgnwlV9HwT0,2026-08-14 23:39:49.586,0.000032,,,,0,135,134,125,0,deepseek/deepseek-v4-flash-20260423,StreamLake,standard,false,true,,stop,stop,4463,983,MSCodeBase 1-L live arm,test567,false
gen-1786750782-SCVrxejQXBGSbg3KU4u8,2026-08-14 23:39:42.694,0.000032,,,,0,132,132,123,0,deepseek/deepseek-v4-flash-20260423,StreamLake,standard,false,true,,stop,stop,6413,2240,MSCodeBase 1-L live arm,test567,false
gen-1786750774-CpoNyKs1F1pLf4DhTOfM,2026-08-14 23:39:34.472,0.000042,,,,0,133,192,183,0,deepseek/deepseek-v4-flash-20260423,StreamLake,standard,false,true,,stop,stop,7727,837,MSCodeBase 1-L live arm,test567,false
gen-1786750768-eet4lRPlc6Wj9QVu4kS8,2026-08-14 23:39:28.818,0.00004,,,,0,129,181,172,0,deepseek/deepseek-v4-flash-20260423,StreamLake,standard,false,true,,stop,stop,5158,669,MSCodeBase 1-L live arm,test567,false
gen-1786750763-vwZPv1OPAG50pNNbvz5v,2026-08-14 23:39:23.191,0.000036,,,,0,133,155,146,0,deepseek/deepseek-v4-flash-20260423,StreamLake,standard,false,true,,stop,stop,5144,1547,MSCodeBase 1-L live arm,test567,false
gen-1786750758-FjhSVtrOuJgI30Y5QnWp,2026-08-14 23:39:18.521,0.000033,,,,0,128,144,135,0,deepseek/deepseek-v4-flash-20260423,StreamLake,standard,false,true,,stop,stop,4176,1073,MSCodeBase 1-L live arm,test567,false
gen-1786750750-KJqtA2bihbMb8IxMECq9,2026-08-14 23:39:10.011,0.000045,,,,0,131,213,204,0,deepseek/deepseek-v4-flash-20260423,StreamLake,standard,false,true,,stop,stop,8019,1338,MSCodeBase 1-L live arm,test567,false
gen-1786750745-S37CXrUc6s3WpSCoKvaC,2026-08-14 23:39:05.747,0.000031,,,,0,128,126,117,0,deepseek/deepseek-v4-flash-20260423,StreamLake,standard,false,true,,stop,stop,3785,702,MSCodeBase 1-L live arm,test567,false
gen-1786750737-f0aWyLb3YuyqNIjrLPsB,2026-08-14 23:38:57.748,0.000037,,,,0,130,165,156,0,deepseek/deepseek-v4-flash-20260423,StreamLake,standard,false,true,,stop,stop,7529,2106,MSCodeBase 1-L live arm,test567,false
gen-1786750723-DZzlpQ5eJJOOvNIZnPrk,2026-08-14 23:38:43.002,0.000084,,,,0,131,449,440,0,deepseek/deepseek-v4-flash-20260423,StreamLake,standard,false,true,,stop,stop,14242,1009,MSCodeBase 1-L live arm,test567,false
gen-1786750709-tB8lhryWMT22322jJ4CX,2026-08-14 23:38:29.974,0.000076,,,,0,134,399,390,0,deepseek/deepseek-v4-flash-20260423,StreamLake,standard,false,true,,stop,stop,12451,806,MSCodeBase 1-L live arm,test567,false
gen-1786750702-opwU8iA0nn9TlkJVW4b2,2026-08-14 23:38:22.457,0.00004,,,,0,137,178,169,0,deepseek/deepseek-v4-flash-20260423,StreamLake,standard,false,true,,stop,stop,7015,2426,MSCodeBase 1-L live arm,test567,false
gen-1786750694-WKnn40aU96VIoVeSrsZr,2026-08-14 23:38:14.567,0.00005,,,,0,132,243,234,0,deepseek/deepseek-v4-flash-20260423,StreamLake,standard,false,true,,stop,stop,7404,2217,MSCodeBase 1-L live arm,test567,false
gen-1786750687-i164dvot4P3Y7M9ure4G,2026-08-14 23:38:07.620,0.000044,,,,0,131,206,197,0,deepseek/deepseek-v4-flash-20260423,StreamLake,standard,false,true,,stop,stop,6455,891,MSCodeBase 1-L live arm,test567,false
gen-1786750681-dSQVjA7CZ70JKB5j5gFz,2026-08-14 23:38:01.229,0.000036,,,,0,132,157,148,0,deepseek/deepseek-v4-flash-20260423,StreamLake,standard,false,true,,stop,stop,5854,1937,MSCodeBase 1-L live arm,test567,false
gen-1786750676-UVVYBUoqmyQ133t8Y3Fu,2026-08-14 23:37:56.779,0.000032,,,,0,140,132,123,0,deepseek/deepseek-v4-flash-20260423,StreamLake,standard,false,true,,stop,stop,3940,565,MSCodeBase 1-L live arm,test567,false
gen-1786750655-WIphiY956gP0MwyMAlm8,2026-08-14 23:37:35.085,0.000135,,,,0,136,763,754,0,deepseek/deepseek-v4-flash-20260423,StreamLake,standard,false,true,,stop,stop,21210,674,MSCodeBase 1-L live arm,test567,false
gen-1786750644-nkJiXOs3cws3UAwXVbp6,2026-08-14 23:37:24.955,0.000046,,,,0,145,211,202,0,deepseek/deepseek-v4-flash-20260423,StreamLake,standard,false,true,,stop,stop,9479,3110,MSCodeBase 1-L live arm,test567,false
gen-1786750638-qX1kfbP46gjmEbkLTz1a,2026-08-14 23:37:18.163,0.000041,,,,0,138,188,179,0,deepseek/deepseek-v4-flash-20260423,StreamLake,standard,false,true,,stop,stop,6297,656,MSCodeBase 1-L live arm,test567,false
gen-1786750631-r6Fn9E3yCeErelemrDPw,2026-08-14 23:37:11.757,0.000048,,,,0,140,224,215,0,deepseek/deepseek-v4-flash-20260423,StreamLake,standard,false,true,,stop,stop,5905,1193,MSCodeBase 1-L live arm,test567,false
gen-1786750621-SikN3qzHN9Lco2r26DkF,2026-08-14 23:37:01.355,0.000063,,,,0,142,319,310,0,deepseek/deepseek-v4-flash-20260423,StreamLake,standard,false,true,,stop,stop,9912,1651,MSCodeBase 1-L live arm,test567,false
gen-1786750613-i0GoTQKyxTQ4yAOWBUP4,2026-08-14 23:36:53.854,0.000043,,,,0,137,197,188,0,deepseek/deepseek-v4-flash-20260423,StreamLake,standard,false,true,,stop,stop,7015,675,MSCodeBase 1-L live arm,test567,false
gen-1786750609-vqOsdjgyirZrfoXuKgXk,2026-08-14 23:36:49.006,0.000033,,,,0,140,134,125,0,deepseek/deepseek-v4-flash-20260423,StreamLake,standard,false,true,,stop,stop,4361,750,MSCodeBase 1-L live arm,test567,false
gen-1786750604-mdvgFaAI5IsInyrSPjqh,2026-08-14 23:36:44.913,0.00002,,,,0,89,79,70,0,deepseek/deepseek-v4-flash-20260423,StreamLake,standard,false,true,,stop,stop,3808,640,MSCodeBase 1-L live arm,test567,false
gen-1786750594-8YnLQ1w6ARtSCs6x3z68,2026-08-14 23:36:34.992,0.000054,,,,0,95,286,277,0,deepseek/deepseek-v4-flash-20260423,StreamLake,standard,false,true,,stop,stop,9441,1264,MSCodeBase 1-L live arm,test567,false
gen-1786750590-JC8eMegUIMU1KGfHbBPM,2026-08-14 23:36:30.344,0.000028,,,,0,96,129,120,0,deepseek/deepseek-v4-flash-20260423,StreamLake,standard,false,true,,stop,stop,4169,835,MSCodeBase 1-L live arm,test567,false
gen-1786750584-K1NJoISZkDBGsjWNZnnv,2026-08-14 23:36:24.317,0.000024,,,,0,95,105,96,0,deepseek/deepseek-v4-flash-20260423,StreamLake,standard,false,true,,stop,stop,5561,947,MSCodeBase 1-L live arm,test567,false
gen-1786750576-OBj22ObfO4fFTo2cPz5m,2026-08-14 23:36:16.671,0.000026,,,,0,94,116,107,0,deepseek/deepseek-v4-flash-20260423,StreamLake,standard,false,true,,stop,stop,7160,2992,MSCodeBase 1-L live arm,test567,false
gen-1786750572-GBNq63j22TOzln0F3cGs,2026-08-14 23:36:12.042,0.000021,,,,0,93,88,79,0,deepseek/deepseek-v4-flash-20260423,StreamLake,standard,false,true,,stop,stop,4114,1674,MSCodeBase 1-L live arm,test567,false
gen-1786750566-YTofBHqEKQBfmz4rsmOW,2026-08-14 23:36:06.680,0.000023,,,,0,96,95,86,0,deepseek/deepseek-v4-flash-20260423,StreamLake,standard,false,true,,stop,stop,4898,2015,MSCodeBase 1-L live arm,test567,false
gen-1786750561-TRT5G32M8elWIXHNB3nI,2026-08-14 23:36:01.609,0.000022,,,,0,90,93,84,0,deepseek/deepseek-v4-flash-20260423,StreamLake,standard,false,true,,stop,stop,4582,1020,MSCodeBase 1-L live arm,test567,false
gen-1786750555-3eb7VQJzHj4cwJOjx8rd,2026-08-14 23:35:55.374,0.000026,,,,0,95,112,103,0,deepseek/deepseek-v4-flash-20260423,StreamLake,standard,false,true,,stop,stop,5740,1872,MSCodeBase 1-L live arm,test567,false
gen-1786750550-VIXzsYkR0fjwsKcWphec,2026-08-14 23:35:50.568,0.000024,,,,0,92,106,97,0,deepseek/deepseek-v4-flash-20260423,StreamLake,standard,false,true,,stop,stop,4341,1104,MSCodeBase 1-L live arm,test567,false
gen-1786750542-5Q3E0MBLQY2BNRgj2c8h,2026-08-14 23:35:42.602,0.000026,,,,0,93,114,105,0,deepseek/deepseek-v4-flash-20260423,StreamLake,standard,false,true,,stop,stop,7496,1753,MSCodeBase 1-L live arm,test567,false
gen-1786750538-0sjGxOYJC6oCohp6FPWs,2026-08-14 23:35:37.998,0.000025,,,,0,93,109,100,0,deepseek/deepseek-v4-flash-20260423,StreamLake,standard,false,true,,stop,stop,4110,1137,MSCodeBase 1-L live arm,test567,false
gen-1786750531-ff2ekUo6V7pDZfZSPFBS,2026-08-14 23:35:31.858,0.000036,,,,0,93,178,169,0,deepseek/deepseek-v4-flash-20260423,StreamLake,standard,false,true,,stop,stop,5652,791,MSCodeBase 1-L live arm,test567,false
gen-1786750526-hI1eD3K3hiFIIIjJpXIJ,2026-08-14 23:35:26.769,0.000024,,,,0,94,106,97,0,deepseek/deepseek-v4-flash-20260423,StreamLake,standard,false,true,,stop,stop,4608,647,MSCodeBase 1-L live arm,test567,false
gen-1786750520-ncYa6huSdmwQxXcghZGA,2026-08-14 23:35:20.906,0.000034,,,,0,96,163,154,0,deepseek/deepseek-v4-flash-20260423,StreamLake,standard,false,true,,stop,stop,5370,1169,MSCodeBase 1-L live arm,test567,false
gen-1786750515-AFV5XiQJQ61aKi5khbZZ,2026-08-14 23:35:14.951,0.000027,,,,0,92,123,114,0,deepseek/deepseek-v4-flash-20260423,StreamLake,standard,false,true,,stop,stop,5303,645,MSCodeBase 1-L live arm,test567,false
gen-1786750507-TckdwBw8kUKw9TW6zm2L,2026-08-14 23:35:07.232,0.000044,,,,0,94,227,218,0,deepseek/deepseek-v4-flash-20260423,StreamLake,standard,false,true,,stop,stop,7103,1122,MSCodeBase 1-L live arm,test567,false
gen-1786750502-SJvYZGxDMAm499DSt0tD,2026-08-14 23:35:02.300,0.000028,,,,0,95,127,118,0,deepseek/deepseek-v4-flash-20260423,StreamLake,standard,false,true,,stop,stop,4229,1261,MSCodeBase 1-L live arm,test567,false
gen-1786750497-wdiu2iazTzoCEFnei3eD,2026-08-14 23:34:57.611,0.000024,,,,0,91,106,97,0,deepseek/deepseek-v4-flash-20260423,StreamLake,standard,false,true,,stop,stop,3963,1054,MSCodeBase 1-L live arm,test567,false
gen-1786750490-xwRQQ2FtW0R2tGRRmBr8,2026-08-14 23:34:50.879,0.000025,,,,0,92,108,99,0,deepseek/deepseek-v4-flash-20260423,StreamLake,standard,false,true,,stop,stop,6034,2889,MSCodeBase 1-L live arm,test567,false
gen-1786750481-kracMSpzYczgqjw3rdbz,2026-08-14 23:34:41.815,0.00006,,,,0,93,321,312,0,deepseek/deepseek-v4-flash-20260423,StreamLake,standard,false,true,,stop,stop,8360,644,MSCodeBase 1-L live arm,test567,false
gen-1786750473-TvYC6lpkwWI4Ue4DXr9g,2026-08-14 23:34:33.292,0.000042,,,,0,96,215,206,0,deepseek/deepseek-v4-flash-20260423,StreamLake,standard,false,true,,stop,stop,7663,641,MSCodeBase 1-L live arm,test567,false
gen-1786750468-NeBL63X1XzwvwRqiGWtA,2026-08-14 23:34:28.622,0.000027,,,,0,94,120,111,0,deepseek/deepseek-v4-flash-20260423,StreamLake,standard,false,true,,stop,stop,3980,794,MSCodeBase 1-L live arm,test567,false
gen-1786750463-E0A1bpS4py9nUXPOOvtt,2026-08-14 23:34:23.912,0.000026,,,,0,95,112,103,0,deepseek/deepseek-v4-flash-20260423,StreamLake,standard,false,true,,stop,stop,4005,1013,MSCodeBase 1-L live arm,test567,false
gen-1786750456-PysWgiAFzmNJHNykANnw,2026-08-14 23:34:16.873,0.000048,,,,0,93,249,240,0,deepseek/deepseek-v4-flash-20260423,StreamLake,standard,false,true,,stop,stop,6324,709,MSCodeBase 1-L live arm,test567,false
gen-1786750452-6VsyH3P5r7mFAPIGhW0w,2026-08-14 23:34:12.215,0.000023,,,,0,94,97,88,0,deepseek/deepseek-v4-flash-20260423,StreamLake,standard,false,true,,stop,stop,3917,990,MSCodeBase 1-L live arm,test567,false
gen-1786750448-F9muyeDgljWL9lIAADke,2026-08-14 23:34:08.018,0.000022,,,,0,94,88,79,0,deepseek/deepseek-v4-flash-20260423,StreamLake,standard,false,true,,stop,stop,3496,1042,MSCodeBase 1-L live arm,test567,false
gen-1786750442-41XoGktn7JxyVL10n3ex,2026-08-14 23:34:02.879,0.000022,,,,0,95,89,80,0,deepseek/deepseek-v4-flash-20260423,StreamLake,standard,false,true,,stop,stop,4419,1310,MSCodeBase 1-L live arm,test567,false
gen-1786750437-X71b3gyMurWfPhap1fIj,2026-08-14 23:33:57.273,0.000026,,,,0,93,117,108,0,deepseek/deepseek-v4-flash-20260423,StreamLake,standard,false,true,,stop,stop,4876,1176,MSCodeBase 1-L live arm,test567,false
gen-1786750428-mrJMMjCElaC31ULTkMlS,2026-08-14 23:33:48.477,0.000054,,,,0,95,288,279,0,deepseek/deepseek-v4-flash-20260423,StreamLake,standard,false,true,,stop,stop,8095,1174,MSCodeBase 1-L live arm,test567,false
gen-1786750421-elryvZ9uLiZ4vsbuOviJ,2026-08-14 23:33:41.912,0.000035,,,,0,91,171,162,0,deepseek/deepseek-v4-flash-20260423,StreamLake,standard,false,true,,stop,stop,5815,2106,MSCodeBase 1-L live arm,test567,false
gen-1786750416-PLaABNKjUA7NyaW82XbV,2026-08-14 23:33:36.805,0.000023,,,,0,95,99,90,0,deepseek/deepseek-v4-flash-20260423,StreamLake,standard,false,true,,stop,stop,4390,1287,MSCodeBase 1-L live arm,test567,false
gen-1786750407-KGGWMwPxP2zpiLKTE6qL,2026-08-14 23:33:27.249,0.000054,,,,0,91,290,281,0,deepseek/deepseek-v4-flash-20260423,StreamLake,standard,false,true,,stop,stop,8863,665,MSCodeBase 1-L live arm,test567,false
gen-1786750399-uytXBoaIXU5MMEgYJsww,2026-08-14 23:33:19.946,0.000028,,,,0,93,131,122,0,deepseek/deepseek-v4-flash-20260423,StreamLake,standard,false,true,,stop,stop,6604,1211,MSCodeBase 1-L live arm,test567,false
gen-1786750392-pSkKhf1xa6dXZHB2g8fX,2026-08-14 23:33:12.797,0.000037,,,,0,90,187,178,0,deepseek/deepseek-v4-flash-20260423,StreamLake,standard,false,true,,stop,stop,6440,1302,MSCodeBase 1-L live arm,test567,false
gen-1786750386-5UvhQbMdjQHbzFWGTI3p,2026-08-14 23:33:06.949,0.000028,,,,0,92,128,119,0,deepseek/deepseek-v4-flash-20260423,StreamLake,standard,false,true,,stop,stop,5145,1805,MSCodeBase 1-L live arm,test567,false
gen-1786750378-x9cSO16VLdztHAMiTLzT,2026-08-14 23:32:58.028,0.000048,,,,0,92,252,243,0,deepseek/deepseek-v4-flash-20260423,StreamLake,standard,false,true,,stop,stop,8213,621,MSCodeBase 1-L live arm,test567,false
gen-1786750360-GYn96K8AopJo3sNbVNUB,2026-08-14 23:32:40.204,0.000103,,,,0,96,583,574,0,deepseek/deepseek-v4-flash-20260423,StreamLake,standard,false,true,,stop,stop,17124,1487,MSCodeBase 1-L live arm,test567,false
gen-1786750347-O7qSGeU8xYaYLSVLLRM7,2026-08-14 23:32:27.216,0.000068,,,,0,97,373,364,0,deepseek/deepseek-v4-flash-20260423,StreamLake,standard,false,true,,stop,stop,12275,1102,MSCodeBase 1-L live arm,test567,false
gen-1786750340-7xRBhFA6YtB6Kz6bFfMi,2026-08-14 23:32:20.402,0.000028,,,,0,93,130,121,0,deepseek/deepseek-v4-flash-20260423,StreamLake,standard,false,true,,stop,stop,5930,1541,MSCodeBase 1-L live arm,test567,false
gen-1786750330-1CUrdhkITlUU8wmWWjTk,2026-08-14 23:32:10.529,0.000047,,,,0,93,247,238,0,deepseek/deepseek-v4-flash-20260423,StreamLake,standard,false,true,,stop,stop,9174,825,MSCodeBase 1-L live arm,test567,false
gen-1786750323-7aFnDpAIZpvwLAV2dKQc,2026-08-14 23:32:03.576,0.00003,,,,0,95,138,129,0,deepseek/deepseek-v4-flash-20260423,StreamLake,standard,false,true,,stop,stop,6245,1714,MSCodeBase 1-L live arm,test567,false
gen-1786750316-7OOR0LptLJFPEOKLKdXF,2026-08-14 23:31:56.887,0.000033,,,,0,96,160,151,0,deepseek/deepseek-v4-flash-20260423,StreamLake,standard,false,true,,stop,stop,5993,1028,MSCodeBase 1-L live arm,test567,false
gen-1786750309-xS3VN1BfIp7u1YqqdYVC,2026-08-14 23:31:49.306,0.000024,,,,0,93,101,92,0,deepseek/deepseek-v4-flash-20260423,StreamLake,standard,false,true,,stop,stop,6857,2120,MSCodeBase 1-L live arm,test567,false
gen-1786750303-eiTzInhQuPz03k4wCx2L,2026-08-14 23:31:43.668,0.000027,,,,0,98,122,113,0,deepseek/deepseek-v4-flash-20260423,StreamLake,standard,false,true,,stop,stop,4937,1348,MSCodeBase 1-L live arm,test567,false
gen-1786750299-OpT5wjPX3JuplW430CQB,2026-08-14 23:31:39.361,0.000028,,,,0,92,126,117,0,deepseek/deepseek-v4-flash-20260423,StreamLake,standard,false,true,,stop,stop,3510,644,MSCodeBase 1-L live arm,test567,false
gen-1786750293-egd9UuhHducCDjkaKr7T,2026-08-14 23:31:33.594,0.000027,,,,0,95,120,111,0,deepseek/deepseek-v4-flash-20260423,StreamLake,standard,false,true,,stop,stop,5066,1239,MSCodeBase 1-L live arm,test567,false
gen-1786750289-wwR1IYZxTsYEXQd0ujsS,2026-08-14 23:31:29.174,0.000026,,,,0,95,114,105,0,deepseek/deepseek-v4-flash-20260423,StreamLake,standard,false,true,,stop,stop,3721,734,MSCodeBase 1-L live arm,test567,false
gen-1786750280-5XIrLoeSaIL9EgTmtGXm,2026-08-14 23:31:20.234,0.000027,,,,0,92,123,114,0,deepseek/deepseek-v4-flash-20260423,StreamLake,standard,false,true,,stop,stop,8248,2944,MSCodeBase 1-L live arm,test567,false
gen-1786750273-X1HdNpdL4BdJSx5pvaAb,2026-08-14 23:31:13.607,0.000034,,,,0,96,162,153,0,deepseek/deepseek-v4-flash-20260423,StreamLake,standard,false,true,,stop,stop,5896,1079,MSCodeBase 1-L live arm,test567,false
gen-1786750262-15lKYbJHPt8cBx0pWrbI,2026-08-14 23:31:02.142,0.000235,,,,0,126,575,566,0,z-ai/glm-4.7-flash-20260119,Cloudflare,standard,false,true,,stop,stop,10885,457,MSCodeBase 1-L live arm,test567,false
gen-1786750233-TMniwMIHWgKgQaAhBZiR,2026-08-14 23:30:33.480,0.000601,,,,0,126,1500,1550,0,z-ai/glm-4.7-flash-20260119,Cloudflare,standard,false,true,,length,length,28110,495,MSCodeBase 1-L live arm,test567,false
gen-1786750232-QCDKdhnM6swrNDe4bEGx,2026-08-14 23:30:32.202,0.000009,,-0.000003,,0,132,11,7,64,z-ai/glm-4.7-flash-20260119,DeepInfra,standard,false,true,,stop,stop,573,460,MSCodeBase 1-L live arm,test567,false
gen-1786750231-SYWjRsjGHICpS2c9LyXv,2026-08-14 23:30:31.187,0.000005,,-0.000006,,0,132,11,7,128,z-ai/glm-4.7-flash-20260119,DeepInfra,standard,false,true,,stop,stop,517,387,MSCodeBase 1-L live arm,test567,false
gen-1786750229-Qv2uTXinM6FFGm5Iq96V,2026-08-14 23:30:29.668,0.000012,,,,0,132,11,7,0,z-ai/glm-4.7-flash-20260119,DeepInfra,standard,false,true,,stop,stop,1009,699,MSCodeBase 1-L live arm,test567,false
gen-1786750214-4GZMdv63gbbtvyB4QO99,2026-08-14 23:30:14.849,0.000289,,,,0,133,712,777,0,z-ai/glm-4.7-flash-20260119,Cloudflare,standard,false,true,,stop,stop,13937,207,MSCodeBase 1-L live arm,test567,false
gen-1786750171-pBHCdtOJWXESmPiR1cwn,2026-08-14 23:29:31.163,0.000601,,,,0,133,1500,1589,0,z-ai/glm-4.7-flash-20260119,Cloudflare,standard,false,true,,length,length,43178,467,MSCodeBase 1-L live arm,test567,false
gen-1786750146-2PKg1usKc16bxTcOKUtU,2026-08-14 23:29:06.202,0.000601,,,,0,133,1500,1579,0,z-ai/glm-4.7-flash-20260119,Cloudflare,standard,false,true,,length,length,24641,468,MSCodeBase 1-L live arm,test567,false
gen-1786750138-LDezna9WLGRxbLZ2vfIY,2026-08-14 23:28:58.248,0.000202,,,,0,131,491,500,0,z-ai/glm-4.7-flash-20260119,Cloudflare,standard,false,true,,stop,stop,7287,144,MSCodeBase 1-L live arm,test567,false
gen-1786750104-JlxBmr247wXpx3FlZpc8,2026-08-14 23:28:24.472,0.000601,,,,0,129,1500,1565,0,z-ai/glm-4.7-flash-20260119,Cloudflare,standard,false,true,,length,length,33261,425,MSCodeBase 1-L live arm,test567,false
gen-1786750071-EnHNJm0cSDk4u8qdXlF8,2026-08-14 23:27:51.705,0.000601,,,,0,129,1500,1619,0,z-ai/glm-4.7-flash-20260119,Cloudflare,standard,false,true,,length,length,32477,147,MSCodeBase 1-L live arm,test567,false
gen-1786750044-0rSGm7YCgxUMF5BMlRFx,2026-08-14 23:27:24.970,0.000601,,,,0,129,1500,1591,0,z-ai/glm-4.7-flash-20260119,Cloudflare,standard,false,true,,length,length,26399,142,MSCodeBase 1-L live arm,test567,false
gen-1786750023-ZoOR07fz7QvbeJBphhml,2026-08-14 23:27:03.169,0.0005,,,,0,131,1243,1310,0,z-ai/glm-4.7-flash-20260119,Cloudflare,standard,false,true,,stop,stop,21294,331,MSCodeBase 1-L live arm,test567,false
gen-1786749995-43QNMgKaX2xUJcbx6Zjc,2026-08-14 23:26:35.288,0.000601,,,,0,131,1500,1593,0,z-ai/glm-4.7-flash-20260119,Cloudflare,standard,false,true,,length,length,27216,193,MSCodeBase 1-L live arm,test567,false
gen-1786749987-ewTeYJw17Keek5prT7W7,2026-08-14 23:26:27.419,0.000211,,,,0,131,514,519,0,z-ai/glm-4.7-flash-20260119,Cloudflare,standard,false,true,,stop,stop,7261,148,MSCodeBase 1-L live arm,test567,false
gen-1786749974-bmPc73yxowlH8ldwrmL7,2026-08-14 23:26:14.790,0.00028,,,,0,126,690,704,0,z-ai/glm-4.7-flash-20260119,Cloudflare,standard,false,true,,stop,stop,12132,313,MSCodeBase 1-L live arm,test567,false
gen-1786749959-LWs2T2noY5rDAWrLXxGq,2026-08-14 23:25:59.838,0.000373,,,,0,133,923,982,0,z-ai/glm-4.7-flash-20260119,Cloudflare,standard,false,true,,stop,stop,14402,332,MSCodeBase 1-L live arm,test567,false
gen-1786749934-jR4xtLm5ieqTxuYS2xVf,2026-08-14 23:25:34.341,0.000601,,,,0,133,1500,1581,0,z-ai/glm-4.7-flash-20260119,Cloudflare,standard,false,true,,length,length,25012,166,MSCodeBase 1-L live arm,test567,false
gen-1786749897-fHz3PCZSA14t8pnzNbiS,2026-08-14 23:24:57.848,0.000601,,,,0,133,1500,1608,0,z-ai/glm-4.7-flash-20260119,Cloudflare,standard,false,true,,length,length,36088,295,MSCodeBase 1-L live arm,test567,false
gen-1786749878-isDcO34rWDjNa03n7Lyf,2026-08-14 23:24:38.742,0.000404,,,,0,129,1003,1000,0,z-ai/glm-4.7-flash-20260119,Cloudflare,standard,false,true,,stop,stop,18381,215,MSCodeBase 1-L live arm,test567,false
gen-1786749854-pvtBwl4Zv7765Nrw7x9q,2026-08-14 23:24:14.930,0.000601,,,,0,129,1500,1478,0,z-ai/glm-4.7-flash-20260119,Cloudflare,standard,false,true,,length,length,23275,305,MSCodeBase 1-L live arm,test567,false
gen-1786749827-suL9CTgNiCVZh2WKkoFJ,2026-08-14 23:23:47.372,0.000601,,,,0,129,1500,1515,0,z-ai/glm-4.7-flash-20260119,Cloudflare,standard,false,true,,length,length,26986,244,MSCodeBase 1-L live arm,test567,false
gen-1786749807-9hWm0yk0gHl6LvzHReJu,2026-08-14 23:23:27.645,0.000457,,,,0,128,1137,1208,0,z-ai/glm-4.7-flash-20260119,Cloudflare,standard,false,true,,stop,stop,18982,132,MSCodeBase 1-L live arm,test567,false
gen-1786749784-RlMH1maaHMnmLvcxbeHG,2026-08-14 23:23:04.490,0.000395,,,,0,133,978,1005,0,z-ai/glm-4.7-flash-20260119,Cloudflare,standard,false,true,,stop,stop,22370,7274,MSCodeBase 1-L live arm,test567,false
gen-1786749749-ORfNr7rEjo7UlBjPLGvR,2026-08-14 23:22:29.073,0.000601,,,,0,133,1500,1529,0,z-ai/glm-4.7-flash-20260119,Cloudflare,standard,false,true,,length,length,34874,156,MSCodeBase 1-L live arm,test567,false
gen-1786749725-UOK016wNBIcttySIAIaB,2026-08-14 23:22:05.261,0.000494,,,,0,129,1229,1303,0,z-ai/glm-4.7-flash-20260119,Cloudflare,standard,false,true,,stop,stop,23056,519,MSCodeBase 1-L live arm,test567,false
gen-1786749701-qkDJKr62j7vsNf9d7037,2026-08-14 23:21:41.038,0.000601,,,,0,129,1500,1619,0,z-ai/glm-4.7-flash-20260119,Cloudflare,standard,false,true,,length,length,23659,148,MSCodeBase 1-L live arm,test567,false
gen-1786749680-I9bkapgZX8jUDGOKoygI,2026-08-14 23:21:20.129,0.000601,,,,0,129,1500,1605,0,z-ai/glm-4.7-flash-20260119,Cloudflare,standard,false,true,,length,length,20232,364,MSCodeBase 1-L live arm,test567,false
gen-1786749660-o2xt4hmVkhIPKKnWKaK0,2026-08-14 23:21:00.825,0.000441,,,,0,132,1094,1149,0,z-ai/glm-4.7-flash-20260119,Cloudflare,standard,false,true,,stop,stop,18548,258,MSCodeBase 1-L live arm,test567,false
gen-1786749641-PrsspL36QILP6frQ6dZj,2026-08-14 23:20:41.828,0.000599,,-0.000007,,0,184,1500,1500,119,z-ai/glm-4.7-flash-20260119,Novita,standard,false,true,,length,length,18265,637,MSCodeBase 1-L live arm,test567,false
gen-1786749615-FZpcrwvfdv77F1MdJCry,2026-08-14 23:20:14.887,0.000601,,,,0,132,1500,1486,0,z-ai/glm-4.7-flash-20260119,Cloudflare,standard,false,true,,length,length,26266,309,MSCodeBase 1-L live arm,test567,false
gen-1786749598-aIhpfy70Du2OhIinT8vm,2026-08-14 23:19:58.704,0.000599,,-0.000007,,0,184,1500,1500,119,z-ai/glm-4.7-flash-20260119,Novita,standard,false,true,,length,length,15665,836,MSCodeBase 1-L live arm,test567,false
gen-1786749586-3Jq7XKCEWQEaLVMDwC7s,2026-08-14 23:19:46.846,0.000433,,-0.000007,,0,181,1081,1068,125,z-ai/glm-4.7-flash-20260119,Novita,standard,false,true,,stop,stop,11341,606,MSCodeBase 1-L live arm,test567,false
gen-1786749585-79XSYMf0YEQLAtHfJ6Dc,2026-08-14 23:19:45.771,0.000004,,-0.000006,,0,132,8,5,128,z-ai/glm-4.7-flash-20260119,DeepInfra,standard,false,true,,stop,stop,581,429,MSCodeBase 1-L live arm,test567,false
gen-1786749585-jpECTLJX8WQrXZmxttYj,2026-08-14 23:19:45.009,0.000004,,-0.000006,,0,132,8,5,128,z-ai/glm-4.7-flash-20260119,DeepInfra,standard,false,true,,stop,stop,485,414,MSCodeBase 1-L live arm,test567,false
gen-1786749584-Xg0ps04Yg5KuHum2FJrU,2026-08-14 23:19:44.193,0.000007,,-0.000003,,0,132,8,5,64,z-ai/glm-4.7-flash-20260119,DeepInfra,standard,false,true,,stop,stop,537,466,MSCodeBase 1-L live arm,test567,false
gen-1786749567-mLkSHgX3aQZXQn57yWJ5,2026-08-14 23:19:27.084,0.000599,,-0.000007,,0,184,1500,1500,120,z-ai/glm-4.7-flash-20260119,Novita,standard,false,true,,length,length,16486,744,MSCodeBase 1-L live arm,test567,false
gen-1786749542-TBX1XH8EENY92Nv2FoGW,2026-08-14 23:19:02.058,0.000601,,,,0,132,1500,1627,0,z-ai/glm-4.7-flash-20260119,Cloudflare,standard,false,true,,length,length,24661,134,MSCodeBase 1-L live arm,test567,false
gen-1786749518-f5MKtk4EUxMQ3xPpgtYy,2026-08-14 23:18:38.705,0.000601,,,,0,132,1500,1569,0,z-ai/glm-4.7-flash-20260119,Cloudflare,standard,false,true,,length,length,23049,136,MSCodeBase 1-L live arm,test567,false
gen-1786749503-Fo0RR8Yv6KT9Ea5y4y14,2026-08-14 23:18:23.683,0.000593,,-0.000007,,0,179,1485,1472,119,z-ai/glm-4.7-flash-20260119,Novita,standard,false,true,,stop,stop,14480,603,MSCodeBase 1-L live arm,test567,false
gen-1786749494-dEE7BpMVWT1BtT0GLgJm,2026-08-14 23:18:14.653,0.000354,,-0.00001,,0,181,890,877,179,z-ai/glm-4.7-flash-20260119,Novita,standard,false,true,,stop,stop,8497,666,MSCodeBase 1-L live arm,test567,false
gen-1786749480-ZoaYOpTp6VUBItWZPUqp,2026-08-14 23:18:00.083,0.000599,,-0.000007,,0,181,1500,1500,120,z-ai/glm-4.7-flash-20260119,Novita,standard,false,true,,length,length,14268,646,MSCodeBase 1-L live arm,test567,false
gen-1786749453-G0wngPSMvKwYhf2TxAWZ,2026-08-14 23:17:33.446,0.000599,,-0.000007,,0,181,1500,1500,119,z-ai/glm-4.7-flash-20260119,Novita,standard,false,true,,length,length,26331,4937,MSCodeBase 1-L live arm,test567,false
gen-1786749435-Z2on65EuSMBzmGJpKNZC,2026-08-14 23:17:15.958,0.000382,,,,0,130,946,955,0,z-ai/glm-4.7-flash-20260119,Cloudflare,standard,false,true,,stop,stop,16966,498,MSCodeBase 1-L live arm,test567,false
gen-1786749408-67PuEp3ucOYZryeFNcfd,2026-08-14 23:16:48.494,0.000601,,,,0,130,1500,1553,0,z-ai/glm-4.7-flash-20260119,Cloudflare,standard,false,true,,length,length,27151,489,MSCodeBase 1-L live arm,test567,false
gen-1786749392-yB08WzrLohFNrVffwYPI,2026-08-14 23:16:32.836,0.000595,,-0.000011,,0,186,1500,1500,184,z-ai/glm-4.7-flash-20260119,Novita,standard,false,true,,length,length,15134,606,MSCodeBase 1-L live arm,test567,false
gen-1786749369-5HUsAL2Eq5nf3tgLUgOu,2026-08-14 23:16:09.133,0.000599,,-0.000007,,0,186,1500,1500,119,z-ai/glm-4.7-flash-20260119,Novita,standard,false,true,,length,length,23370,974,MSCodeBase 1-L live arm,test567,false
gen-1786749351-ESuC8bcYfjwXzAX2Cfjj,2026-08-14 23:15:51.044,0.000599,,-0.000007,,0,186,1500,1500,119,z-ai/glm-4.7-flash-20260119,Novita,standard,false,true,,length,length,17760,642,MSCodeBase 1-L live arm,test567,false
gen-1786749342-bySqnMJLY6b9zyaJY7ZK,2026-08-14 23:15:42.723,0.000215,,,,0,132,525,543,0,z-ai/glm-4.7-flash-20260119,Cloudflare,standard,false,true,,stop,stop,7807,171,MSCodeBase 1-L live arm,test567,false
gen-1786749328-LhEn2CliNS9IlsCMPaZw,2026-08-14 23:15:28.673,0.000283,,,,0,133,696,692,0,z-ai/glm-4.7-flash-20260119,Cloudflare,standard,false,true,,stop,stop,13550,166,MSCodeBase 1-L live arm,test567,false
gen-1786749316-Gr21J9gNG2JARyNoFscK,2026-08-14 23:15:16.372,0.000308,,,,0,133,760,769,0,z-ai/glm-4.7-flash-20260119,Cloudflare,standard,false,true,,stop,stop,11773,515,MSCodeBase 1-L live arm,test567,false
gen-1786749315-QtY6ZW558QHpn3Ggka47,2026-08-14 23:15:15.327,0.000004,,-0.000006,,0,130,8,5,128,z-ai/glm-4.7-flash-20260119,DeepInfra,standard,false,true,,stop,stop,533,506,MSCodeBase 1-L live arm,test567,false
gen-1786749313-4i4xFB6MD1K5sXuzGNQZ,2026-08-14 23:15:13.977,0.000004,,-0.000006,,0,130,8,5,128,z-ai/glm-4.7-flash-20260119,DeepInfra,standard,false,true,,stop,stop,1059,1008,MSCodeBase 1-L live arm,test567,false
gen-1786749313-IQ4NACs2U6zjXHwFHfUO,2026-08-14 23:15:13.306,0.000007,,-0.000003,,0,130,8,5,64,z-ai/glm-4.7-flash-20260119,DeepInfra,standard,false,true,,stop,stop,395,335,MSCodeBase 1-L live arm,test567,false
gen-1786749301-bIxYwIRn9C9rWqy8Choz,2026-08-14 23:15:01.382,0.000294,,-0.000007,,0,184,730,717,119,z-ai/glm-4.7-flash-20260119,Novita,standard,false,true,,stop,stop,11378,1580,MSCodeBase 1-L live arm,test567,false
gen-1786749286-mD1sGfuK33qzFF7XGVU2,2026-08-14 23:14:46.072,0.000399,,,,0,132,989,993,0,z-ai/glm-4.7-flash-20260119,Cloudflare,standard,false,true,,stop,stop,14736,161,MSCodeBase 1-L live arm,test567,false
gen-1786749285-YXiTm4lwYFo8WgGWNbQp,2026-08-14 23:14:45.153,0.000005,,-0.000006,,0,132,11,7,128,z-ai/glm-4.7-flash-20260119,DeepInfra,standard,false,true,,stop,stop,434,314,MSCodeBase 1-L live arm,test567,false
gen-1786749284-RkehH6XbFDXcW9bfc5ty,2026-08-14 23:14:44.446,0.000005,,-0.000006,,0,132,11,7,128,z-ai/glm-4.7-flash-20260119,DeepInfra,standard,false,true,,stop,stop,426,321,MSCodeBase 1-L live arm,test567,false
gen-1786749283-CcTw2OvI7KqZL48omoq2,2026-08-14 23:14:43.118,0.000009,,-0.000003,,0,132,11,7,64,z-ai/glm-4.7-flash-20260119,DeepInfra,standard,false,true,,stop,stop,1057,751,MSCodeBase 1-L live arm,test567,false
gen-1786749272-205w94RAb66Yri1m7FK8,2026-08-14 23:14:32.067,0.000304,,-0.000007,,0,182,756,743,119,z-ai/glm-4.7-flash-20260119,Novita,standard,false,true,,stop,stop,10546,642,MSCodeBase 1-L live arm,test567,false
gen-1786749249-CZG5JTcRs2yYvm71uVvu,2026-08-14 23:14:09.538,0.000599,,-0.000007,,0,182,1500,1500,119,z-ai/glm-4.7-flash-20260119,Novita,standard,false,true,,length,length,22215,738,MSCodeBase 1-L live arm,test567,false
gen-1786749233-5L6qVFyj4t6VA3gcdtxk,2026-08-14 23:13:53.142,0.000428,,,,0,127,1062,1107,0,z-ai/glm-4.7-flash-20260119,Cloudflare,standard,false,true,,stop,stop,15882,139,MSCodeBase 1-L live arm,test567,false
gen-1786749220-bFab6v1p95sJd0uB2VNw,2026-08-14 23:13:40.612,0.000322,,,,0,134,793,780,0,z-ai/glm-4.7-flash-20260119,Cloudflare,standard,false,true,,stop,stop,11997,232,MSCodeBase 1-L live arm,test567,false
gen-1786749198-ml0W1IR0Diki62MaO4FO,2026-08-14 23:13:18.034,0.000602,,,,0,134,1500,1532,0,z-ai/glm-4.7-flash-20260119,Cloudflare,standard,false,true,,length,length,22227,163,MSCodeBase 1-L live arm,test567,false
gen-1786749189-z3YSVSYQljGwYz0vaVcb,2026-08-14 23:13:09.581,0.00021,,,,0,127,512,542,0,z-ai/glm-4.7-flash-20260119,Cloudflare,standard,false,true,,stop,stop,7825,333,MSCodeBase 1-L live arm,test567,false
gen-1786749183-fWwXtriCmGvszlpAQcPx,2026-08-14 23:13:03.179,0.000262,,-0.000007,,0,182,649,636,121,z-ai/glm-4.7-flash-20260119,Novita,standard,false,true,,stop,stop,5836,637,MSCodeBase 1-L live arm,test567,false
gen-1786749160-r9zfVi9F0sfdVGQxUzRr,2026-08-14 23:12:40.302,0.000599,,-0.000007,,0,182,1500,1500,119,z-ai/glm-4.7-flash-20260119,Novita,standard,false,true,,length,length,22549,666,MSCodeBase 1-L live arm,test567,false
gen-1786749151-tjHcYwK6IvoDirQF9bWi,2026-08-14 23:12:31.727,0.00033,,-0.000007,,0,178,822,809,119,z-ai/glm-4.7-flash-20260119,Novita,standard,false,true,,stop,stop,8028,609,MSCodeBase 1-L live arm,test567,false
gen-1786749145-0DRaMu2yutLO4r57sdkT,2026-08-14 23:12:25.178,0.000239,,-0.000007,,0,181,592,579,119,z-ai/glm-4.7-flash-20260119,Novita,standard,false,true,,stop,stop,6023,789,MSCodeBase 1-L live arm,test567,false
gen-1786749133-2XbhLL0k5AXpIymBtNf5,2026-08-14 23:12:13.666,0.000368,,-0.000007,,0,181,916,903,119,z-ai/glm-4.7-flash-20260119,Novita,standard,false,true,,stop,stop,10994,656,MSCodeBase 1-L live arm,test567,false
gen-1786749109-SC9FWoVX4OJIbXXl9ATG,2026-08-14 23:11:49.009,0.000601,,,,0,129,1500,1535,0,z-ai/glm-4.7-flash-20260119,Cloudflare,standard,false,true,,length,length,24289,183,MSCodeBase 1-L live arm,test567,false
gen-1786749100-cu1PA57Bzyn0qZq59dMt,2026-08-14 23:11:40.326,0.000273,,,,0,131,671,693,0,z-ai/glm-4.7-flash-20260119,Cloudflare,standard,false,true,,stop,stop,8146,134,MSCodeBase 1-L live arm,test567,false
gen-1786749091-BNQ3WzppRwTaEBnY3gcJ,2026-08-14 23:11:31.841,0.000248,,,,0,136,607,603,0,z-ai/glm-4.7-flash-20260119,Cloudflare,standard,false,true,,stop,stop,7961,167,MSCodeBase 1-L live arm,test567,false
gen-1786749077-y5IrvfR1c49V8zV3olxq,2026-08-14 23:11:17.597,0.000405,,,,0,131,1005,1003,0,z-ai/glm-4.7-flash-20260119,Cloudflare,standard,false,true,,stop,stop,13719,329,MSCodeBase 1-L live arm,test567,false
gen-1786749053-DFtbd0yeAcdB0u1zzyhe,2026-08-14 23:10:53.477,0.00057,,,,0,130,1420,1522,0,z-ai/glm-4.7-flash-20260119,Cloudflare,standard,false,true,,stop,stop,23610,171,MSCodeBase 1-L live arm,test567,false
gen-1786749046-Vp8wlaciQDiy1B0VlmqC,2026-08-14 23:10:46.368,0.000195,,-0.000007,,0,183,479,466,117,z-ai/glm-4.7-flash-20260119,Novita,standard,false,true,,stop,stop,6582,679,MSCodeBase 1-L live arm,test567,false
gen-1786749033-d3OnczFRihWqDy99XlYP,2026-08-14 23:10:33.893,0.000529,,-0.000007,,0,186,1323,1310,119,z-ai/glm-4.7-flash-20260119,Novita,standard,false,true,,stop,stop,11919,741,MSCodeBase 1-L live arm,test567,false
gen-1786749025-hki9ANS9XRYS9XgbhC6t,2026-08-14 23:10:25.447,0.000192,,,,0,131,467,472,0,z-ai/glm-4.7-flash-20260119,Cloudflare,standard,false,true,,stop,stop,7900,149,MSCodeBase 1-L live arm,test567,false
gen-1786749012-E31lt0rfmMkOPXuUKovK,2026-08-14 23:10:12.620,0.000389,,-0.000007,,0,194,967,954,119,z-ai/glm-4.7-flash-20260119,Novita,standard,false,true,,stop,stop,12111,674,MSCodeBase 1-L live arm,test567,false
gen-1786748997-rdRYH11F4oQmfmCvxxig,2026-08-14 23:09:57.246,0.000372,,,,0,136,919,950,0,z-ai/glm-4.7-flash-20260119,Cloudflare,standard,false,true,,stop,stop,14645,336,MSCodeBase 1-L live arm,test567,false
gen-1786748984-m6HUrMVv8z31J4tUxOwY,2026-08-14 23:09:44.068,0.000352,,-0.000007,,0,188,875,862,119,z-ai/glm-4.7-flash-20260119,Novita,standard,false,true,,stop,stop,12418,619,MSCodeBase 1-L live arm,test567,false
gen-1786748976-Lh0PgjCHoAKtVVskazDE,2026-08-14 23:09:36.420,0.000213,,-0.000007,,0,194,523,510,120,z-ai/glm-4.7-flash-20260119,Novita,standard,false,true,,stop,stop,6887,719,MSCodeBase 1-L live arm,test567,false
gen-1786748965-Y1J5XYFtfHW2j8BZukr3,2026-08-14 23:09:25.254,0.000333,,-0.000007,,0,187,827,814,119,z-ai/glm-4.7-flash-20260119,Novita,standard,false,true,,stop,stop,10406,679,MSCodeBase 1-L live arm,test567,false
gen-1786748946-cXVzDHC6B2FOxKkLi9PN,2026-08-14 23:09:06.773,0.000548,,-0.000011,,0,190,1380,1367,188,z-ai/glm-4.7-flash-20260119,Novita,standard,false,true,,stop,stop,17741,793,MSCodeBase 1-L live arm,test567,false
gen-1786748926-XlqpzgXlceBe2jYtUXtK,2026-08-14 23:08:46.641,0.0006,,-0.000007,,0,190,1500,1500,117,z-ai/glm-4.7-flash-20260119,Novita,standard,false,true,,length,length,19554,620,MSCodeBase 1-L live arm,test567,false
gen-1786748925-m2hEyB0HrI0y1h0oy4wA,2026-08-14 23:08:45.725,0.000005,,-0.000003,,0,88,8,6,64,z-ai/glm-4.7-flash-20260119,DeepInfra,standard,false,true,,stop,stop,379,317,MSCodeBase 1-L live arm,test567,false
gen-1786748924-Jm8VziLKHN2atHfLHiEG,2026-08-14 23:08:44.529,0.000005,,-0.000003,,0,88,8,6,64,z-ai/glm-4.7-flash-20260119,DeepInfra,standard,false,true,,stop,stop,693,407,MSCodeBase 1-L live arm,test567,false
gen-1786748913-7IFBWuk3zZQb2VT0vHXe,2026-08-14 23:08:33.404,0.000005,,-0.000003,,0,88,8,6,64,z-ai/glm-4.7-flash-20260119,DeepInfra,standard,false,true,,stop,stop,499,429,MSCodeBase 1-L live arm,test567,false
gen-1786748912-n27ADElTs0Y6GfYlJWoB,2026-08-14 23:08:32.266,0.000005,,-0.000003,,0,94,8,6,64,z-ai/glm-4.7-flash-20260119,DeepInfra,standard,false,true,,stop,stop,429,375,MSCodeBase 1-L live arm,test567,false
gen-1786748910-Q5Lw9tYyBImtlXJcNOeD,2026-08-14 23:08:30.473,0.000005,,-0.000003,,0,94,8,6,64,z-ai/glm-4.7-flash-20260119,DeepInfra,standard,false,true,,stop,stop,1282,1214,MSCodeBase 1-L live arm,test567,false
gen-1786748899-Fq0oN8NsEtNbxITh8TFm,2026-08-14 23:08:19.082,0.000005,,-0.000003,,0,94,8,6,64,z-ai/glm-4.7-flash-20260119,DeepInfra,standard,false,true,,stop,stop,751,691,MSCodeBase 1-L live arm,test567,false
gen-1786748894-qRDi9A28zyUMOb5JIfE5,2026-08-14 23:08:14.794,0.000112,,,,0,95,270,260,0,z-ai/glm-4.7-flash-20260119,Cloudflare,standard,false,true,,stop,stop,3547,155,MSCodeBase 1-L live arm,test567,false
gen-1786748893-WT7YvfH1QCCwdX3t5eXh,2026-08-14 23:08:13.679,0.000005,,-0.000003,,0,94,8,6,64,z-ai/glm-4.7-flash-20260119,DeepInfra,standard,false,true,,stop,stop,380,316,MSCodeBase 1-L live arm,test567,false
gen-1786748892-KY1ENyohEyL5igSC0Cyx,2026-08-14 23:08:12.432,0.000005,,-0.000003,,0,94,8,6,64,z-ai/glm-4.7-flash-20260119,DeepInfra,standard,false,true,,stop,stop,736,688,MSCodeBase 1-L live arm,test567,false
gen-1786748880-oQba1A1cydjk4JRJoaNN,2026-08-14 23:08:00.933,0.000005,,-0.000003,,0,94,8,6,64,z-ai/glm-4.7-flash-20260119,DeepInfra,standard,false,true,,stop,stop,882,776,MSCodeBase 1-L live arm,test567,false
gen-1786748874-hytwkvXxl88L6uVQsWTc,2026-08-14 23:07:54.662,0.000146,,-0.000008,,0,143,364,351,134,z-ai/glm-4.7-flash-20260119,Novita,standard,false,true,,stop,stop,5503,817,MSCodeBase 1-L live arm,test567,false
gen-1786748867-ucxzIQEvzVdoRm2pJbnH,2026-08-14 23:07:47.704,0.000185,,,,0,93,455,443,0,z-ai/glm-4.7-flash-20260119,Cloudflare,standard,false,true,,stop,stop,6228,130,MSCodeBase 1-L live arm,test567,false
gen-1786748858-W3KpX4OTfMx2JLVxzHUR,2026-08-14 23:07:38.513,0.000199,,,,0,93,490,511,0,z-ai/glm-4.7-flash-20260119,Cloudflare,standard,false,true,,stop,stop,8245,158,MSCodeBase 1-L live arm,test567,false
gen-1786748857-PqTvHDXtQpwEYCDHFAVn,2026-08-14 23:07:37.274,0.000005,,-0.000003,,0,89,8,6,64,z-ai/glm-4.7-flash-20260119,DeepInfra,standard,false,true,,stop,stop,522,362,MSCodeBase 1-L live arm,test567,false
gen-1786748856-9fyr4oFI3H26JIzwOENq,2026-08-14 23:07:36.037,0.000005,,-0.000003,,0,89,8,6,64,z-ai/glm-4.7-flash-20260119,DeepInfra,standard,false,true,,stop,stop,686,621,MSCodeBase 1-L live arm,test567,false
gen-1786748841-y98t0ySEGGJOtUN7QCmJ,2026-08-14 23:07:21.359,0.000005,,-0.000003,,0,89,8,6,64,z-ai/glm-4.7-flash-20260119,DeepInfra,standard,false,true,,stop,stop,4101,1771,MSCodeBase 1-L live arm,test567,false
gen-1786748840-JL8DJW5N0hFS7xAcMTFx,2026-08-14 23:07:20.215,0.000005,,-0.000003,,0,94,8,6,64,z-ai/glm-4.7-flash-20260119,DeepInfra,standard,false,true,,stop,stop,429,374,MSCodeBase 1-L live arm,test567,false
gen-1786748839-P5QVvAbIviNdWXG5Re1u,2026-08-14 23:07:19.282,0.000005,,-0.000003,,0,94,8,6,64,z-ai/glm-4.7-flash-20260119,DeepInfra,standard,false,true,,stop,stop,403,334,MSCodeBase 1-L live arm,test567,false
gen-1786748828-LOZukKcG9CGfBSeQUcMa,2026-08-14 23:07:08.202,0.000005,,-0.000003,,0,94,8,6,64,z-ai/glm-4.7-flash-20260119,DeepInfra,standard,false,true,,stop,stop,476,395,MSCodeBase 1-L live arm,test567,false
gen-1786748823-jsAwDAfXwo4Yy3tcdLF7,2026-08-14 23:07:03.121,0.000148,,,,0,91,361,356,0,z-ai/glm-4.7-flash-20260119,Cloudflare,standard,false,true,,stop,stop,4318,320,MSCodeBase 1-L live arm,test567,false
gen-1786748814-HCn9upoGzYq3XIuPDA0J,2026-08-14 23:06:54.321,0.000255,,-0.000008,,0,142,642,629,140,z-ai/glm-4.7-flash-20260119,Novita,standard,false,true,,stop,stop,8066,652,MSCodeBase 1-L live arm,test567,false
gen-1786748796-Fe5TLolX5xs6RI1JMzvd,2026-08-14 23:06:36.327,0.000596,,-0.000007,,0,142,1500,1500,127,z-ai/glm-4.7-flash-20260119,Novita,standard,false,true,,length,length,17238,625,MSCodeBase 1-L live arm,test567,false
gen-1786748790-jvX2cD6jo54SWbToFxzZ,2026-08-14 23:06:30.275,0.000154,,-0.000007,,0,145,384,371,133,z-ai/glm-4.7-flash-20260119,Novita,standard,false,true,,stop,stop,5323,680,MSCodeBase 1-L live arm,test567,false
gen-1786748785-rBvbHAl00An6PHBYw9dq,2026-08-14 23:06:25.095,0.000142,,-0.000007,,0,143,354,341,133,z-ai/glm-4.7-flash-20260119,Novita,standard,false,true,,stop,stop,4311,645,MSCodeBase 1-L live arm,test567,false
gen-1786748780-yidhM32LWUuTcL30x8hP,2026-08-14 23:06:20.837,0.000118,,-0.000007,,0,146,292,279,128,z-ai/glm-4.7-flash-20260119,Novita,standard,false,true,,stop,stop,3507,595,MSCodeBase 1-L live arm,test567,false
gen-1786748776-YYycv7dNwLLevdrcmgkZ,2026-08-14 23:06:16.300,0.00013,,-0.000007,,0,145,323,310,127,z-ai/glm-4.7-flash-20260119,Novita,standard,false,true,,stop,stop,3769,586,MSCodeBase 1-L live arm,test567,false
gen-1786748767-96SOLKvVc6Dh012M4GBI,2026-08-14 23:06:07.136,0.000247,,-0.000007,,0,143,621,608,133,z-ai/glm-4.7-flash-20260119,Novita,standard,false,true,,stop,stop,8423,652,MSCodeBase 1-L live arm,test567,false
gen-1786748765-EvZ3eiBZLKfKOzKsjz2d,2026-08-14 23:06:05.960,0.000005,,-0.000003,,0,94,8,6,64,z-ai/glm-4.7-flash-20260119,DeepInfra,standard,false,true,,stop,stop,473,398,MSCodeBase 1-L live arm,test567,false
gen-1786748764-zicTLjMKOTmWtqeLx2rr,2026-08-14 23:06:04.984,0.000005,,-0.000003,,0,94,8,6,64,z-ai/glm-4.7-flash-20260119,DeepInfra,standard,false,true,,stop,stop,480,403,MSCodeBase 1-L live arm,test567,false
gen-1786748753-uOWWJJwSDbHu631y8oxW,2026-08-14 23:05:53.791,0.000005,,-0.000003,,0,94,8,6,64,z-ai/glm-4.7-flash-20260119,DeepInfra,standard,false,true,,stop,stop,580,370,MSCodeBase 1-L live arm,test567,false
gen-1786748748-RXSY5LNf0PgXRJEV1840,2026-08-14 23:05:48.020,0.000144,,-0.000007,,0,146,359,346,128,z-ai/glm-4.7-flash-20260119,Novita,standard,false,true,,stop,stop,5042,636,MSCodeBase 1-L live arm,test567,false
gen-1786748741-VGx0cwMUQE1tEOhBoqtu,2026-08-14 23:05:41.043,0.000172,,-0.000007,,0,141,429,416,127,z-ai/glm-4.7-flash-20260119,Novita,standard,false,true,,stop,stop,6207,641,MSCodeBase 1-L live arm,test567,false
gen-1786748728-hqLhwoCQMiHNK8D8Q6Is,2026-08-14 23:05:28.976,0.000312,,-0.000007,,0,143,783,770,128,z-ai/glm-4.7-flash-20260119,Novita,standard,false,true,,stop,stop,11032,843,MSCodeBase 1-L live arm,test567,false
gen-1786748727-HtssQRwP0xaLAvwYZgnN,2026-08-14 23:05:27.629,0.000005,,-0.000003,,0,92,8,5,64,z-ai/glm-4.7-flash-20260119,Novita,standard,false,true,,stop,stop,643,575,MSCodeBase 1-L live arm,test567,false
gen-1786748726-n6Ojgcx0zZnIyh29A37B,2026-08-14 23:05:26.530,0.000005,,-0.000003,,0,92,8,5,64,z-ai/glm-4.7-flash-20260119,Novita,standard,false,true,,stop,stop,600,534,MSCodeBase 1-L live arm,test567,false
gen-1786748725-wRFgqKKlp9BK21fuxiNj,2026-08-14 23:05:25.346,0.000005,,-0.000003,,0,92,8,5,64,z-ai/glm-4.7-flash-20260119,Novita,standard,false,true,,stop,stop,681,609,MSCodeBase 1-L live arm,test567,false
gen-1786748719-tdSM3elQJzKNv2LzC1by,2026-08-14 23:05:19.422,0.000156,,-0.000007,,0,148,389,376,127,z-ai/glm-4.7-flash-20260119,Novita,standard,false,true,,stop,stop,5118,669,MSCodeBase 1-L live arm,test567,false
gen-1786748701-9yP8g2jZFzC24wsdJVms,2026-08-14 23:05:01.401,0.000417,,,,0,94,1041,1080,0,z-ai/glm-4.7-flash-20260119,Cloudflare,standard,false,true,,stop,stop,17115,281,MSCodeBase 1-L live arm,test567,false
gen-1786748690-QvhXgKVK07vziCY1iCKW,2026-08-14 23:04:50.120,0.000005,,-0.000003,,0,94,8,6,64,z-ai/glm-4.7-flash-20260119,DeepInfra,standard,false,true,,stop,stop,660,599,MSCodeBase 1-L live arm,test567,false
gen-1786748689-TcuQTMVRAxCVcTOQTm18,2026-08-14 23:04:49.233,0.000005,,-0.000003,,0,95,8,5,64,z-ai/glm-4.7-flash-20260119,DeepInfra,standard,false,true,,stop,stop,398,329,MSCodeBase 1-L live arm,test567,false
gen-1786748688-ywr9Wn7XKZcmYq1eXqkl,2026-08-14 23:04:48.267,0.000005,,-0.000003,,0,95,8,5,64,z-ai/glm-4.7-flash-20260119,DeepInfra,standard,false,true,,stop,stop,687,614,MSCodeBase 1-L live arm,test567,false
gen-1786748687-zEsda9T4o5YUiEyQww1v,2026-08-14 23:04:47.544,0.000005,,-0.000003,,0,95,8,5,64,z-ai/glm-4.7-flash-20260119,DeepInfra,standard,false,true,,stop,stop,444,361,MSCodeBase 1-L live arm,test567,false
gen-1786748676-QsytcM7yTs1amklMUA4n,2026-08-14 23:04:36.525,0.000314,,-0.000008,,0,145,790,777,143,z-ai/glm-4.7-flash-20260119,Novita,standard,false,true,,stop,stop,10466,654,MSCodeBase 1-L live arm,test567,false
gen-1786748657-W8jLSLyMnbeJzV5sPnJq,2026-08-14 23:04:17.356,0.000596,,-0.000007,,0,145,1500,1500,127,z-ai/glm-4.7-flash-20260119,Novita,standard,false,true,,length,length,18821,672,MSCodeBase 1-L live arm,test567,false
gen-1786748656-7f6llCSt6mDr9QCiRLiH,2026-08-14 23:04:16.429,0.000005,,-0.000003,,0,92,8,6,64,z-ai/glm-4.7-flash-20260119,DeepInfra,standard,false,true,,stop,stop,441,367,MSCodeBase 1-L live arm,test567,false
gen-1786748654-ACPm3eBMoDcIDZr31VP7,2026-08-14 23:04:14.517,0.000005,,-0.000003,,0,92,8,6,64,z-ai/glm-4.7-flash-20260119,DeepInfra,standard,false,true,,stop,stop,1636,1466,MSCodeBase 1-L live arm,test567,false
gen-1786748643-OJGXtIn4TBDxawn7RaZ7,2026-08-14 23:04:03.617,0.000005,,-0.000003,,0,92,8,6,64,z-ai/glm-4.7-flash-20260119,DeepInfra,standard,false,true,,stop,stop,510,438,MSCodeBase 1-L live arm,test567,false
gen-1786748636-AMeKPqAKccUZKRIkoIjQ,2026-08-14 23:03:56.231,0.000198,,-0.000007,,0,145,496,483,127,z-ai/glm-4.7-flash-20260119,Novita,standard,false,true,,stop,stop,6872,627,MSCodeBase 1-L live arm,test567,false
gen-1786748631-0GW8DAHKN0jZgU0x1bRd,2026-08-14 23:03:51.106,0.00014,,-0.000007,,0,144,348,335,127,z-ai/glm-4.7-flash-20260119,Novita,standard,false,true,,stop,stop,4499,642,MSCodeBase 1-L live arm,test567,false
gen-1786748624-UX0va2CxZhuYRdxfUViD,2026-08-14 23:03:44.827,0.000165,,,,0,93,404,378,0,z-ai/glm-4.7-flash-20260119,Cloudflare,standard,false,true,,stop,stop,5754,169,MSCodeBase 1-L live arm,test567,false
gen-1786748618-WMpviwUm1gYitTKLmTpm,2026-08-14 23:03:38.359,0.000164,,-0.000007,,0,144,410,397,127,z-ai/glm-4.7-flash-20260119,Novita,standard,false,true,,stop,stop,5959,652,MSCodeBase 1-L live arm,test567,false
gen-1786748612-cZkk9XFOmE9eNYtlMfBd,2026-08-14 23:03:32.169,0.000172,,-0.000007,,0,141,431,418,127,z-ai/glm-4.7-flash-20260119,Novita,standard,false,true,,stop,stop,5674,973,MSCodeBase 1-L live arm,test567,false
gen-1786748611-fB6T9a48qRhpeGj1OyxM,2026-08-14 23:03:31.238,0.000005,,-0.000003,,0,95,8,6,64,z-ai/glm-4.7-flash-20260119,DeepInfra,standard,false,true,,stop,stop,410,345,MSCodeBase 1-L live arm,test567,false
gen-1786748610-EIVuCuDtKA2rQqNPzKQR,2026-08-14 23:03:30.460,0.000005,,-0.000003,,0,95,8,6,64,z-ai/glm-4.7-flash-20260119,DeepInfra,standard,false,true,,stop,stop,487,440,MSCodeBase 1-L live arm,test567,false
gen-1786748599-YFcV54yigG7COQEcQdwk,2026-08-14 23:03:19.591,0.000005,,-0.000003,,0,95,8,6,64,z-ai/glm-4.7-flash-20260119,DeepInfra,standard,false,true,,stop,stop,470,397,MSCodeBase 1-L live arm,test567,false
gen-1786748598-He5TBBrH5F0KBUqC1J2L,2026-08-14 23:03:18.740,0.000005,,-0.000003,,0,90,8,6,64,z-ai/glm-4.7-flash-20260119,DeepInfra,standard,false,true,,stop,stop,366,300,MSCodeBase 1-L live arm,test567,false
gen-1786748598-6b9MRYOviHuCDcAo5IND,2026-08-14 23:03:18.067,0.000005,,-0.000003,,0,90,8,6,64,z-ai/glm-4.7-flash-20260119,DeepInfra,standard,false,true,,stop,stop,388,319,MSCodeBase 1-L live arm,test567,false
gen-1786748587-AsF1SIiArKsMHMO3g9Ue,2026-08-14 23:03:07.191,0.000005,,-0.000003,,0,90,8,6,64,z-ai/glm-4.7-flash-20260119,DeepInfra,standard,false,true,,stop,stop,474,421,MSCodeBase 1-L live arm,test567,false
gen-1786748586-D0bnMdj9coeVzfk1m9wk,2026-08-14 23:03:06.249,0.000005,,-0.000003,,0,92,8,5,64,z-ai/glm-4.7-flash-20260119,DeepInfra,standard,false,true,,stop,stop,453,383,MSCodeBase 1-L live arm,test567,false
gen-1786748585-aXRcLG4Ianqsmc4xhqjZ,2026-08-14 23:03:05.484,0.000005,,-0.000003,,0,92,8,5,64,z-ai/glm-4.7-flash-20260119,DeepInfra,standard,false,true,,stop,stop,481,410,MSCodeBase 1-L live arm,test567,false
gen-1786748574-nm8EqzN7eBfNHsWr7TsU,2026-08-14 23:02:54.505,0.000005,,-0.000003,,0,92,8,6,64,z-ai/glm-4.7-flash-20260119,DeepInfra,standard,false,true,,stop,stop,617,494,MSCodeBase 1-L live arm,test567,false
gen-1786748565-1lAb9z1S3xjciJpbivkt,2026-08-14 23:02:45.660,0.000268,,-0.000007,,0,141,672,659,127,z-ai/glm-4.7-flash-20260119,Novita,standard,false,true,,stop,stop,8325,787,MSCodeBase 1-L live arm,test567,false
gen-1786748564-QCHOyBg0P1nVQPCmiL33,2026-08-14 23:02:44.761,0.000005,,-0.000003,,0,91,8,5,64,z-ai/glm-4.7-flash-20260119,DeepInfra,standard,false,true,,stop,stop,403,326,MSCodeBase 1-L live arm,test567,false
gen-1786748563-Kvtohg0EVY2UHYRgAhMe,2026-08-14 23:02:43.882,0.000005,,-0.000003,,0,91,8,5,64,z-ai/glm-4.7-flash-20260119,DeepInfra,standard,false,true,,stop,stop,597,469,MSCodeBase 1-L live arm,test567,false
gen-1786748562-hKeIkpirzjD4jQbkUZk7,2026-08-14 23:02:42.822,0.000005,,-0.000003,,0,91,8,5,64,z-ai/glm-4.7-flash-20260119,DeepInfra,standard,false,true,,stop,stop,743,676,MSCodeBase 1-L live arm,test567,false
gen-1786748551-iJSJVy9atu5BudhrYEf8,2026-08-14 23:02:31.069,0.000356,,-0.000007,,0,142,895,882,127,z-ai/glm-4.7-flash-20260119,Novita,standard,false,true,,stop,stop,11207,910,MSCodeBase 1-L live arm,test567,false
gen-1786748543-mQHrpCdnb0bOuNdiwPak,2026-08-14 23:02:23.718,0.000168,,-0.000007,,0,147,420,407,127,z-ai/glm-4.7-flash-20260119,Novita,standard,false,true,,stop,stop,6784,2320,MSCodeBase 1-L live arm,test567,false
gen-1786748535-1bk5bV9Cz03pCTKNHfgg,2026-08-14 23:02:15.664,0.00019,,,,0,97,466,452,0,z-ai/glm-4.7-flash-20260119,Cloudflare,standard,false,true,,stop,stop,7494,169,MSCodeBase 1-L live arm,test567,false
gen-1786748531-iG5gteRyMCgFJEY0JzDl,2026-08-14 23:02:11.141,0.00012,,,,0,92,290,273,0,z-ai/glm-4.7-flash-20260119,Cloudflare,standard,false,true,,stop,stop,3963,146,MSCodeBase 1-L live arm,test567,false
gen-1786748530-haZLPu6MrvFemFyprX6b,2026-08-14 23:02:10.217,0.000005,,-0.000003,,0,91,8,6,64,z-ai/glm-4.7-flash-20260119,DeepInfra,standard,false,true,,stop,stop,443,372,MSCodeBase 1-L live arm,test567,false
gen-1786748529-Q8PqteVUhwkt0qbL5cEG,2026-08-14 23:02:09.359,0.000005,,-0.000003,,0,91,8,6,64,z-ai/glm-4.7-flash-20260119,DeepInfra,standard,false,true,,stop,stop,469,392,MSCodeBase 1-L live arm,test567,false
gen-1786748528-LXhWcr8KmOaKOkWRIujr,2026-08-14 23:02:08.269,0.000005,,-0.000003,,0,91,8,6,64,z-ai/glm-4.7-flash-20260119,DeepInfra,standard,false,true,,stop,stop,785,707,MSCodeBase 1-L live arm,test567,false
gen-1786748522-9QxBUIkZPC0uAJcV4EG1,2026-08-14 23:02:02.889,0.000221,,,,0,94,544,539,0,z-ai/glm-4.7-flash-20260119,Cloudflare,standard,false,true,,stop,stop,4832,138,MSCodeBase 1-L live arm,test567,false
gen-1786748521-QueVVDKa6sKednrB8SLC,2026-08-14 23:02:01.627,0.000005,,-0.000003,,0,92,7,6,64,z-ai/glm-4.7-flash-20260119,DeepInfra,standard,false,true,,stop,stop,380,337,MSCodeBase 1-L live arm,test567,false
gen-1786748520-BdMvmjS25TI1GFyiyEnV,2026-08-14 23:02:00.870,0.000005,,-0.000003,,0,92,7,6,64,z-ai/glm-4.7-flash-20260119,DeepInfra,standard,false,true,,stop,stop,441,407,MSCodeBase 1-L live arm,test567,false
gen-1786748510-Wd8jNxoQuNUg6RyiV0gj,2026-08-14 23:01:50.017,0.000005,,-0.000003,,0,92,8,6,64,z-ai/glm-4.7-flash-20260119,DeepInfra,standard,false,true,,stop,stop,454,388,MSCodeBase 1-L live arm,test567,false
gen-1786748508-PC0erTkDitlgFMbxbpRl,2026-08-14 23:01:48.996,0.000005,,-0.000003,,0,90,8,6,64,z-ai/glm-4.7-flash-20260119,DeepInfra,standard,false,true,,stop,stop,523,368,MSCodeBase 1-L live arm,test567,false
gen-1786748508-T3BNJHw9ciX0EqM78wiw,2026-08-14 23:01:48.244,0.000005,,-0.000003,,0,90,8,6,64,z-ai/glm-4.7-flash-20260119,DeepInfra,standard,false,true,,stop,stop,470,422,MSCodeBase 1-L live arm,test567,false
gen-1786748507-ZX1gXkEBHcvQlC82ENGm,2026-08-14 23:01:47.292,0.000005,,-0.000003,,0,90,8,6,64,z-ai/glm-4.7-flash-20260119,DeepInfra,standard,false,true,,stop,stop,518,449,MSCodeBase 1-L live arm,test567,false
gen-1786748505-3bU4NeexmHzTyH7MvNq6,2026-08-14 23:01:45.112,0.000005,,-0.000003,,0,96,8,5,64,z-ai/glm-4.7-flash-20260119,DeepInfra,standard,false,true,,stop,stop,484,407,MSCodeBase 1-L live arm,test567,false
gen-1786748504-imJmJkdMcK2NJ7PFsgV4,2026-08-14 23:01:44.362,0.000005,,-0.000003,,0,96,8,5,64,z-ai/glm-4.7-flash-20260119,DeepInfra,standard,false,true,,stop,stop,456,387,MSCodeBase 1-L live arm,test567,false
gen-1786748493-4ErYJ8gh9ELk8aehHgg0,2026-08-14 23:01:33.171,0.000005,,-0.000003,,0,96,8,5,64,z-ai/glm-4.7-flash-20260119,DeepInfra,standard,false,true,,stop,stop,757,693,MSCodeBase 1-L live arm,test567,false
gen-1786748481-WHCYzBZlBKiJ4QCRJyyj,2026-08-14 23:01:21.959,0.000351,,-0.000007,,0,143,879,866,117,z-ai/glm-4.7-flash-20260119,Novita,standard,false,true,,stop,stop,10680,815,MSCodeBase 1-L live arm,test567,false
gen-1786748481-KOTPrRYY2JNmulso0coS,2026-08-14 23:01:21.007,0.000005,,-0.000003,,0,93,8,6,64,z-ai/glm-4.7-flash-20260119,DeepInfra,standard,false,true,,stop,stop,458,391,MSCodeBase 1-L live arm,test567,false
gen-1786748480-uef9d00CfVlhEqFCh5jZ,2026-08-14 23:01:20.235,0.000005,,-0.000003,,0,93,8,6,64,z-ai/glm-4.7-flash-20260119,DeepInfra,standard,false,true,,stop,stop,490,419,MSCodeBase 1-L live arm,test567,false
gen-1786748469-vKb0bOwDGCU9Tzbg8BZd,2026-08-14 23:01:09.341,0.000005,,-0.000003,,0,93,8,6,64,z-ai/glm-4.7-flash-20260119,DeepInfra,standard,false,true,,stop,stop,515,438,MSCodeBase 1-L live arm,test567,false
gen-1786748457-o4mhkwAfNRNGUZbSbIdD,2026-08-14 23:00:57.206,0.00031,,-0.000007,,0,147,778,765,128,z-ai/glm-4.7-flash-20260119,Novita,standard,false,true,,stop,stop,11403,2677,MSCodeBase 1-L live arm,test567,false
gen-1786748449-EedGbwjdil3K6WP4KSs4,2026-08-14 23:00:49.417,0.000202,,-0.000007,,0,143,506,493,127,z-ai/glm-4.7-flash-20260119,Novita,standard,false,true,,stop,stop,7093,722,MSCodeBase 1-L live arm,test567,false
gen-1786748440-eKoFzg9ER22rcyQwJWTB,2026-08-14 23:00:40.197,0.000227,,-0.000007,,0,146,567,554,117,z-ai/glm-4.7-flash-20260119,Novita,standard,false,true,,stop,stop,8695,637,MSCodeBase 1-L live arm,test567,false
gen-1786748411-7skCO4po6DRvuwM95UL7,2026-08-14 23:00:11.484,0,,,,0,151,1255,1255,0,z-ai/glm-4.7-flash-20260119,Novita,standard,true,true,,,,14993,656,MSCodeBase 1-L live arm,test567,false
gen-1786748393-QrYZJWzprpMYH7gsubwu,2026-08-14 22:59:53.783,0.000599,,-0.000007,,0,184,1500,1500,119,z-ai/glm-4.7-flash-20260119,Novita,standard,false,true,,length,length,17350,620,MSCodeBase 1-L live arm,test567,false
gen-1786748380-YN1SCQ9I5tk6qmqIkT4j,2026-08-14 22:59:40.911,0.000327,,-0.000007,,0,181,815,802,125,z-ai/glm-4.7-flash-20260119,Novita,standard,false,true,,stop,stop,12337,729,MSCodeBase 1-L live arm,test567,false
gen-1786748379-Ifqcvtnw2gcda6HRCTKR,2026-08-14 22:59:39.783,0.000004,,-0.000006,,0,132,8,6,128,z-ai/glm-4.7-flash-20260119,DeepInfra,standard,false,true,,stop,stop,665,606,MSCodeBase 1-L live arm,test567,false
gen-1786748379-4MmeWdXxdWcWX5UTn8mk,2026-08-14 22:59:39.138,0.000007,,-0.000003,,0,132,8,5,64,z-ai/glm-4.7-flash-20260119,DeepInfra,standard,false,true,,stop,stop,366,312,MSCodeBase 1-L live arm,test567,false
gen-1786748378-A759mVpx8aQCNOSk68CW,2026-08-14 22:59:38.417,0.000007,,-0.000003,,0,132,8,5,64,z-ai/glm-4.7-flash-20260119,DeepInfra,standard,false,true,,stop,stop,430,352,MSCodeBase 1-L live arm,test567,false
gen-1786748354-mUIPW3qRTFtLRCvHy0FC,2026-08-14 22:59:14.651,0.000599,,-0.000007,,0,184,1500,1500,120,z-ai/glm-4.7-flash-20260119,Novita,standard,false,true,,length,length,23253,663,MSCodeBase 1-L live arm,test567,false
gen-1786748339-sMyiF5vwwRAXCXbZalaO,2026-08-14 22:58:59.026,0.000595,,-0.00001,,0,184,1500,1500,182,z-ai/glm-4.7-flash-20260119,Novita,standard,false,true,,length,length,15275,661,MSCodeBase 1-L live arm,test567,false
gen-1786748319-GhVFGhNY6csNwQauT8hL,2026-08-14 22:58:39.541,0.000599,,-0.000007,,0,184,1500,1500,128,z-ai/glm-4.7-flash-20260119,Novita,standard,false,true,,length,length,19105,711,MSCodeBase 1-L live arm,test567,false
gen-1786748308-aEEHlDS1vHYYe9Gb2SFZ,2026-08-14 22:58:28.055,0.000429,,-0.00001,,0,179,1079,1066,177,z-ai/glm-4.7-flash-20260119,Novita,standard,false,true,,stop,stop,10961,821,MSCodeBase 1-L live arm,test567,false
gen-1786748293-kHvY19rB2WfHbuYJ1R2V,2026-08-14 22:58:13.257,0.000599,,-0.000007,,0,179,1500,1500,121,z-ai/glm-4.7-flash-20260119,Novita,standard,false,true,,length,length,14442,608,MSCodeBase 1-L live arm,test567,false
gen-1786748284-a4AL4TwQmPotXKTzv025,2026-08-14 22:58:04.630,0.000365,,-0.000007,,0,181,910,897,120,z-ai/glm-4.7-flash-20260119,Novita,standard,false,true,,stop,stop,8065,625,MSCodeBase 1-L live arm,test567,false
gen-1786748246-MiTnSHSIZ0BA9uL9baAD,2026-08-14 22:57:26.065,0.000601,,,,0,129,1500,1588,0,z-ai/glm-4.7-flash-20260119,Cloudflare,standard,false,true,,length,length,38201,233,MSCodeBase 1-L live arm,test567,false
gen-1786748236-HHp5EQcBSkyBRKe2KF65,2026-08-14 22:57:16.092,0.000405,,-0.000007,,0,182,1010,997,119,z-ai/glm-4.7-flash-20260119,Novita,standard,false,true,,stop,stop,9447,605,MSCodeBase 1-L live arm,test567,false
gen-1786748214-h9GbPuOqS21TY4NaCFqr,2026-08-14 22:56:54.449,0.000599,,-0.000007,,0,182,1500,1500,126,z-ai/glm-4.7-flash-20260119,Novita,standard,false,true,,length,length,21316,661,MSCodeBase 1-L live arm,test567,false
gen-1786748190-dCsFQW89wtIbxLFefUr3,2026-08-14 22:56:30.856,0.000601,,,,0,130,1500,1574,0,z-ai/glm-4.7-flash-20260119,Cloudflare,standard,false,true,,length,length,22957,134,MSCodeBase 1-L live arm,test567,false
gen-1786748182-2PlhkgeYJRBqbqayUDji,2026-08-14 22:56:22.179,0.000346,,-0.000007,,0,186,861,848,119,z-ai/glm-4.7-flash-20260119,Novita,standard,false,true,,stop,stop,8132,724,MSCodeBase 1-L live arm,test567,false
gen-1786748160-KAdv5sGBdNCLKpE4ZVK3,2026-08-14 22:56:00.492,0.000599,,-0.000007,,0,186,1500,1500,128,z-ai/glm-4.7-flash-20260119,Novita,standard,false,true,,length,length,21359,632,MSCodeBase 1-L live arm,test567,false
gen-1786748147-id1PFnO4RfvDZtHsFnCD,2026-08-14 22:55:47.390,0.000546,,-0.000007,,0,184,1366,1353,120,z-ai/glm-4.7-flash-20260119,Novita,standard,false,true,,stop,stop,12590,762,MSCodeBase 1-L live arm,test567,false
gen-1786748127-tFZJ5AkPCOUJQqSuEie5,2026-08-14 22:55:27.029,0.000309,,,,0,133,761,836,0,z-ai/glm-4.7-flash-20260119,Cloudflare,standard,false,true,,stop,stop,19830,146,MSCodeBase 1-L live arm,test567,false
gen-1786748110-ePPMLxBI1R6c0Y9ByE7Y,2026-08-14 22:55:10.122,0.00049,,-0.000007,,0,185,1224,1211,125,z-ai/glm-4.7-flash-20260119,Novita,standard,false,true,,stop,stop,16355,609,MSCodeBase 1-L live arm,test567,false
gen-1786748093-lomkFQE9HEJEgziU2kzZ,2026-08-14 22:54:53.152,0.000599,,-0.000007,,0,185,1500,1500,119,z-ai/glm-4.7-flash-20260119,Novita,standard,false,true,,length,length,16585,716,MSCodeBase 1-L live arm,test567,false
gen-1786748064-9X3hFa3SmsswgmRiR7IM,2026-08-14 22:54:24.426,0.000601,,,,0,133,1500,1572,0,z-ai/glm-4.7-flash-20260119,Cloudflare,standard,false,true,,length,length,28438,145,MSCodeBase 1-L live arm,test567,false
gen-1786748063-vyz9YgoXey185hhHjKkV,2026-08-14 22:54:23.524,0.000004,,-0.000006,,0,130,8,5,128,z-ai/glm-4.7-flash-20260119,DeepInfra,standard,false,true,,stop,stop,435,358,MSCodeBase 1-L live arm,test567,false
gen-1786748062-0EaNMvIpesexERJOKoqa,2026-08-14 22:54:22.828,0.000004,,-0.000006,,0,130,8,5,128,z-ai/glm-4.7-flash-20260119,DeepInfra,standard,false,true,,stop,stop,421,339,MSCodeBase 1-L live arm,test567,false
gen-1786748062-NBnQNGR3KbqZHBZaoOI1,2026-08-14 22:54:22.010,0.000007,,-0.000003,,0,130,8,5,64,z-ai/glm-4.7-flash-20260119,DeepInfra,standard,false,true,,stop,stop,537,470,MSCodeBase 1-L live arm,test567,false
gen-1786748053-5agBL5nVdozfn7LkwK8l,2026-08-14 22:54:13.742,0.000311,,-0.000007,,0,184,772,759,119,z-ai/glm-4.7-flash-20260119,Novita,standard,false,true,,stop,stop,7722,719,MSCodeBase 1-L live arm,test567,false
gen-1786748046-N9TCl9BcwCLYb770vbBh,2026-08-14 22:54:06.314,0.000285,,-0.000007,,0,184,706,693,119,z-ai/glm-4.7-flash-20260119,Novita,standard,false,true,,stop,stop,6875,593,MSCodeBase 1-L live arm,test567,false
gen-1786748045-leQBcnw232jzt7xzkNee,2026-08-14 22:54:05.394,0.000009,,-0.000003,,0,132,11,7,64,z-ai/glm-4.7-flash-20260119,DeepInfra,standard,false,true,,stop,stop,418,339,MSCodeBase 1-L live arm,test567,false
gen-1786748043-MeSItiDywvO4USIOhuMH,2026-08-14 22:54:03.555,0.000005,,-0.000006,,0,132,11,7,128,z-ai/glm-4.7-flash-20260119,DeepInfra,standard,false,true,,stop,stop,1556,418,MSCodeBase 1-L live arm,test567,false
gen-1786748042-GjU3w3bqDk4TxAt1qTPZ,2026-08-14 22:54:02.766,0.000009,,-0.000003,,0,132,11,7,64,z-ai/glm-4.7-flash-20260119,DeepInfra,standard,false,true,,stop,stop,509,401,MSCodeBase 1-L live arm,test567,false
gen-1786748041-SyVWQETddJ8l18tVaa38,2026-08-14 22:54:01.837,0.000004,,-0.000006,,0,130,8,5,128,z-ai/glm-4.7-flash-20260119,DeepInfra,standard,false,true,,stop,stop,441,358,MSCodeBase 1-L live arm,test567,false
gen-1786748041-IvdrlCZrG5CeEmRpe79E,2026-08-14 22:54:01.120,0.00001,,,,0,130,8,5,0,z-ai/glm-4.7-flash-20260119,DeepInfra,standard,false,true,,stop,stop,431,383,MSCodeBase 1-L live arm,test567,false
gen-1786748030-H2RZsZzRt6ENfcc0OWaK,2026-08-14 22:53:50.224,0.000007,,-0.000003,,0,130,8,5,64,z-ai/glm-4.7-flash-20260119,DeepInfra,standard,false,true,,stop,stop,440,362,MSCodeBase 1-L live arm,test567,false
gen-1786748019-X6EUrK8CKlgpgP9UhdYY,2026-08-14 22:53:39.117,0.000309,,-0.000007,,0,179,768,755,119,z-ai/glm-4.7-flash-20260119,Novita,standard,false,true,,stop,stop,10470,672,MSCodeBase 1-L live arm,test567,false
gen-1786748003-iLnBioSNuta9ZIQUNrNj,2026-08-14 22:53:23.401,0.000599,,-0.000007,,0,179,1500,1500,119,z-ai/glm-4.7-flash-20260119,Novita,standard,false,true,,length,length,15263,626,MSCodeBase 1-L live arm,test567,false
gen-1786747988-hKJupdrEvSKKDdlskKAc,2026-08-14 22:53:08.646,0.000487,,-0.000007,,0,186,1217,1204,119,z-ai/glm-4.7-flash-20260119,Novita,standard,false,true,,stop,stop,14245,1125,MSCodeBase 1-L live arm,test567,false
gen-1786747983-h5rpvBwwTIQHNcyxHXr2,2026-08-14 22:53:03.149,0.000188,,,,0,127,458,491,0,z-ai/glm-4.7-flash-20260119,Cloudflare,standard,false,true,,stop,stop,4943,124,MSCodeBase 1-L live arm,test567,false
gen-1786747972-nWfBGWb7P6mM8y3Ksi12,2026-08-14 22:52:52.614,0.000304,,-0.000007,,0,182,755,742,119,z-ai/glm-4.7-flash-20260119,Novita,standard,false,true,,stop,stop,9863,617,MSCodeBase 1-L live arm,test567,false
gen-1786747956-ujHT8YqmRogBidsraI4b,2026-08-14 22:52:36.500,0.000504,,,,0,126,1255,1174,0,z-ai/glm-4.7-flash-20260119,Cloudflare,standard,false,true,,stop,stop,15552,348,MSCodeBase 1-L live arm,test567,false
gen-1786747924-aUjNLNuGQkLV3hx9oLZq,2026-08-14 22:52:04.191,0.000601,,,,0,126,1500,1415,0,z-ai/glm-4.7-flash-20260119,Cloudflare,standard,false,true,,length,length,21856,286,MSCodeBase 1-L live arm,test567,false
gen-1786747907-NuK1ZKqJu1bg4yvwD2CW,2026-08-14 22:51:47.610,0.000471,,-0.000007,,0,181,1176,1163,119,z-ai/glm-4.7-flash-20260119,Novita,standard,false,true,,stop,stop,16042,1879,MSCodeBase 1-L live arm,test567,false
gen-1786747896-KwpjP65duAZEt68ly0aA,2026-08-14 22:51:36.595,0.000413,,-0.000007,,0,181,1030,1017,121,z-ai/glm-4.7-flash-20260119,Novita,standard,false,true,,stop,stop,10494,606,MSCodeBase 1-L live arm,test567,false
gen-1786747888-cq6cwoTchONSam1si6W7,2026-08-14 22:51:28.367,0.000217,,,,0,131,530,537,0,z-ai/glm-4.7-flash-20260119,Cloudflare,standard,false,true,,stop,stop,7454,151,MSCodeBase 1-L live arm,test567,false
gen-1786747880-FEXSwyCc1eZQCv0Hp3cc,2026-08-14 22:51:20.516,0.000187,,-0.000007,,0,188,458,445,119,z-ai/glm-4.7-flash-20260119,Novita,standard,false,true,,stop,stop,7235,1459,MSCodeBase 1-L live arm,test567,false
gen-1786747870-6Lue5nHEKhrCshaRea7M,2026-08-14 22:51:10.176,0.00028,,-0.000007,,0,183,693,680,119,z-ai/glm-4.7-flash-20260119,Novita,standard,false,true,,stop,stop,9627,1030,MSCodeBase 1-L live arm,test567,false
gen-1786747855-w8lDia4iC9xvlKDFyatc,2026-08-14 22:50:55.684,0.000363,,,,0,130,898,918,0,z-ai/glm-4.7-flash-20260119,Cloudflare,standard,false,true,,stop,stop,13924,819,MSCodeBase 1-L live arm,test567,false
gen-1786747843-vsM836Gh1pVZ8BhYGOrO,2026-08-14 22:50:43.600,0.000331,,-0.000007,,0,183,822,809,119,z-ai/glm-4.7-flash-20260119,Novita,standard,false,true,,stop,stop,11569,762,MSCodeBase 1-L live arm,test567,false
gen-1786747822-bFelSVe2HjXaAl0IKaS7,2026-08-14 22:50:22.790,0.000595,,-0.000011,,0,186,1500,1500,184,z-ai/glm-4.7-flash-20260119,Novita,standard,false,true,,length,length,20276,674,MSCodeBase 1-L live arm,test567,false
gen-1786747805-k2fikKVCH2lyZWkrLBVp,2026-08-14 22:50:05.843,0.000599,,-0.000007,,0,186,1500,1500,119,z-ai/glm-4.7-flash-20260119,Novita,standard,false,true,,length,length,16568,643,MSCodeBase 1-L live arm,test567,false
gen-1786747775-9WLo8Ilt8zak76vY9o84,2026-08-14 22:49:35.832,0.000599,,-0.000007,,0,186,1500,1500,119,z-ai/glm-4.7-flash-20260119,Novita,standard,false,true,,length,length,29543,7808,MSCodeBase 1-L live arm,test567,false
gen-1786747770-q2GjCz23usNuuUoc2Ghw,2026-08-14 22:49:30.774,0.000165,,-0.000007,,0,183,404,391,119,z-ai/glm-4.7-flash-20260119,Novita,standard,false,true,,stop,stop,4509,1026,MSCodeBase 1-L live arm,test567,false
gen-1786747748-r6kBFYm2Ybd1SLpGYeM4,2026-08-14 22:49:08.499,0.000582,,-0.000011,,0,194,1466,1453,192,z-ai/glm-4.7-flash-20260119,Novita,standard,false,true,,stop,stop,21763,659,MSCodeBase 1-L live arm,test567,false
gen-1786747726-vTHlAGxeRShqD2k2QK1x,2026-08-14 22:48:46.445,0.0006,,-0.000007,,0,194,1500,1500,119,z-ai/glm-4.7-flash-20260119,Novita,standard,false,true,,length,length,21752,638,MSCodeBase 1-L live arm,test567,false
gen-1786747709-A9TKSMFSVVDMjDyfUAE6,2026-08-14 22:48:29.594,0.000456,,-0.000007,,0,188,1137,1124,119,z-ai/glm-4.7-flash-20260119,Novita,standard,false,true,,stop,stop,16283,689,MSCodeBase 1-L live arm,test567,false
gen-1786747697-bWeJIF9S9CMdPk9EMo0E,2026-08-14 22:48:17.960,0.000484,,-0.000007,,0,188,1208,1195,119,z-ai/glm-4.7-flash-20260119,Novita,standard,false,true,,stop,stop,11061,655,MSCodeBase 1-L live arm,test567,false
gen-1786747686-C30ABtpe2GxoaWs8mAzK,2026-08-14 22:48:06.879,0.000391,,-0.000007,,0,194,972,959,120,z-ai/glm-4.7-flash-20260119,Novita,standard,false,true,,stop,stop,10560,718,MSCodeBase 1-L live arm,test567,false
gen-1786747685-UmUxZdrs1Ip6QkjBV6dx,2026-08-14 22:48:05.882,0.000004,,-0.000006,,0,135,8,5,128,z-ai/glm-4.7-flash-20260119,DeepInfra,standard,false,true,,stop,stop,500,430,MSCodeBase 1-L live arm,test567,false
gen-1786747674-J3nEeleUJwQjmqnvr8A5,2026-08-14 22:47:54.927,0.000008,,-0.000003,,0,135,8,5,64,z-ai/glm-4.7-flash-20260119,DeepInfra,standard,false,true,,stop,stop,518,448,MSCodeBase 1-L live arm,test567,false
gen-1786747656-f74M904GcAmFvAhfS3PZ,2026-08-14 22:47:36.860,0.0006,,-0.000007,,0,187,1500,1500,117,z-ai/glm-4.7-flash-20260119,Novita,standard,false,true,,length,length,17706,659,MSCodeBase 1-L live arm,test567,false
gen-1786747655-XlefIfx6TyZMNfQ3JHBc,2026-08-14 22:47:35.852,0.000005,,-0.000006,,0,138,8,5,128,z-ai/glm-4.7-flash-20260119,DeepInfra,standard,false,true,,stop,stop,518,452,MSCodeBase 1-L live arm,test567,false
gen-1786747655-6lKUCu1nlivAsdKIzjbk,2026-08-14 22:47:35.056,0.000006,,-0.000006,,0,138,11,7,128,z-ai/glm-4.7-flash-20260119,DeepInfra,standard,false,true,,stop,stop,513,413,MSCodeBase 1-L live arm,test567,false
gen-1786747644-8bko0T12rKg0TfKKh47H,2026-08-14 22:47:24.125,0.000009,,-0.000003,,0,138,11,7,64,z-ai/glm-4.7-flash-20260119,DeepInfra,standard,false,true,,stop,stop,492,397,MSCodeBase 1-L live arm,test567,false
gen-1786747640-n21mzsbg63Ok4trMk32W,2026-08-14 22:47:20.284,0.000146,,-0.000007,,0,140,365,352,127,z-ai/glm-4.7-flash-20260119,Novita,standard,false,true,,stop,stop,3521,647,MSCodeBase 1-L live arm,test567,false
gen-1786747636-I9tSTZiY4lrHd0pQ678d,2026-08-14 22:47:16.540,0.000128,,-0.000007,,0,146,318,305,127,z-ai/glm-4.7-flash-20260119,Novita,standard,false,true,,stop,stop,3224,657,MSCodeBase 1-L live arm,test567,false
gen-1786747630-55Ru8A2UCszNihSXpO57,2026-08-14 22:47:10.766,0.000205,,-0.000007,,0,147,513,500,127,z-ai/glm-4.7-flash-20260119,Novita,standard,false,true,,stop,stop,4896,596,MSCodeBase 1-L live arm,test567,false
gen-1786747619-dSi2scl6andUsn9xLczE,2026-08-14 22:46:59.969,0.000008,,,,0,95,8,6,0,z-ai/glm-4.7-flash-20260119,DeepInfra,standard,false,true,,stop,stop,414,361,MSCodeBase 1-L live arm,test567,false
gen-1786747611-wJqLtFl2kpvbSuSBpkUi,2026-08-14 22:46:51.494,0.000357,,-0.000008,,0,146,898,885,137,z-ai/glm-4.7-flash-20260119,Novita,standard,false,true,,stop,stop,7890,661,MSCodeBase 1-L live arm,test567,false
gen-1786747603-hKM9HB9O46DXrhK7bI9i,2026-08-14 22:46:43.795,0.000331,,-0.000008,,0,143,834,821,141,z-ai/glm-4.7-flash-20260119,Novita,standard,false,true,,stop,stop,7158,639,MSCodeBase 1-L live arm,test567,false
gen-1786747589-MLqEXaIP7Ik38aQdVN6b,2026-08-14 22:46:29.478,0.000596,,-0.000007,,0,143,1500,1500,128,z-ai/glm-4.7-flash-20260119,Novita,standard,false,true,,length,length,13981,690,MSCodeBase 1-L live arm,test567,false
gen-1786747584-TLAIZ4ibRY825JibhVjm,2026-08-14 22:46:24.549,0.000158,,-0.000008,,0,145,396,383,136,z-ai/glm-4.7-flash-20260119,Novita,standard,false,true,,stop,stop,4418,582,MSCodeBase 1-L live arm,test567,false
gen-1786747568-Z4z4muSauRLLIvENxHtO,2026-08-14 22:46:07.987,0.000433,,,,0,93,1081,1134,0,z-ai/glm-4.7-flash-20260119,Cloudflare,standard,false,true,,stop,stop,16004,539,MSCodeBase 1-L live arm,test567,false
gen-1786747561-ibEP2n7ml0BoN4Fnbvsu,2026-08-14 22:46:01.525,0.000167,,-0.000007,,0,141,417,404,132,z-ai/glm-4.7-flash-20260119,Novita,standard,false,true,,stop,stop,5954,721,MSCodeBase 1-L live arm,test567,false
gen-1786747556-KbRuj29bq6d49m5fExO5,2026-08-14 22:45:56.261,0.000156,,-0.000008,,0,146,391,378,136,z-ai/glm-4.7-flash-20260119,Novita,standard,false,true,,stop,stop,4749,658,MSCodeBase 1-L live arm,test567,false
gen-1786747548-aS4eHxF5GnzKEY5ZUdfT,2026-08-14 22:45:48.461,0.00018,,,,0,91,441,435,0,z-ai/glm-4.7-flash-20260119,Cloudflare,standard,false,true,,stop,stop,7253,1477,MSCodeBase 1-L live arm,test567,false
gen-1786747543-ZMI6JJYCo5ceG4sfLsNa,2026-08-14 22:45:43.403,0.000151,,-0.000007,,0,142,377,364,127,z-ai/glm-4.7-flash-20260119,Novita,standard,false,true,,stop,stop,4525,634,MSCodeBase 1-L live arm,test567,false
gen-1786747534-gPS2SYwOEfw8leBG55JG,2026-08-14 22:45:34.226,0.000184,,-0.000007,,0,145,459,446,128,z-ai/glm-4.7-flash-20260119,Novita,standard,false,true,,stop,stop,8622,3693,MSCodeBase 1-L live arm,test567,false
gen-1786747521-tQoA17Myrubj8zODJAwE,2026-08-14 22:45:21.603,0.000326,,-0.000007,,0,143,819,806,133,z-ai/glm-4.7-flash-20260119,Novita,standard,false,true,,stop,stop,12108,1247,MSCodeBase 1-L live arm,test567,false
gen-1786747516-GrAOjAmGu5RU5WbeGTwj,2026-08-14 22:45:16.648,0.000155,,-0.000007,,0,146,386,373,128,z-ai/glm-4.7-flash-20260119,Novita,standard,false,true,,stop,stop,4398,670,MSCodeBase 1-L live arm,test567,false
gen-1786747510-7STgyRt7rNndHBowZbGb,2026-08-14 22:45:10.775,0.000206,,-0.000007,,0,145,514,501,127,z-ai/glm-4.7-flash-20260119,Novita,standard,false,true,,stop,stop,5320,684,MSCodeBase 1-L live arm,test567,false
gen-1786747509-7kuwhmp5tsWopwIDUFXd,2026-08-14 22:45:09.851,0.000005,,-0.000003,,0,91,8,6,64,z-ai/glm-4.7-flash-20260119,DeepInfra,standard,false,true,,stop,stop,428,352,MSCodeBase 1-L live arm,test567,false
gen-1786747509-uV6EtIom1EZUkSdfxn7H,2026-08-14 22:45:09.035,0.000005,,-0.000003,,0,91,8,6,64,z-ai/glm-4.7-flash-20260119,DeepInfra,standard,false,true,,stop,stop,517,432,MSCodeBase 1-L live arm,test567,false
gen-1786747498-ofmv8HR5yfH3J5hhya4Q,2026-08-14 22:44:58.197,0.000005,,-0.000003,,0,91,8,6,64,z-ai/glm-4.7-flash-20260119,DeepInfra,standard,false,true,,stop,stop,456,374,MSCodeBase 1-L live arm,test567,false
gen-1786747493-vpgiVpFEaNc6D8JBKabK,2026-08-14 22:44:53.249,0.000173,,,,0,94,423,436,0,z-ai/glm-4.7-flash-20260119,Cloudflare,standard,false,true,,stop,stop,4257,593,MSCodeBase 1-L live arm,test567,false
gen-1786747478-XPq3DfrHVeXn5O0kRVAC,2026-08-14 22:44:38.632,0.000132,,,,0,94,320,303,0,z-ai/glm-4.7-flash-20260119,Cloudflare,standard,false,true,,stop,stop,3940,415,MSCodeBase 1-L live arm,test567,false
gen-1786747464-NOFd0ahy5en3TmA04ZTH,2026-08-14 22:44:23.846,0.000595,,-0.000008,,0,146,1500,1500,144,z-ai/glm-4.7-flash-20260119,Novita,standard,false,true,,length,length,14291,670,MSCodeBase 1-L live arm,test567,false
gen-1786747449-Sn3GoiMYsq6cCyrs4ISc,2026-08-14 22:44:09.728,0.000596,,-0.000007,,0,146,1500,1500,127,z-ai/glm-4.7-flash-20260119,Novita,standard,false,true,,length,length,13671,667,MSCodeBase 1-L live arm,test567,false
gen-1786747447-0f8mIA4S5BVinBS4icfp,2026-08-14 22:44:07.883,0.000005,,-0.000003,,0,89,8,5,64,z-ai/glm-4.7-flash-20260119,DeepInfra,standard,false,true,,stop,stop,1125,869,MSCodeBase 1-L live arm,test567,false
gen-1786747446-LpKOm9B4jC5sjutFhXed,2026-08-14 22:44:06.607,0.000005,,-0.000003,,0,89,8,6,64,z-ai/glm-4.7-flash-20260119,DeepInfra,standard,false,true,,stop,stop,777,616,MSCodeBase 1-L live arm,test567,false
gen-1786747435-KgIYfbuwH5oKfW17Jj9W,2026-08-14 22:43:55.215,0.000005,,-0.000003,,0,89,8,6,64,z-ai/glm-4.7-flash-20260119,DeepInfra,standard,false,true,,stop,stop,798,712,MSCodeBase 1-L live arm,test567,false
gen-1786747419-rLbbnEgfTLKRqBmMiorO,2026-08-14 22:43:39.900,0.00014,,,,0,91,340,349,0,z-ai/glm-4.7-flash-20260119,Cloudflare,standard,false,true,,stop,stop,4445,148,MSCodeBase 1-L live arm,test567,false
gen-1786747418-SSYfo32CkMjVs2xKktHC,2026-08-14 22:43:38.630,0.000005,,-0.000003,,0,92,8,5,64,z-ai/glm-4.7-flash-20260119,Novita,standard,false,true,,stop,stop,565,487,MSCodeBase 1-L live arm,test567,false
gen-1786747417-DSWVL9aHY5VoW3Sv21c2,2026-08-14 22:43:37.132,0.000005,,-0.000003,,0,92,8,5,64,z-ai/glm-4.7-flash-20260119,Novita,standard,false,true,,stop,stop,991,917,MSCodeBase 1-L live arm,test567,false
gen-1786747416-01JC1QXVxwfI4pmi6uFR,2026-08-14 22:43:36.027,0.000005,,-0.000003,,0,92,8,5,64,z-ai/glm-4.7-flash-20260119,Novita,standard,false,true,,stop,stop,571,491,MSCodeBase 1-L live arm,test567,false
gen-1786747410-hlJK8sZgNx3SeX4nfkzs,2026-08-14 22:43:30.725,0.00019,,-0.000007,,0,148,473,460,127,z-ai/glm-4.7-flash-20260119,Novita,standard,false,true,,stop,stop,4536,656,MSCodeBase 1-L live arm,test567,false
gen-1786747393-1zWze1a0eMmkSd5Zu29s,2026-08-14 22:43:13.830,0.00042,,,,0,94,1048,1061,0,z-ai/glm-4.7-flash-20260119,Cloudflare,standard,false,true,,stop,stop,16112,149,MSCodeBase 1-L live arm,test567,false
gen-1786747392-GOEkXQJwkgchitUnC0hn,2026-08-14 22:43:12.332,0.000005,,-0.000003,,0,95,8,5,64,z-ai/glm-4.7-flash-20260119,DeepInfra,standard,false,true,,stop,stop,807,727,MSCodeBase 1-L live arm,test567,false
gen-1786747391-WmcwJUMhRHkkeao9zlRL,2026-08-14 22:43:11.338,0.000005,,-0.000003,,0,95,8,5,64,z-ai/glm-4.7-flash-20260119,DeepInfra,standard,false,true,,stop,stop,482,412,MSCodeBase 1-L live arm,test567,false
gen-1786747390-B1dcci5RxmXCrUbzGddB,2026-08-14 22:43:10.331,0.000005,,-0.000003,,0,95,8,5,64,z-ai/glm-4.7-flash-20260119,DeepInfra,standard,false,true,,stop,stop,487,421,MSCodeBase 1-L live arm,test567,false
gen-1786747384-sbD1GIaNyA6VBSydKMBv,2026-08-14 22:43:04.754,0.000203,,-0.000007,,0,145,507,494,127,z-ai/glm-4.7-flash-20260119,Novita,standard,false,true,,stop,stop,4804,630,MSCodeBase 1-L live arm,test567,false
gen-1786747370-RasDqFlOF4GhNMuOYTua,2026-08-14 22:42:50.932,0.000329,,-0.000007,,0,144,826,813,127,z-ai/glm-4.7-flash-20260119,Novita,standard,false,true,,stop,stop,12957,798,MSCodeBase 1-L live arm,test567,false
gen-1786747359-utrruCYmYHa3DNvJL6GG,2026-08-14 22:42:39.604,0.000441,,-0.000007,,0,145,1108,1095,127,z-ai/glm-4.7-flash-20260119,Novita,standard,false,true,,stop,stop,10569,648,MSCodeBase 1-L live arm,test567,false
gen-1786747353-i8wEngFsXlvjvkJtjFsf,2026-08-14 22:42:33.582,0.000142,,,,0,92,346,344,0,z-ai/glm-4.7-flash-20260119,Cloudflare,standard,false,true,,stop,stop,5244,176,MSCodeBase 1-L live arm,test567,false
gen-1786747344-I3us2GBdoJ7e4tWl6e2g,2026-08-14 22:42:24.621,0.000312,,-0.000007,,0,145,783,770,127,z-ai/glm-4.7-flash-20260119,Novita,standard,false,true,,stop,stop,8196,584,MSCodeBase 1-L live arm,test567,false
gen-1786747300-n9zSKRUxxxcyHoMZkbGs,2026-08-14 22:41:40.481,0.000233,,,,0,92,575,586,0,z-ai/glm-4.7-flash-20260119,Cloudflare,standard,false,true,,stop,stop,33298,141,MSCodeBase 1-L live arm,test567,false
gen-1786747292-SAVrZ8aqMw2ylXqH7RXP,2026-08-14 22:41:32.704,0.000194,,-0.000007,,0,141,486,473,127,z-ai/glm-4.7-flash-20260119,Novita,standard,false,true,,stop,stop,7035,898,MSCodeBase 1-L live arm,test567,false
gen-1786747287-XSxgOj5bLMpBdFOJHjp1,2026-08-14 22:41:27.029,0.000127,,-0.000007,,0,147,315,302,128,z-ai/glm-4.7-flash-20260119,Novita,standard,false,true,,stop,stop,4934,696,MSCodeBase 1-L live arm,test567,false
gen-1786747279-pYmg6mA7QcaFHGcl0ymX,2026-08-14 22:41:19.201,0.000182,,-0.000007,,0,142,455,442,127,z-ai/glm-4.7-flash-20260119,Novita,standard,false,true,,stop,stop,7084,726,MSCodeBase 1-L live arm,test567,false
gen-1786747273-DAPvueG2zsMa6jtmfIg5,2026-08-14 22:41:13.152,0.000254,,,,0,92,629,569,0,z-ai/glm-4.7-flash-20260119,Cloudflare,standard,false,true,,stop,stop,5239,227,MSCodeBase 1-L live arm,test567,false
gen-1786747271-5OmUMuTeydraSzD4vlOg,2026-08-14 22:41:11.910,0.000005,,-0.000003,,0,89,8,6,64,z-ai/glm-4.7-flash-20260119,DeepInfra,standard,false,true,,stop,stop,516,454,MSCodeBase 1-L live arm,test567,false
gen-1786747270-pVkZ2kyoA7JRXVZaJIRu,2026-08-14 22:41:10.678,0.000005,,-0.000003,,0,89,8,6,64,z-ai/glm-4.7-flash-20260119,DeepInfra,standard,false,true,,stop,stop,720,634,MSCodeBase 1-L live arm,test567,false
gen-1786747259-ULCcjDBwmq3eEQoilFyj,2026-08-14 22:40:59.652,0.000005,,-0.000003,,0,89,8,6,64,z-ai/glm-4.7-flash-20260119,DeepInfra,standard,false,true,,stop,stop,407,326,MSCodeBase 1-L live arm,test567,false
gen-1786747258-nCkDtUU3CxCBufKD3UNr,2026-08-14 22:40:58.436,0.000005,,-0.000003,,0,91,8,5,64,z-ai/glm-4.7-flash-20260119,DeepInfra,standard,false,true,,stop,stop,496,429,MSCodeBase 1-L live arm,test567,false
gen-1786747257-Y2xNDlNd9zOt3jZ6Xkm9,2026-08-14 22:40:57.461,0.000008,,,,0,91,8,5,0,z-ai/glm-4.7-flash-20260119,DeepInfra,standard,false,true,,stop,stop,436,359,MSCodeBase 1-L live arm,test567,false
gen-1786747256-YgX9YAwaynfMqo4xIY8j,2026-08-14 22:40:56.549,0.000005,,-0.000003,,0,91,8,5,64,z-ai/glm-4.7-flash-20260119,DeepInfra,standard,false,true,,stop,stop,405,334,MSCodeBase 1-L live arm,test567,false
gen-1786747247-5b3qYqCxJ31liFZdS6M5,2026-08-14 22:40:47.996,0.000291,,-0.000007,,0,142,730,717,127,z-ai/glm-4.7-flash-20260119,Novita,standard,false,true,,stop,stop,7808,732,MSCodeBase 1-L live arm,test567,false
gen-1786747242-TXPIato1bw0k9cxdXVU1,2026-08-14 22:40:42.847,0.000127,,-0.000007,,0,147,315,302,127,z-ai/glm-4.7-flash-20260119,Novita,standard,false,true,,stop,stop,4408,657,MSCodeBase 1-L live arm,test567,false
gen-1786747238-m6GwckjpISWIm4C6MSau,2026-08-14 22:40:38.798,0.000154,,,,0,97,376,355,0,z-ai/glm-4.7-flash-20260119,Cloudflare,standard,false,true,,stop,stop,3275,145,MSCodeBase 1-L live arm,test567,false
gen-1786747234-mqtCT4lZYPyzq5mjEvmR,2026-08-14 22:40:34.501,0.000121,,,,0,92,293,282,0,z-ai/glm-4.7-flash-20260119,Cloudflare,standard,false,true,,stop,stop,3511,133,MSCodeBase 1-L live arm,test567,false
gen-1786747233-hyOQ6wRLkm8capE1nfm4,2026-08-14 22:40:33.028,0.000005,,-0.000003,,0,91,8,6,64,z-ai/glm-4.7-flash-20260119,DeepInfra,standard,false,true,,stop,stop,767,715,MSCodeBase 1-L live arm,test567,false
gen-1786747232-LBFNUa0oKIfosdaETASx,2026-08-14 22:40:32.120,0.000005,,-0.000003,,0,91,8,6,64,z-ai/glm-4.7-flash-20260119,DeepInfra,standard,false,true,,stop,stop,398,325,MSCodeBase 1-L live arm,test567,false
gen-1786747230-DhAlbvEIASDlEhEnC2Ga,2026-08-14 22:40:30.621,0.000008,,,,0,91,8,6,0,z-ai/glm-4.7-flash-20260119,DeepInfra,standard,false,true,,stop,stop,984,935,MSCodeBase 1-L live arm,test567,false
gen-1786747222-qvSNPFEk46bbLoR58WVK,2026-08-14 22:40:22.054,0.000245,,-0.000003,,0,146,602,589,56,z-ai/glm-4.7-flash-20260119,Novita,standard,false,true,,stop,stop,7831,679,MSCodeBase 1-L live arm,test567,false
gen-1786747215-vwu0fgBhIYw7KIvQqpFc,2026-08-14 22:40:15.154,0.000214,,,,0,92,528,550,0,z-ai/glm-4.7-flash-20260119,Cloudflare,standard,false,true,,stop,stop,6127,263,MSCodeBase 1-L live arm,test567,false
gen-1786747209-QuMzoogXacNmGjUCVt6M,2026-08-14 22:40:09.741,0.000143,,,,0,90,350,346,0,z-ai/glm-4.7-flash-20260119,Cloudflare,standard,false,true,,stop,stop,4657,119,MSCodeBase 1-L live arm,test567,false
gen-1786747203-nBH7b3VHuZf5Sdm9eGnO,2026-08-14 22:40:03.659,0.000158,,,,0,96,385,384,0,z-ai/glm-4.7-flash-20260119,Cloudflare,standard,false,true,,stop,stop,5329,121,MSCodeBase 1-L live arm,test567,false
gen-1786747194-xiNC0nGjNFYX09CBC4lN,2026-08-14 22:39:54.298,0.000247,,,,0,91,611,610,0,z-ai/glm-4.7-flash-20260119,Cloudflare,standard,false,true,,stop,stop,8407,146,MSCodeBase 1-L live arm,test567,false
gen-1786747188-QzEEfl7yc0lLS63WCLpe,2026-08-14 22:39:48.106,0.000156,,-0.000007,,0,145,389,376,127,z-ai/glm-4.7-flash-20260119,Novita,standard,false,true,,stop,stop,5415,770,MSCodeBase 1-L live arm,test567,false
gen-1786747181-YxhXbt3P5iGh6cQ2QHSO,2026-08-14 22:39:41.678,0.000164,,,,0,95,402,407,0,z-ai/glm-4.7-flash-20260119,Cloudflare,standard,false,true,,stop,stop,5612,316,MSCodeBase 1-L live arm,test567,false
gen-1786747154-BcYNcJB7nkbAZJMH3UZB,2026-08-14 22:39:14.070,0.000445,,,,0,91,1111,1163,0,z-ai/glm-4.7-flash-20260119,Cloudflare,standard,false,true,,stop,stop,16610,201,MSCodeBase 1-L live arm,test567,false
gen-1786747146-oOzz5aIz7hiGzwTnIwK8,2026-08-14 22:39:06.631,0.000188,,,,0,94,461,472,0,z-ai/glm-4.7-flash-20260119,Cloudflare,standard,false,true,,stop,stop,6640,126,MSCodeBase 1-L live arm,test567,false
gen-1786747139-YU91o3PPM6seVfSBoq5z,2026-08-14 22:38:59.086,0.000099,,,,0,139,742,726,0,qwen/qwen3.7-flash-20260727,Alibaba,standard,false,true,,stop,stop,7208,538,MSCodeBase 1-L live arm,test567,false
gen-1786747131-XkLztWw2f2YHFUjy1lI3,2026-08-14 22:38:51.374,0.000102,,,,0,144,766,755,0,qwen/qwen3.7-flash-20260727,Alibaba,standard,false,true,,stop,stop,7219,534,MSCodeBase 1-L live arm,test567,false
gen-1786747123-6HF3kLKtKvHUkIRvzcfS,2026-08-14 22:38:43.754,0.00011,,,,0,144,829,818,0,qwen/qwen3.7-flash-20260727,Alibaba,standard,false,true,,stop,stop,7132,463,MSCodeBase 1-L live arm,test567,false
gen-1786747117-yP6iuLD8MZ2IEZEkEQsa,2026-08-14 22:38:37.347,0.000086,,,,0,141,642,626,0,qwen/qwen3.7-flash-20260727,Alibaba,standard,false,true,,stop,stop,5908,475,MSCodeBase 1-L live arm,test567,false
gen-1786747111-5HcpnafGCjuuGH9yTYfv,2026-08-14 22:38:31.990,0.000073,,,,0,142,541,525,0,qwen/qwen3.7-flash-20260727,Alibaba,standard,false,true,,stop,stop,4869,754,MSCodeBase 1-L live arm,test567,false
gen-1786747102-kfbqGufA8UlnZ3EQEgRE,2026-08-14 22:38:22.547,0.00014,,,,0,141,1057,1041,0,qwen/qwen3.7-flash-20260727,Alibaba,standard,false,true,,stop,stop,8946,488,MSCodeBase 1-L live arm,test567,false
gen-1786747099-pD8xlfG0fq1preDUvbGv,2026-08-14 22:38:19.045,0.00004,,,,0,144,280,265,0,qwen/qwen3.7-flash-20260727,Alibaba,standard,false,true,,stop,stop,3017,704,MSCodeBase 1-L live arm,test567,false
gen-1786747090-ptgyq04Ef2ljmYOMYY9t,2026-08-14 22:38:10.906,0.00012,,,,0,138,906,890,0,qwen/qwen3.7-flash-20260727,Alibaba,standard,false,true,,stop,stop,7630,656,MSCodeBase 1-L live arm,test567,false
gen-1786747084-4ZRer0ivFFAfe37kdB3k,2026-08-14 22:38:04.905,0.000094,,,,0,143,700,689,0,qwen/qwen3.7-flash-20260727,Alibaba,standard,false,true,,stop,stop,5479,585,MSCodeBase 1-L live arm,test567,false
gen-1786747078-m0LRO2WVoovd1UKRisld,2026-08-14 22:37:58.333,0.000089,,,,0,141,659,644,0,qwen/qwen3.7-flash-20260727,Alibaba,standard,false,true,,stop,stop,6084,707,MSCodeBase 1-L live arm,test567,false
gen-1786747074-nZ4Sdh7UZRUEDtxpeHV3,2026-08-14 22:37:54.009,0.000059,,,,0,141,431,420,0,qwen/qwen3.7-flash-20260727,Alibaba,standard,false,true,,stop,stop,3826,616,MSCodeBase 1-L live arm,test567,false
gen-1786747068-tTAbA0eZutTmq7ZimHE8,2026-08-14 22:37:48.261,0.000083,,,,0,143,614,603,0,qwen/qwen3.7-flash-20260727,Alibaba,standard,false,true,,stop,stop,5259,627,MSCodeBase 1-L live arm,test567,false
gen-1786747065-BRqJeyUj0yEexP9kOQLU,2026-08-14 22:37:45.506,0.000037,,,,0,141,260,249,0,qwen/qwen3.7-flash-20260727,Alibaba,standard,false,true,,stop,stop,2260,670,MSCodeBase 1-L live arm,test567,false
gen-1786747060-NpVoh0SI42nL0tUCWJ5u,2026-08-14 22:37:40.320,0.000083,,,,0,142,614,603,0,qwen/qwen3.7-flash-20260727,Alibaba,standard,false,true,,stop,stop,4668,648,MSCodeBase 1-L live arm,test567,false
gen-1786747054-BhI4RMoOgiWP0dLUynua,2026-08-14 22:37:34.567,0.000082,,,,0,144,608,597,0,qwen/qwen3.7-flash-20260727,Alibaba,standard,false,true,,stop,stop,5251,495,MSCodeBase 1-L live arm,test567,false
gen-1786747045-DSHpJ2Y3EELNtcOTctGu,2026-08-14 22:37:25.176,0.000133,,,,0,141,1006,990,0,qwen/qwen3.7-flash-20260727,Alibaba,standard,false,true,,stop,stop,8890,638,MSCodeBase 1-L live arm,test567,false
gen-1786747039-aPtjwcyf8Up5eVAubCRx,2026-08-14 22:37:19.424,0.000078,,,,0,143,578,567,0,qwen/qwen3.7-flash-20260727,Alibaba,standard,false,true,,stop,stop,5245,618,MSCodeBase 1-L live arm,test567,false
gen-1786747027-SmdAHbhTbVPjtqZorpPF,2026-08-14 22:37:07.194,0.000197,,,,0,143,1502,1500,0,qwen/qwen3.7-flash-20260727,Alibaba,standard,false,true,,length,length,11933,678,MSCodeBase 1-L live arm,test567,false
gen-1786747023-3p0NeXxlO6qm0APUzXrx,2026-08-14 22:37:03.014,0.000052,,,,0,143,375,364,0,qwen/qwen3.7-flash-20260727,Alibaba,standard,false,true,,stop,stop,3680,626,MSCodeBase 1-L live arm,test567,false
gen-1786747017-oi5Y5887CVGdNIoKeOY2,2026-08-14 22:36:57.152,0.00009,,,,0,139,673,662,0,qwen/qwen3.7-flash-20260727,Alibaba,standard,false,true,,stop,stop,5355,750,MSCodeBase 1-L live arm,test567,false
gen-1786747012-awU9tBfCX5cTrJLthmzX,2026-08-14 22:36:52.173,0.000075,,,,0,141,554,543,0,qwen/qwen3.7-flash-20260727,Alibaba,standard,false,true,,stop,stop,4396,609,MSCodeBase 1-L live arm,test567,false
gen-1786747006-jpPO6nyRIKxe5QGXqSXa,2026-08-14 22:36:46.212,0.000082,,,,0,141,608,597,0,qwen/qwen3.7-flash-20260727,Alibaba,standard,false,true,,stop,stop,5459,659,MSCodeBase 1-L live arm,test567,false
gen-1786746996-w11xc3VfUIokKHa7ZUFD,2026-08-14 22:36:36.780,0.000143,,,,0,144,1085,1069,0,qwen/qwen3.7-flash-20260727,Alibaba,standard,false,true,,stop,stop,8917,706,MSCodeBase 1-L live arm,test567,false
gen-1786746991-1linqWiYrZOjKHa7tfhE,2026-08-14 22:36:31.792,0.00007,,,,0,143,515,504,0,qwen/qwen3.7-flash-20260727,Alibaba,standard,false,true,,stop,stop,4472,497,MSCodeBase 1-L live arm,test567,false
gen-1786746986-KYf4iNyEAuEbfGAxJINU,2026-08-14 22:36:26.796,0.000071,,,,0,144,522,511,0,qwen/qwen3.7-flash-20260727,Alibaba,standard,false,true,,stop,stop,4505,569,MSCodeBase 1-L live arm,test567,false
gen-1786746981-6CpLfllSCPTuDmhUsef2,2026-08-14 22:36:21.464,0.000073,,,,0,142,535,524,0,qwen/qwen3.7-flash-20260727,Alibaba,standard,false,true,,stop,stop,4809,648,MSCodeBase 1-L live arm,test567,false
gen-1786746968-ve7w81dhLcDdWWEhQzTs,2026-08-14 22:36:08.273,0.000197,,,,0,142,1502,1500,0,qwen/qwen3.7-flash-20260727,Alibaba,standard,false,true,,length,length,12557,728,MSCodeBase 1-L live arm,test567,false
gen-1786746959-Mhn0nXvh9JXYJCKm7qhO,2026-08-14 22:35:59.740,0.000109,,,,0,141,816,801,0,qwen/qwen3.7-flash-20260727,Alibaba,standard,false,true,,stop,stop,8039,698,MSCodeBase 1-L live arm,test567,false
gen-1786746951-xesbfwFzrqenlvDEp1W7,2026-08-14 22:35:51.081,0.000119,,,,0,144,895,884,0,qwen/qwen3.7-flash-20260727,Alibaba,standard,false,true,,stop,stop,8165,724,MSCodeBase 1-L live arm,test567,false
gen-1786746940-iqE5wN0px2r4qxb7yAXp,2026-08-14 22:35:40.019,0.000163,,,,0,144,1237,1226,0,qwen/qwen3.7-flash-20260727,Alibaba,standard,false,true,,stop,stop,10560,570,MSCodeBase 1-L live arm,test567,false
gen-1786746927-YqHe9JvC1jpeTa0qJdan,2026-08-14 22:35:27.053,0.000182,,,,0,143,1384,1368,0,qwen/qwen3.7-flash-20260727,Alibaba,standard,false,true,,stop,stop,12477,512,MSCodeBase 1-L live arm,test567,false
gen-1786746914-OVOISMQvKq5GujKXVnfa,2026-08-14 22:35:14.038,0.000194,,,,0,143,1477,1461,0,qwen/qwen3.7-flash-20260727,Alibaba,standard,false,true,,stop,stop,12507,482,MSCodeBase 1-L live arm,test567,false
gen-1786746908-suHLrGcDcffZTecW1481,2026-08-14 22:35:08.285,0.000086,,,,0,139,642,631,0,qwen/qwen3.7-flash-20260727,Alibaba,standard,false,true,,stop,stop,5262,549,MSCodeBase 1-L live arm,test567,false
gen-1786746900-EvlkiPVOAH0alni1IyHM,2026-08-14 22:35:00.472,0.000116,,,,0,144,870,859,0,qwen/qwen3.7-flash-20260727,Alibaba,standard,false,true,,stop,stop,7290,509,MSCodeBase 1-L live arm,test567,false
gen-1786746885-BT0LHveWmGnNmblVVm5G,2026-08-14 22:34:45.948,0.000197,,,,0,144,1502,1500,0,qwen/qwen3.7-flash-20260727,Alibaba,standard,false,true,,length,length,14222,727,MSCodeBase 1-L live arm,test567,false
gen-1786746875-sPnb6LmnJOSqsEyBlJoj,2026-08-14 22:34:35.704,0.000152,,,,0,139,1151,1140,0,qwen/qwen3.7-flash-20260727,Alibaba,standard,false,true,,stop,stop,9739,536,MSCodeBase 1-L live arm,test567,false
gen-1786746868-RGfObZMZsJ34lydOZhVY,2026-08-14 22:34:28.222,0.000108,,,,0,141,810,799,0,qwen/qwen3.7-flash-20260727,Alibaba,standard,false,true,,stop,stop,6993,816,MSCodeBase 1-L live arm,test567,false
gen-1786746862-rJmXMJD5y5lq6j6PDRyE,2026-08-14 22:34:22.021,0.000085,,,,0,138,634,623,0,qwen/qwen3.7-flash-20260727,Alibaba,standard,false,true,,stop,stop,5702,709,MSCodeBase 1-L live arm,test567,false
gen-1786746852-zVgXlroCb5M7OUhoAnkG,2026-08-14 22:34:12.904,0.000143,,,,0,142,1081,1070,0,qwen/qwen3.7-flash-20260727,Alibaba,standard,false,true,,stop,stop,8611,468,MSCodeBase 1-L live arm,test567,false
gen-1786746843-asgsSuyWMNHoCcwgjF2a,2026-08-14 22:34:03.199,0.000134,,,,0,141,1014,1003,0,qwen/qwen3.7-flash-20260727,Alibaba,standard,false,true,,stop,stop,9160,570,MSCodeBase 1-L live arm,test567,false
gen-1786746839-3w98PNRkCsw3TiUEaPrx,2026-08-14 22:33:59.244,0.000049,,,,0,142,349,338,0,qwen/qwen3.7-flash-20260727,Alibaba,standard,false,true,,stop,stop,3476,460,MSCodeBase 1-L live arm,test567,false
gen-1786746832-o0m7qLMBijmOZxzs6b4I,2026-08-14 22:33:52.723,0.000092,,,,0,146,683,672,0,qwen/qwen3.7-flash-20260727,Alibaba,standard,false,true,,stop,stop,5896,659,MSCodeBase 1-L live arm,test567,false
gen-1786746821-ZkhNtOtM3ESKkRoSTwjA,2026-08-14 22:33:41.921,0.000165,,,,0,142,1254,1243,0,qwen/qwen3.7-flash-20260727,Alibaba,standard,false,true,,stop,stop,10190,472,MSCodeBase 1-L live arm,test567,false
gen-1786746814-hU0A1n8czPmGm5rxfOLa,2026-08-14 22:33:34.524,0.000099,,,,0,141,740,729,0,qwen/qwen3.7-flash-20260727,Alibaba,standard,false,true,,stop,stop,6844,540,MSCodeBase 1-L live arm,test567,false
gen-1786746805-FRA0OzA3I2t0ofHOEUvO,2026-08-14 22:33:25.353,0.000136,,,,0,143,1029,1018,0,qwen/qwen3.7-flash-20260727,Alibaba,standard,false,true,,stop,stop,8676,571,MSCodeBase 1-L live arm,test567,false
gen-1786746795-RWWYhrMK0KYf7izenDfA,2026-08-14 22:33:15.948,0.000139,,,,0,146,1048,1037,0,qwen/qwen3.7-flash-20260727,Alibaba,standard,false,true,,stop,stop,8910,468,MSCodeBase 1-L live arm,test567,false
gen-1786746790-xFVLWRiX1VH0tBMN4vhI,2026-08-14 22:33:10.360,0.000076,,,,0,144,560,545,0,qwen/qwen3.7-flash-20260727,Alibaba,standard,false,true,,stop,stop,5062,617,MSCodeBase 1-L live arm,test567,false
gen-1786746781-yqeH6YKsvnnE4Or5tpZp,2026-08-14 22:33:01.258,0.000123,,,,0,155,925,909,0,qwen/qwen3.7-flash-20260727,Alibaba,standard,false,true,,stop,stop,8606,696,MSCodeBase 1-L live arm,test567,false
gen-1786746773-lV98BQ5IUcFEIrRAZ2cl,2026-08-14 22:32:53.828,0.000112,,,,0,148,843,827,0,qwen/qwen3.7-flash-20260727,Alibaba,standard,false,true,,stop,stop,6922,726,MSCodeBase 1-L live arm,test567,false
gen-1786746767-SBnWFz3HWhKh5aoJxTR4,2026-08-14 22:32:47.214,0.000097,,,,0,149,721,705,0,qwen/qwen3.7-flash-20260727,Alibaba,standard,false,true,,stop,stop,6124,478,MSCodeBase 1-L live arm,test567,false
gen-1786746762-DwGoum3wZwqhtWOszI3W,2026-08-14 22:32:42.379,0.000068,,,,0,153,497,482,0,qwen/qwen3.7-flash-20260727,Alibaba,standard,false,true,,stop,stop,4329,470,MSCodeBase 1-L live arm,test567,false
gen-1786746754-H1QG2htQk26S0P0bwbuR,2026-08-14 22:32:34.364,0.000111,,,,0,147,835,820,0,qwen/qwen3.7-flash-20260727,Alibaba,standard,false,true,,stop,stop,7518,466,MSCodeBase 1-L live arm,test567,false
gen-1786746746-fWk5IrnPy3THA0giP6VO,2026-08-14 22:32:26.568,0.000119,,,,0,149,894,883,0,qwen/qwen3.7-flash-20260727,Alibaba,standard,false,true,,stop,stop,7251,584,MSCodeBase 1-L live arm,test567,false
gen-1786746738-4D3BOdK3et4AoN1uolHW,2026-08-14 22:32:18.468,0.00011,,,,0,102,835,819,0,qwen/qwen3.7-flash-20260727,Alibaba,standard,false,true,,stop,stop,7813,786,MSCodeBase 1-L live arm,test567,false
gen-1786746731-tj7GC7A7XINeqITcwKK9,2026-08-14 22:32:11.901,0.000082,,,,0,107,614,598,0,qwen/qwen3.7-flash-20260727,Alibaba,standard,false,true,,stop,stop,6077,624,MSCodeBase 1-L live arm,test567,false
gen-1786746726-IAw2V31IHSlfUMe95MDU,2026-08-14 22:32:06.177,0.000071,,,,0,107,530,514,0,qwen/qwen3.7-flash-20260727,Alibaba,standard,false,true,,stop,stop,5221,707,MSCodeBase 1-L live arm,test567,false
gen-1786746718-BXT7uVh5Y0bKl4vLeWzY,2026-08-14 22:31:58.842,0.000096,,,,0,104,728,712,0,qwen/qwen3.7-flash-20260727,Alibaba,standard,false,true,,stop,stop,6835,630,MSCodeBase 1-L live arm,test567,false
gen-1786746709-Wih9NBzraxy2BUSasGM3,2026-08-14 22:31:49.866,0.000124,,,,0,105,944,928,0,qwen/qwen3.7-flash-20260727,Alibaba,standard,false,true,,stop,stop,8275,633,MSCodeBase 1-L live arm,test567,false
gen-1786746705-LytdavPIdAxPJFgTvPa7,2026-08-14 22:31:45.026,0.000069,,,,0,104,514,498,0,qwen/qwen3.7-flash-20260727,Alibaba,standard,false,true,,stop,stop,4334,474,MSCodeBase 1-L live arm,test567,false
gen-1786746697-F9RXb8kNQ3VWdm8oMOCn,2026-08-14 22:31:37.410,0.000107,,,,0,107,813,797,0,qwen/qwen3.7-flash-20260727,Alibaba,standard,false,true,,stop,stop,7113,478,MSCodeBase 1-L live arm,test567,false
gen-1786746690-wRnoYTbZHWtgTdmUomBq,2026-08-14 22:31:30.265,0.000087,,,,0,101,655,644,0,qwen/qwen3.7-flash-20260727,Alibaba,standard,false,true,,stop,stop,6615,830,MSCodeBase 1-L live arm,test567,false
gen-1786746682-Qf6PUW9nrhSyzykM6Z3s,2026-08-14 22:31:22.537,0.000089,,,,0,105,674,663,0,qwen/qwen3.7-flash-20260727,Alibaba,standard,false,true,,stop,stop,7233,470,MSCodeBase 1-L live arm,test567,false
gen-1786746673-0vxcEwPryZYtNpBAgVFw,2026-08-14 22:31:13.086,0.000125,,,,0,104,954,939,0,qwen/qwen3.7-flash-20260727,Alibaba,standard,false,true,,stop,stop,8900,1068,MSCodeBase 1-L live arm,test567,false
gen-1786746668-fxn5motGZp8Xk9LGhmbO,2026-08-14 22:31:08.147,0.000058,,,,0,105,427,411,0,qwen/qwen3.7-flash-20260727,Alibaba,standard,false,true,,stop,stop,4444,637,MSCodeBase 1-L live arm,test567,false
gen-1786746661-3a7uEyjWKyx5nPXMMZsd,2026-08-14 22:31:01.966,0.000082,,,,0,105,618,603,0,qwen/qwen3.7-flash-20260727,Alibaba,standard,false,true,,stop,stop,5671,632,MSCodeBase 1-L live arm,test567,false
gen-1786746655-cWy9cdAJ9HnDkYAftnsG,2026-08-14 22:30:55.144,0.000089,,,,0,104,668,653,0,qwen/qwen3.7-flash-20260727,Alibaba,standard,false,true,,stop,stop,6327,857,MSCodeBase 1-L live arm,test567,false
gen-1786746651-ur8BLAKV73iyznF2tmn4,2026-08-14 22:30:51.194,0.000061,,,,0,105,450,434,0,qwen/qwen3.7-flash-20260727,Alibaba,standard,false,true,,stop,stop,3445,442,MSCodeBase 1-L live arm,test567,false
gen-1786746639-YBX4yiW4YHETEKh0ZAsi,2026-08-14 22:30:39.806,0.000156,,,,0,107,1193,1177,0,qwen/qwen3.7-flash-20260727,Alibaba,standard,false,true,,stop,stop,10902,499,MSCodeBase 1-L live arm,test567,false
gen-1786746626-Dk7sJKkuc5XMe1NF7C8Q,2026-08-14 22:30:26.879,0.00018,,,,0,104,1375,1360,0,qwen/qwen3.7-flash-20260727,Alibaba,standard,false,true,,stop,stop,12371,535,MSCodeBase 1-L live arm,test567,false
gen-1786746618-kdoSas6DeErfpAH0XzmU,2026-08-14 22:30:18.204,0.000129,,,,0,106,979,963,0,qwen/qwen3.7-flash-20260727,Alibaba,standard,false,true,,stop,stop,8183,683,MSCodeBase 1-L live arm,test567,false
gen-1786746611-RfveGTkCLJ5SvVsfoAUk,2026-08-14 22:30:11.016,0.000106,,,,0,106,803,792,0,qwen/qwen3.7-flash-20260727,Alibaba,standard,false,true,,stop,stop,6690,633,MSCodeBase 1-L live arm,test567,false
gen-1786746606-KiJRaewtIFb5clTcwjzF,2026-08-14 22:30:06.269,0.000052,,,,0,102,385,374,0,qwen/qwen3.7-flash-20260727,Alibaba,standard,false,true,,stop,stop,4260,645,MSCodeBase 1-L live arm,test567,false
gen-1786746598-Vp3ORrjyzV4TRR6VsnSH,2026-08-14 22:29:58.268,0.000119,,,,0,104,902,891,0,qwen/qwen3.7-flash-20260727,Alibaba,standard,false,true,,stop,stop,7485,471,MSCodeBase 1-L live arm,test567,false
gen-1786746594-oCuGLuWL5ZqAWsWc41Ss,2026-08-14 22:29:54.004,0.000057,,,,0,104,424,408,0,qwen/qwen3.7-flash-20260727,Alibaba,standard,false,true,,stop,stop,3770,738,MSCodeBase 1-L live arm,test567,false
gen-1786746584-zzn1aynBZVlNfi30sN34,2026-08-14 22:29:44.468,0.000139,,,,0,106,1063,1048,0,qwen/qwen3.7-flash-20260727,Alibaba,standard,false,true,,stop,stop,9009,546,MSCodeBase 1-L live arm,test567,false
gen-1786746579-Wy0zbYBleqqAR1Kyi8XU,2026-08-14 22:29:38.998,0.000068,,,,0,106,508,497,0,qwen/qwen3.7-flash-20260727,Alibaba,standard,false,true,,stop,stop,4963,476,MSCodeBase 1-L live arm,test567,false
gen-1786746573-qBdtfPuECIAIm6L0CTCq,2026-08-14 22:29:33.872,0.000069,,,,0,106,516,501,0,qwen/qwen3.7-flash-20260727,Alibaba,standard,false,true,,stop,stop,4618,685,MSCodeBase 1-L live arm,test567,false
gen-1786746570-50jt4P20MX8LFSmYJsY0,2026-08-14 22:29:30.482,0.000031,,,,0,106,224,209,0,qwen/qwen3.7-flash-20260727,Alibaba,standard,false,true,,stop,stop,2900,689,MSCodeBase 1-L live arm,test567,false
gen-1786746564-QsbmgTZd4Ilv5BenZosd,2026-08-14 22:29:24.313,0.000076,,,,0,104,572,557,0,qwen/qwen3.7-flash-20260727,Alibaba,standard,false,true,,stop,stop,5637,629,MSCodeBase 1-L live arm,test567,false
gen-1786746557-ZKCvMX5mXhQCuX68V3QK,2026-08-14 22:29:17.943,0.000095,,,,0,106,717,701,0,qwen/qwen3.7-flash-20260727,Alibaba,standard,false,true,,stop,stop,5874,480,MSCodeBase 1-L live arm,test567,false
gen-1786746547-tf9aCJfCL4zfcqKa6pwh,2026-08-14 22:29:07.711,0.000158,,,,0,105,1204,1188,0,qwen/qwen3.7-flash-20260727,Alibaba,standard,false,true,,stop,stop,9731,742,MSCodeBase 1-L live arm,test567,false
gen-1786746538-EDVyOxiYxckVgv7DdZU6,2026-08-14 22:28:58.750,0.000128,,,,0,105,974,958,0,qwen/qwen3.7-flash-20260727,Alibaba,standard,false,true,,stop,stop,8470,705,MSCodeBase 1-L live arm,test567,false
gen-1786746534-gZa1uY5cJlwaGJZTRicG,2026-08-14 22:28:54.203,0.000053,,,,0,106,391,380,0,qwen/qwen3.7-flash-20260727,Alibaba,standard,false,true,,stop,stop,4060,569,MSCodeBase 1-L live arm,test567,false
gen-1786746527-czA32M3lfQ2TTWdG1vAi,2026-08-14 22:28:47.803,0.000079,,,,0,102,591,575,0,qwen/qwen3.7-flash-20260727,Alibaba,standard,false,true,,stop,stop,5918,646,MSCodeBase 1-L live arm,test567,false
gen-1786746520-Ars8TFOJYEeP1IkpTmt3,2026-08-14 22:28:40.916,0.000109,,,,0,106,829,814,0,qwen/qwen3.7-flash-20260727,Alibaba,standard,false,true,,stop,stop,6367,640,MSCodeBase 1-L live arm,test567,false
gen-1786746510-bM9ZuFjO0aHMRpyYoUCY,2026-08-14 22:28:30.646,0.000144,,,,0,102,1096,1081,0,qwen/qwen3.7-flash-20260727,Alibaba,standard,false,true,,stop,stop,9757,653,MSCodeBase 1-L live arm,test567,false
gen-1786746507-Mc2pupe0IFY3PW24w8lB,2026-08-14 22:28:27.577,0.000038,,,,0,104,275,259,0,qwen/qwen3.7-flash-20260727,Alibaba,standard,false,true,,stop,stop,2562,530,MSCodeBase 1-L live arm,test567,false
gen-1786746503-MlKSINupnvrATtd64RCB,2026-08-14 22:28:23.068,0.000055,,,,0,102,411,395,0,qwen/qwen3.7-flash-20260727,Alibaba,standard,false,true,,stop,stop,4018,686,MSCodeBase 1-L live arm,test567,false
gen-1786746499-HQK6uSZs8FfXKw8T6Ed4,2026-08-14 22:28:19.134,0.000058,,,,0,105,431,416,0,qwen/qwen3.7-flash-20260727,Alibaba,standard,false,true,,stop,stop,3437,463,MSCodeBase 1-L live arm,test567,false
gen-1786746493-rbPn4xTWnbq1Qj6WoZPS,2026-08-14 22:28:13.578,0.000077,,,,0,103,576,560,0,qwen/qwen3.7-flash-20260727,Alibaba,standard,false,true,,stop,stop,5044,630,MSCodeBase 1-L live arm,test567,false
gen-1786746486-4Sa1SBbofIBoEGBdWdxc,2026-08-14 22:28:06.930,0.000088,,,,0,106,662,646,0,qwen/qwen3.7-flash-20260727,Alibaba,standard,false,true,,stop,stop,6139,704,MSCodeBase 1-L live arm,test567,false
gen-1786746482-b1dbveqQsGMlCxZVDnWM,2026-08-14 22:28:02.001,0.000062,,,,0,107,460,444,0,qwen/qwen3.7-flash-20260727,Alibaba,standard,false,true,,stop,stop,4413,468,MSCodeBase 1-L live arm,test567,false
gen-1786746476-nHWohg6azfxkqJGe7IMI,2026-08-14 22:27:56.430,0.000067,,,,0,106,498,487,0,qwen/qwen3.7-flash-20260727,Alibaba,standard,false,true,,stop,stop,5070,673,MSCodeBase 1-L live arm,test567,false
gen-1786746465-YAWWMI8OWVLZJXtLz88U,2026-08-14 22:27:45.575,0.000148,,,,0,105,1127,1116,0,qwen/qwen3.7-flash-20260727,Alibaba,standard,false,true,,stop,stop,10352,668,MSCodeBase 1-L live arm,test567,false
gen-1786746460-bBoCu1J0Azw3JCvbafTO,2026-08-14 22:27:40.103,0.000064,,,,0,106,479,463,0,qwen/qwen3.7-flash-20260727,Alibaba,standard,false,true,,stop,stop,4967,541,MSCodeBase 1-L live arm,test567,false
gen-1786746455-Lk1715qggZx9oF6ZNdel,2026-08-14 22:27:35.192,0.00007,,,,0,106,520,505,0,qwen/qwen3.7-flash-20260727,Alibaba,standard,false,true,,stop,stop,4429,549,MSCodeBase 1-L live arm,test567,false
gen-1786746445-oijCICQIiee7tijq0dG8,2026-08-14 22:27:25.151,0.000142,,,,0,104,1083,1072,0,qwen/qwen3.7-flash-20260727,Alibaba,standard,false,true,,stop,stop,9485,696,MSCodeBase 1-L live arm,test567,false
gen-1786746438-7MdFaSwTQV1LQSaUsUvE,2026-08-14 22:27:17.401,0.000094,,,,0,110,712,697,0,qwen/qwen3.7-flash-20260727,Alibaba,standard,false,true,,stop,stop,6581,657,MSCodeBase 1-L live arm,test567,false
gen-1786746426-rdPU7dIdAKKB9ABB5ZMh,2026-08-14 22:27:06.447,0.00015,,,,0,104,1142,1126,0,qwen/qwen3.7-flash-20260727,Alibaba,standard,false,true,,stop,stop,10129,762,MSCodeBase 1-L live arm,test567,false
gen-1786746413-iBjsvahZCcMEJgloftHk,2026-08-14 22:26:53.764,0.000196,,,,0,104,1502,1500,0,qwen/qwen3.7-flash-20260727,Alibaba,standard,false,true,,length,length,12375,575,MSCodeBase 1-L live arm,test567,false
gen-1786746404-Qv1kFA5iz9KauMx025A3,2026-08-14 22:26:44.754,0.000127,,,,0,106,968,952,0,qwen/qwen3.7-flash-20260727,Alibaba,standard,false,true,,stop,stop,8500,470,MSCodeBase 1-L live arm,test567,false
gen-1786746399-hhi03pDWzSZPfuEqVyfy,2026-08-14 22:26:39.204,0.000069,,,,0,107,519,508,0,qwen/qwen3.7-flash-20260727,Alibaba,standard,false,true,,stop,stop,5049,571,MSCodeBase 1-L live arm,test567,false
gen-1786746393-g6kEbKnyntVgQgy2pp2f,2026-08-14 22:26:33.267,0.000078,,,,0,104,588,572,0,qwen/qwen3.7-flash-20260727,Alibaba,standard,false,true,,stop,stop,5397,628,MSCodeBase 1-L live arm,test567,false
gen-1786746385-fmkK3Yn2xtd1K4jy6iVy,2026-08-14 22:26:25.411,0.000116,,,,0,106,878,867,0,qwen/qwen3.7-flash-20260727,Alibaba,standard,false,true,,stop,stop,7322,425,MSCodeBase 1-L live arm,test567,false
gen-1786746381-g6uQndCne29YZvzzyw4J,2026-08-14 22:26:21.162,0.000598,,,,0,139,514,503,0,qwen/qwen3.6-flash,Alibaba,standard,false,true,,stop,stop,3936,418,MSCodeBase 1-L live arm,test567,false
gen-1786746375-NQwtabwRVM8cfAN1jJvu,2026-08-14 22:26:15.106,0.00085,,,,0,144,740,725,0,qwen/qwen3.6-flash,Alibaba,standard,false,true,,stop,stop,5549,508,MSCodeBase 1-L live arm,test567,false
gen-1786746370-caWi7ZDkMBjq3f4oN45O,2026-08-14 22:26:10.380,0.000681,,,,0,144,588,572,0,qwen/qwen3.6-flash,Alibaba,standard,false,true,,stop,stop,4233,388,MSCodeBase 1-L live arm,test567,false
gen-1786746364-CT1NDxy67bWKfSIbLLxP,2026-08-14 22:26:04.784,0.000821,,,,0,141,714,698,0,qwen/qwen3.6-flash,Alibaba,standard,false,true,,stop,stop,5093,421,MSCodeBase 1-L live arm,test567,false
gen-1786746357-noizXeOgRx7DgswFcMi7,2026-08-14 22:25:57.880,0.001033,,,,0,142,904,888,0,qwen/qwen3.6-flash,Alibaba,standard,false,true,,stop,stop,6405,413,MSCodeBase 1-L live arm,test567,false
gen-1786746352-4s1MRgLJJXRpKzYeg7OQ,2026-08-14 22:25:52.521,0.000793,,,,0,141,689,674,0,qwen/qwen3.6-flash,Alibaba,standard,false,true,,stop,stop,4866,407,MSCodeBase 1-L live arm,test567,false
gen-1786746348-Lupt6UILyrTo2YbYtp84,2026-08-14 22:25:48.612,0.000586,,,,0,144,503,487,0,qwen/qwen3.6-flash,Alibaba,standard,false,true,,stop,stop,3417,428,MSCodeBase 1-L live arm,test567,false
gen-1786746338-yB48giOfX6GoGAY0Yp08,2026-08-14 22:25:38.161,0.001698,,,,0,138,1502,1500,0,qwen/qwen3.6-flash,Alibaba,standard,false,true,,length,length,9951,511,MSCodeBase 1-L live arm,test567,false
gen-1786746328-ZbiMhC4cQWcTYKADG34q,2026-08-14 22:25:28.036,0.001698,,,,0,138,1502,1500,0,qwen/qwen3.6-flash,Alibaba,standard,false,true,,length,length,9835,394,MSCodeBase 1-L live arm,test567,false
gen-1786746317-0R7lKQPeQF1TPJoYE0pO,2026-08-14 22:25:17.555,0.001698,,,,0,138,1502,1500,0,qwen/qwen3.6-flash,Alibaba,standard,false,true,,length,length,10173,406,MSCodeBase 1-L live arm,test567,false
gen-1786746309-e5jKbr4bHXYtgWF9G2W2,2026-08-14 22:25:09.242,0.001257,,,,0,143,1105,1090,0,qwen/qwen3.6-flash,Alibaba,standard,false,true,,stop,stop,7821,924,MSCodeBase 1-L live arm,test567,false
gen-1786746304-7ORGMPnuYNugWqaKQbgJ,2026-08-14 22:25:04.980,0.000647,,,,0,141,558,543,0,qwen/qwen3.6-flash,Alibaba,standard,false,true,,stop,stop,3744,407,MSCodeBase 1-L live arm,test567,false
gen-1786746300-HDb3XJdEelOMxyVkQrHR,2026-08-14 22:25:00.626,0.000639,,,,0,141,551,535,0,qwen/qwen3.6-flash,Alibaba,standard,false,true,,stop,stop,3769,415,MSCodeBase 1-L live arm,test567,false
gen-1786746295-o21n50tBv8qaMVGn3w0m,2026-08-14 22:24:55.175,0.000847,,,,0,143,737,726,0,qwen/qwen3.6-flash,Alibaba,standard,false,true,,stop,stop,4958,414,MSCodeBase 1-L live arm,test567,false
gen-1786746287-Obta5PrfsNni5UyMzGPZ,2026-08-14 22:24:47.500,0.001237,,,,0,141,1088,1077,0,qwen/qwen3.6-flash,Alibaba,standard,false,true,,stop,stop,7172,399,MSCodeBase 1-L live arm,test567,false
gen-1786746281-mPGDFerIUAYaJP5OqFtY,2026-08-14 22:24:41.390,0.000889,,,,0,142,775,764,0,qwen/qwen3.6-flash,Alibaba,standard,false,true,,stop,stop,5580,390,MSCodeBase 1-L live arm,test567,false
gen-1786746277-uuVM0wVsH83hNk0wos0t,2026-08-14 22:24:37.875,0.000511,,,,0,144,435,420,0,qwen/qwen3.6-flash,Alibaba,standard,false,true,,stop,stop,3025,417,MSCodeBase 1-L live arm,test567,false
gen-1786746271-ddUIb1qnJQ9uaXAGXeZ5,2026-08-14 22:24:31.898,0.000945,,,,0,141,825,810,0,qwen/qwen3.6-flash,Alibaba,standard,false,true,,stop,stop,5480,524,MSCodeBase 1-L live arm,test567,false
gen-1786746267-wxbES7WeHmQBCef0hK7V,2026-08-14 22:24:27.628,0.000683,,,,0,143,590,575,0,qwen/qwen3.6-flash,Alibaba,standard,false,true,,stop,stop,3771,412,MSCodeBase 1-L live arm,test567,false
gen-1786746263-Z5E1466mOf3jFGtyPQoS,2026-08-14 22:24:23.259,0.00066,,,,0,143,569,558,0,qwen/qwen3.6-flash,Alibaba,standard,false,true,,stop,stop,3877,414,MSCodeBase 1-L live arm,test567,false
gen-1786746257-d0rLGXBQMDmInB7rTNmJ,2026-08-14 22:24:17.072,0.000923,,,,0,139,806,791,0,qwen/qwen3.6-flash,Alibaba,standard,false,true,,stop,stop,5676,610,MSCodeBase 1-L live arm,test567,false
gen-1786746250-Np42v4MNTQq152cPVhSO,2026-08-14 22:24:10.188,0.001053,,,,0,141,922,911,0,qwen/qwen3.6-flash,Alibaba,standard,false,true,,stop,stop,6384,405,MSCodeBase 1-L live arm,test567,false
gen-1786746245-B3Arqzx2Y23xYJlFGKpC,2026-08-14 22:24:05.640,0.000666,,,,0,141,575,560,0,qwen/qwen3.6-flash,Alibaba,standard,false,true,,stop,stop,4033,416,MSCodeBase 1-L live arm,test567,false
gen-1786746238-JHvnpwFOp7PWnmre8Tp9,2026-08-14 22:23:58.297,0.001232,,,,0,144,1083,1072,0,qwen/qwen3.6-flash,Alibaba,standard,false,true,,stop,stop,6847,423,MSCodeBase 1-L live arm,test567,false
gen-1786746232-W4bentgqyO9UijyswKN6,2026-08-14 22:23:52.172,0.000999,,,,0,143,874,859,0,qwen/qwen3.6-flash,Alibaba,standard,false,true,,stop,stop,5609,405,MSCodeBase 1-L live arm,test567,false
gen-1786746223-jqm2Sq1gm0YdPMh09nIb,2026-08-14 22:23:43.130,0.001571,,,,0,144,1387,1371,0,qwen/qwen3.6-flash,Alibaba,standard,false,true,,stop,stop,8549,421,MSCodeBase 1-L live arm,test567,false
gen-1786746218-itM9p5W9HttuqVFRHDQ0,2026-08-14 22:23:38.488,0.000679,,,,0,142,586,575,0,qwen/qwen3.6-flash,Alibaba,standard,false,true,,stop,stop,3951,412,MSCodeBase 1-L live arm,test567,false
gen-1786746215-dhM7qU1y1zqU8cvrpB6m,2026-08-14 22:23:35.178,0.000448,,,,0,141,379,364,0,qwen/qwen3.6-flash,Alibaba,standard,false,true,,stop,stop,2800,405,MSCodeBase 1-L live arm,test567,false
gen-1786746209-fkmIQR2KDHgNAd1vaipL,2026-08-14 22:23:29.837,0.000749,,,,0,144,649,633,0,qwen/qwen3.6-flash,Alibaba,standard,false,true,,stop,stop,4598,449,MSCodeBase 1-L live arm,test567,false
gen-1786746204-WKC2h6w4CeRx3hP94eFi,2026-08-14 22:23:24.571,0.000777,,,,0,144,674,658,0,qwen/qwen3.6-flash,Alibaba,standard,false,true,,stop,stop,4596,418,MSCodeBase 1-L live arm,test567,false
gen-1786746202-FeVDLmjkCmQ0gJxKxUWI,2026-08-14 22:23:22.014,0.000313,,,,0,143,258,243,0,qwen/qwen3.6-flash,Alibaba,standard,false,true,,stop,stop,2046,427,MSCodeBase 1-L live arm,test567,false
gen-1786746196-9WdFZVGwRbbfrw50C7U1,2026-08-14 22:23:16.623,0.000774,,,,0,143,672,656,0,qwen/qwen3.6-flash,Alibaba,standard,false,true,,stop,stop,4885,416,MSCodeBase 1-L live arm,test567,false
gen-1786746192-XqWBmIR8qwBkGhdrFxih,2026-08-14 22:23:12.692,0.000531,,,,0,139,454,439,0,qwen/qwen3.6-flash,Alibaba,standard,false,true,,stop,stop,3433,552,MSCodeBase 1-L live arm,test567,false
gen-1786746186-eQPh0dIYUo9QSJL62gFE,2026-08-14 22:23:06.649,0.000982,,,,0,144,858,847,0,qwen/qwen3.6-flash,Alibaba,standard,false,true,,stop,stop,5545,406,MSCodeBase 1-L live arm,test567,false
gen-1786746182-oCJocj4Wf8aJ81qwcz6Z,2026-08-14 22:23:02.431,0.000555,,,,0,139,476,460,0,qwen/qwen3.6-flash,Alibaba,standard,false,true,,stop,stop,3705,525,MSCodeBase 1-L live arm,test567,false
gen-1786746176-l7zhXF9nxsFHjXuTx0C2,2026-08-14 22:22:56.623,0.000853,,,,0,141,743,727,0,qwen/qwen3.6-flash,Alibaba,standard,false,true,,stop,stop,5321,416,MSCodeBase 1-L live arm,test567,false
gen-1786746171-B1ptUxCLFRNtONJLVmn9,2026-08-14 22:22:51.755,0.00073,,,,0,138,633,617,0,qwen/qwen3.6-flash,Alibaba,standard,false,true,,stop,stop,4381,403,MSCodeBase 1-L live arm,test567,false
gen-1786746161-RkZ8Kl4KNZUauFz8Ov3w,2026-08-14 22:22:41.714,0.001699,,,,0,142,1502,1500,0,qwen/qwen3.6-flash,Alibaba,standard,false,true,,length,length,9501,597,MSCodeBase 1-L live arm,test567,false
gen-1786746152-4QXNjGJx0vBcZDkVffav,2026-08-14 22:22:32.249,0.001699,,,,0,142,1502,1500,0,qwen/qwen3.6-flash,Alibaba,standard,false,true,,length,length,9168,399,MSCodeBase 1-L live arm,test567,false
gen-1786746142-zwetihChFpHZJVejhp7k,2026-08-14 22:22:22.734,0.001699,,,,0,142,1502,1500,0,qwen/qwen3.6-flash,Alibaba,standard,false,true,,length,length,9174,419,MSCodeBase 1-L live arm,test567,false
gen-1786746135-Ah0k9B8tyZBKAXky0amn,2026-08-14 22:22:15.627,0.001041,,,,0,141,912,897,0,qwen/qwen3.6-flash,Alibaba,standard,false,true,,stop,stop,6182,426,MSCodeBase 1-L live arm,test567,false
gen-1786746130-sg1offpJtMytnl47Tdzy,2026-08-14 22:22:10.426,0.000682,,,,0,142,589,573,0,qwen/qwen3.6-flash,Alibaba,standard,false,true,,stop,stop,4332,403,MSCodeBase 1-L live arm,test567,false
gen-1786746124-A253O7Y18ofI8RWJq1AY,2026-08-14 22:22:04.467,0.000847,,,,0,146,737,726,0,qwen/qwen3.6-flash,Alibaba,standard,false,true,,stop,stop,5017,417,MSCodeBase 1-L live arm,test567,false
gen-1786746115-raCRZwqGr1ArNut66IbD,2026-08-14 22:21:55.166,0.001455,,,,0,142,1283,1267,0,qwen/qwen3.6-flash,Alibaba,standard,false,true,,stop,stop,8433,408,MSCodeBase 1-L live arm,test567,false
gen-1786746107-B9EdwQPm1ydlTLKFg69B,2026-08-14 22:21:47.985,0.000932,,,,0,141,814,803,0,qwen/qwen3.6-flash,Alibaba,standard,false,true,,stop,stop,6242,412,MSCodeBase 1-L live arm,test567,false
gen-1786746101-6FigXo2Wq4N2kwmn6Bk1,2026-08-14 22:21:41.257,0.000966,,,,0,143,844,829,0,qwen/qwen3.6-flash,Alibaba,standard,false,true,,stop,stop,5699,423,MSCodeBase 1-L live arm,test567,false
gen-1786746095-0iq8Q2THaoSoN6zp7exg,2026-08-14 22:21:35.135,0.000827,,,,0,146,719,708,0,qwen/qwen3.6-flash,Alibaba,standard,false,true,,stop,stop,5164,557,MSCodeBase 1-L live arm,test567,false
gen-1786746090-Kc6u3Rsh2S52V9mNZq5C,2026-08-14 22:21:30.051,0.000702,,,,0,144,607,591,0,qwen/qwen3.6-flash,Alibaba,standard,false,true,,stop,stop,3976,415,MSCodeBase 1-L live arm,test567,false
gen-1786746085-wSj7yJdkb5OBGv53Z5Ox,2026-08-14 22:21:25.328,0.000613,,,,0,155,525,510,0,qwen/qwen3.6-flash,Alibaba,standard,false,true,,stop,stop,3791,418,MSCodeBase 1-L live arm,test567,false
gen-1786746079-HxcmKH16Mt2bzLqlot5B,2026-08-14 22:21:19.478,0.000808,,,,0,148,701,685,0,qwen/qwen3.6-flash,Alibaba,standard,false,true,,stop,stop,4959,408,MSCodeBase 1-L live arm,test567,false
gen-1786746073-OHCIMEk96Dwz5cbqaP4i,2026-08-14 22:21:13.825,0.000738,,,,0,149,638,623,0,qwen/qwen3.6-flash,Alibaba,standard,false,true,,stop,stop,5104,504,MSCodeBase 1-L live arm,test567,false
gen-1786746066-BtbBxAhjJfe5hB876es4,2026-08-14 22:21:06.619,0.001106,,,,0,153,968,953,0,qwen/qwen3.6-flash,Alibaba,standard,false,true,,stop,stop,6693,541,MSCodeBase 1-L live arm,test567,false
gen-1786746057-Nfp3oTVEevoy3bAZqGQf,2026-08-14 22:20:57.288,0.001466,,,,0,147,1292,1277,0,qwen/qwen3.6-flash,Alibaba,standard,false,true,,stop,stop,8820,408,MSCodeBase 1-L live arm,test567,false
gen-1786746047-S7GJklHZbStVkNx4vx9F,2026-08-14 22:20:47.255,0.0017,,,,0,147,1502,1500,0,qwen/qwen3.6-flash,Alibaba,standard,false,true,,length,length,9735,406,MSCodeBase 1-L live arm,test567,false
gen-1786746037-tE9QIyUg65gdQoUMJb1D,2026-08-14 22:20:37.044,0.001698,,,,0,149,1500,1486,0,qwen/qwen3.6-flash,Alibaba,standard,false,true,,length,length,9689,449,MSCodeBase 1-L live arm,test567,false
gen-1786746033-pta5YD5Kr1iNQWyEktiQ,2026-08-14 22:20:33.378,0.000497,,,,0,102,430,414,0,qwen/qwen3.6-flash,Alibaba,standard,false,true,,stop,stop,3292,416,MSCodeBase 1-L live arm,test567,false
gen-1786746029-LyRH0bR3agNTciiLjzbL,2026-08-14 22:20:29.439,0.000502,,,,0,107,433,422,0,qwen/qwen3.6-flash,Alibaba,standard,false,true,,stop,stop,3376,427,MSCodeBase 1-L live arm,test567,false
gen-1786746025-FAo6fMtcmRwOprQgyjFU,2026-08-14 22:20:25.096,0.000609,,,,0,107,529,513,0,qwen/qwen3.6-flash,Alibaba,standard,false,true,,stop,stop,3837,410,MSCodeBase 1-L live arm,test567,false
gen-1786746016-ZeaidyGukbPYzQWOpZ6e,2026-08-14 22:20:16.044,0.001139,,,,0,104,1006,990,0,qwen/qwen3.6-flash,Alibaba,standard,false,true,,stop,stop,8560,440,MSCodeBase 1-L live arm,test567,false
gen-1786746006-NpeO2Lq83WDS1s89A3Vy,2026-08-14 22:20:06.398,0.001198,,,,0,105,1059,1044,0,qwen/qwen3.6-flash,Alibaba,standard,false,true,,stop,stop,9145,455,MSCodeBase 1-L live arm,test567,false
gen-1786745999-NiFfQBPBuArhY9dLnOQz,2026-08-14 22:19:59.298,0.001074,,,,0,104,947,931,0,qwen/qwen3.6-flash,Alibaba,standard,false,true,,stop,stop,6596,433,MSCodeBase 1-L live arm,test567,false
gen-1786745992-MQPS0e1e3ml7OPp7ECoR,2026-08-14 22:19:52.235,0.001052,,,,0,107,927,911,0,qwen/qwen3.6-flash,Alibaba,standard,false,true,,stop,stop,6444,409,MSCodeBase 1-L live arm,test567,false
gen-1786745983-pqx6g49E40mBQYsywNVh,2026-08-14 22:19:43.677,0.001326,,,,0,101,1174,1159,0,qwen/qwen3.6-flash,Alibaba,standard,false,true,,stop,stop,8069,410,MSCodeBase 1-L live arm,test567,false
gen-1786745979-vO6v0eQ5IwoquFPhWXIK,2026-08-14 22:19:39.298,0.000612,,,,0,105,532,521,0,qwen/qwen3.6-flash,Alibaba,standard,false,true,,stop,stop,3712,399,MSCodeBase 1-L live arm,test567,false
gen-1786745971-uBHxTI1ty322bAqUFMK1,2026-08-14 22:19:31.930,0.000965,,,,0,104,850,834,0,qwen/qwen3.6-flash,Alibaba,standard,false,true,,stop,stop,6879,437,MSCodeBase 1-L live arm,test567,false
gen-1786745967-upVir10tXcoIBgo4V0S7,2026-08-14 22:19:27.068,0.000568,,,,0,105,493,478,0,qwen/qwen3.6-flash,Alibaba,standard,false,true,,stop,stop,4380,446,MSCodeBase 1-L live arm,test567,false
gen-1786745961-5RCApMEZG0XYcpp8ZLup,2026-08-14 22:19:21.287,0.000828,,,,0,105,726,710,0,qwen/qwen3.6-flash,Alibaba,standard,false,true,,stop,stop,5271,408,MSCodeBase 1-L live arm,test567,false
gen-1786745957-h3fXPl3obsHCCLvRBG7X,2026-08-14 22:19:17.424,0.000487,,,,0,104,420,405,0,qwen/qwen3.6-flash,Alibaba,standard,false,true,,stop,stop,3362,411,MSCodeBase 1-L live arm,test567,false
gen-1786745952-YWKDJjcKDjoQpNZl9BUx,2026-08-14 22:19:12.989,0.000581,,,,0,105,505,489,0,qwen/qwen3.6-flash,Alibaba,standard,false,true,,stop,stop,3927,415,MSCodeBase 1-L live arm,test567,false
gen-1786745944-G5cEar5tslbshh2vNjjP,2026-08-14 22:19:04.055,0.001336,,,,0,107,1182,1166,0,qwen/qwen3.6-flash,Alibaba,standard,false,true,,stop,stop,8272,557,MSCodeBase 1-L live arm,test567,false
gen-1786745938-28w35iNjW0QJhAWNGrlN,2026-08-14 22:18:58.840,0.000709,,,,0,104,620,609,0,qwen/qwen3.6-flash,Alibaba,standard,false,true,,stop,stop,4661,436,MSCodeBase 1-L live arm,test567,false
gen-1786745936-8eAYcRCaMKThpLjAGOKu,2026-08-14 22:18:56.067,0.000304,,,,0,106,256,240,0,qwen/qwen3.6-flash,Alibaba,standard,false,true,,stop,stop,2259,502,MSCodeBase 1-L live arm,test567,false
gen-1786745928-43bQlCex9s8RWcVBgVkv,2026-08-14 22:18:48.541,0.001143,,,,0,106,1009,994,0,qwen/qwen3.6-flash,Alibaba,standard,false,true,,stop,stop,7011,403,MSCodeBase 1-L live arm,test567,false
gen-1786745925-KHfwrrW7ssyFztpCwp1a,2026-08-14 22:18:45.764,0.000334,,,,0,102,283,267,0,qwen/qwen3.6-flash,Alibaba,standard,false,true,,stop,stop,2239,427,MSCodeBase 1-L live arm,test567,false
gen-1786745921-bDhDNfucE286NjbN4rQD,2026-08-14 22:18:41.757,0.000534,,,,0,104,463,452,0,qwen/qwen3.6-flash,Alibaba,standard,false,true,,stop,stop,3459,400,MSCodeBase 1-L live arm,test567,false
gen-1786745918-QxNYIZQNGIfqhVLVp1Dd,2026-08-14 22:18:38.844,0.000269,,,,0,104,225,209,0,qwen/qwen3.6-flash,Alibaba,standard,false,true,,stop,stop,2403,458,MSCodeBase 1-L live arm,test567,false
gen-1786745914-Rfmu1KbqVjFuAiEm5VNs,2026-08-14 22:18:34.394,0.000533,,,,0,106,461,446,0,qwen/qwen3.6-flash,Alibaba,standard,false,true,,stop,stop,3752,626,MSCodeBase 1-L live arm,test567,false
gen-1786745908-YL5PezXtxhyJb2Paz02A,2026-08-14 22:18:28.093,0.000879,,,,0,106,772,761,0,qwen/qwen3.6-flash,Alibaba,standard,false,true,,stop,stop,5756,415,MSCodeBase 1-L live arm,test567,false
gen-1786745902-31AOYyXWfIAPlPeZBXrw,2026-08-14 22:18:22.143,0.000635,,,,0,106,553,538,0,qwen/qwen3.6-flash,Alibaba,standard,false,true,,stop,stop,5446,451,MSCodeBase 1-L live arm,test567,false
gen-1786745897-9PnGHn65fqXjBj4crp8p,2026-08-14 22:18:17.473,0.000597,,,,0,106,519,508,0,qwen/qwen3.6-flash,Alibaba,standard,false,true,,stop,stop,4164,525,MSCodeBase 1-L live arm,test567,false
gen-1786745890-zuvR3DkBzCDcGOBiPYuj,2026-08-14 22:18:10.774,0.000984,,,,0,104,867,851,0,qwen/qwen3.6-flash,Alibaba,standard,false,true,,stop,stop,6185,388,MSCodeBase 1-L live arm,test567,false
gen-1786745885-7mFBsqUPW4ynfKxzXUJx,2026-08-14 22:18:05.598,0.000722,,,,0,106,631,615,0,qwen/qwen3.6-flash,Alibaba,standard,false,true,,stop,stop,4674,541,MSCodeBase 1-L live arm,test567,false
gen-1786745878-tPXRI5LBHPdWuKw31eY0,2026-08-14 22:17:58.176,0.001154,,,,0,105,1019,1003,0,qwen/qwen3.6-flash,Alibaba,standard,false,true,,stop,stop,6896,423,MSCodeBase 1-L live arm,test567,false
gen-1786745867-CjrncnVNPooIVcy7ONNw,2026-08-14 22:17:47.778,0.001495,,,,0,105,1325,1309,0,qwen/qwen3.6-flash,Alibaba,standard,false,true,,stop,stop,9866,465,MSCodeBase 1-L live arm,test567,false
gen-1786745857-GPw2lFxPdL5Clz1gP6kV,2026-08-14 22:17:37.805,0.00161,,,,0,106,1428,1413,0,qwen/qwen3.6-flash,Alibaba,standard,false,true,,stop,stop,9464,401,MSCodeBase 1-L live arm,test567,false
gen-1786745855-beWVwUVuprkcuYsBYTH9,2026-08-14 22:17:35.133,0.000329,,,,0,102,279,263,0,qwen/qwen3.6-flash,Alibaba,standard,false,true,,stop,stop,2188,414,MSCodeBase 1-L live arm,test567,false
gen-1786745849-EN2zh2oC3zNM6L6BU0y1,2026-08-14 22:17:29.718,0.000768,,,,0,106,672,657,0,qwen/qwen3.6-flash,Alibaba,standard,false,true,,stop,stop,4914,411,MSCodeBase 1-L live arm,test567,false
gen-1786745843-rqKYFRqbozhl9rjmJvJz,2026-08-14 22:17:23.593,0.00068,,,,0,102,594,579,0,qwen/qwen3.6-flash,Alibaba,standard,false,true,,stop,stop,5437,474,MSCodeBase 1-L live arm,test567,false
gen-1786745839-Qb0KQABMOXithwMhsNKA,2026-08-14 22:17:19.622,0.000493,,,,0,104,426,415,0,qwen/qwen3.6-flash,Alibaba,standard,false,true,,stop,stop,3476,588,MSCodeBase 1-L live arm,test567,false
gen-1786745835-LycjGg8yVJIYZnu8owfg,2026-08-14 22:17:15.864,0.000457,,,,0,102,394,379,0,qwen/qwen3.6-flash,Alibaba,standard,false,true,,stop,stop,3263,446,MSCodeBase 1-L live arm,test567,false
gen-1786745829-3TSNecLtkQn3R40B6FUR,2026-08-14 22:17:09.701,0.000899,,,,0,105,790,775,0,qwen/qwen3.6-flash,Alibaba,standard,false,true,,stop,stop,5662,425,MSCodeBase 1-L live arm,test567,false
gen-1786745826-qmUEOkEQziiAmSFuDkhX,2026-08-14 22:17:06.502,0.000427,,,,0,103,367,351,0,qwen/qwen3.6-flash,Alibaba,standard,false,true,,stop,stop,2707,414,MSCodeBase 1-L live arm,test567,false
gen-1786745822-kWqsNnChpAByBa3Qjl0T,2026-08-14 22:17:02.159,0.000611,,,,0,106,531,515,0,qwen/qwen3.6-flash,Alibaba,standard,false,true,,stop,stop,3838,397,MSCodeBase 1-L live arm,test567,false
gen-1786745817-pqOEWnEjAVTvYkfnnkjQ,2026-08-14 22:16:57.060,0.000695,,,,0,107,607,591,0,qwen/qwen3.6-flash,Alibaba,standard,false,true,,stop,stop,4580,431,MSCodeBase 1-L live arm,test567,false
gen-1786745809-iIHojBcDqUjD0NgqHGdb,2026-08-14 22:16:49.950,0.000901,,,,0,106,792,777,0,qwen/qwen3.6-flash,Alibaba,standard,false,true,,stop,stop,6619,444,MSCodeBase 1-L live arm,test567,false
gen-1786745799-47RmZl71OkAq1u7etq5z,2026-08-14 22:16:39.908,0.00149,,,,0,105,1321,1306,0,qwen/qwen3.6-flash,Alibaba,standard,false,true,,stop,stop,9519,753,MSCodeBase 1-L live arm,test567,false
gen-1786745796-DzuxN5mwgSBQa9nmjP14,2026-08-14 22:16:36.037,0.000442,,,,0,106,380,365,0,qwen/qwen3.6-flash,Alibaba,standard,false,true,,stop,stop,3368,452,MSCodeBase 1-L live arm,test567,false
gen-1786745792-kaqB9sUW494EDvr1loLu,2026-08-14 22:16:32.607,0.000441,,,,0,106,379,363,0,qwen/qwen3.6-flash,Alibaba,standard,false,true,,stop,stop,2935,411,MSCodeBase 1-L live arm,test567,false
gen-1786745786-vqDfOH9oaEV0ldKEqCIc,2026-08-14 22:16:26.545,0.000803,,,,0,104,704,689,0,qwen/qwen3.6-flash,Alibaba,standard,false,true,,stop,stop,5582,424,MSCodeBase 1-L live arm,test567,false
gen-1786745779-8XTfSkGxYc2zZm8YjK5G,2026-08-14 22:16:19.167,0.001086,,,,0,110,957,941,0,qwen/qwen3.6-flash,Alibaba,standard,false,true,,stop,stop,6843,420,MSCodeBase 1-L live arm,test567,false
gen-1786745768-shvRtXqJus5YyWsiDx5u,2026-08-14 22:16:08.245,0.001693,,,,0,110,1502,1500,0,qwen/qwen3.6-flash,Alibaba,standard,false,true,,length,length,10579,412,MSCodeBase 1-L live arm,test567,false
gen-1786745757-7fRX6XBNHV3DeOfFfNNt,2026-08-14 22:15:57.318,0.001693,,,,0,110,1502,1500,0,qwen/qwen3.6-flash,Alibaba,standard,false,true,,length,length,10580,419,MSCodeBase 1-L live arm,test567,false
gen-1786745749-SFIu7lZGUobWblc9ogwJ,2026-08-14 22:15:49.161,0.001141,,,,0,104,1008,993,0,qwen/qwen3.6-flash,Alibaba,standard,false,true,,stop,stop,7616,447,MSCodeBase 1-L live arm,test567,false
gen-1786745743-EClzzDA6q8bKSitVd1nk,2026-08-14 22:15:43.155,0.000865,,,,0,106,759,743,0,qwen/qwen3.6-flash,Alibaba,standard,false,true,,stop,stop,5498,526,MSCodeBase 1-L live arm,test567,false
gen-1786745738-keLnn6rsWtv5Ln4xoSGi,2026-08-14 22:15:38.113,0.000704,,,,0,107,615,599,0,qwen/qwen3.6-flash,Alibaba,standard,false,true,,stop,stop,4505,407,MSCodeBase 1-L live arm,test567,false
gen-1786745733-jalo7spghw5NAlPu18dD,2026-08-14 22:15:33.850,0.000581,,,,0,104,505,489,0,qwen/qwen3.6-flash,Alibaba,standard,false,true,,stop,stop,3635,536,MSCodeBase 1-L live arm,test567,false
gen-1786745727-tkO5gORZF0hICxsQ2nPv,2026-08-14 22:15:27.711,0.000877,,,,0,106,770,755,0,qwen/qwen3.6-flash,Alibaba,standard,false,true,,stop,stop,5635,571,MSCodeBase 1-L live arm,test567,false
gen-1786745708-jSWQtoLDR5sCfWoxgj9E,2026-08-14 22:15:08.138,0.001247,,,,0,147,1096,1081,0,qwen/qwen3.6-flash,Alibaba,standard,false,true,,stop,stop,7435,413,MSCodeBase 1-L live arm,test567,false
gen-1786745698-55ShfI8LpOZS06xkZ9uP,2026-08-14 22:14:58.000,0.0017,,,,0,147,1502,1500,0,qwen/qwen3.6-flash,Alibaba,standard,false,true,,length,length,9729,392,MSCodeBase 1-L live arm,test567,false
gen-1786745691-PrwZSmnEw3ZRr4P6iWvr,2026-08-14 22:14:51.864,0.000945,,,,0,149,824,809,0,qwen/qwen3.6-flash,Alibaba,standard,false,true,,stop,stop,5717,410,MSCodeBase 1-L live arm,test567,false
gen-1786745686-CurgwCr5rcxdMO8v2dAk,2026-08-14 22:14:46.649,0.000746,,,,0,104,653,637,0,qwen/qwen3.6-flash,Alibaba,standard,false,true,,stop,stop,4883,440,MSCodeBase 1-L live arm,test567,false
gen-1786745677-6L427YgS4dRAHhl43bRL,2026-08-14 22:14:37.678,0.001431,,,,0,106,1268,1252,0,qwen/qwen3.6-flash,Alibaba,standard,false,true,,stop,stop,8505,414,MSCodeBase 1-L live arm,test567,false
gen-1786745648-TmR2XCARWVVu30ffvJ5j,2026-08-14 22:14:08.475,0.000586,,,,0,147,502,500,0,qwen/qwen3.6-flash,Alibaba,standard,false,true,,length,length,3637,423,MSCodeBase 1-L live arm,test567,false
gen-1786745644-hNBjQdjbtcZjGsw71ah0,2026-08-14 22:14:04.505,0.000586,,,,0,147,502,500,0,qwen/qwen3.6-flash,Alibaba,standard,false,true,,length,length,3634,409,MSCodeBase 1-L live arm,test567,false
gen-1786745640-jvrbdwkcs08UArJOO8aI,2026-08-14 22:14:00.583,0.000586,,,,0,147,502,500,0,qwen/qwen3.6-flash,Alibaba,standard,false,true,,length,length,3604,403,MSCodeBase 1-L live arm,test567,false
gen-1786745636-C9dt7PE9k4ueTSFTIMtp,2026-08-14 22:13:56.658,0.000586,,,,0,149,502,500,0,qwen/qwen3.6-flash,Alibaba,standard,false,true,,length,length,3435,423,MSCodeBase 1-L live arm,test567,false
gen-1786745632-eK5UyUTUlAPoXkdqS4GL,2026-08-14 22:13:52.561,0.000586,,,,0,149,502,500,0,qwen/qwen3.6-flash,Alibaba,standard,false,true,,length,length,3770,442,MSCodeBase 1-L live arm,test567,false
gen-1786745628-LeBtYlIAx5DakKIulZ9M,2026-08-14 22:13:48.687,0.000586,,,,0,149,502,500,0,qwen/qwen3.6-flash,Alibaba,standard,false,true,,length,length,3542,419,MSCodeBase 1-L live arm,test567,false
gen-1786745624-dRARj5s0aU7jg8S9Ck1H,2026-08-14 22:13:44.762,0.000576,,,,0,104,500,489,0,qwen/qwen3.6-flash,Alibaba,standard,false,true,,length,length,3593,420,MSCodeBase 1-L live arm,test567,false
gen-1786745620-uJQ0tIDwPTnCyD5QSQQC,2026-08-14 22:13:40.841,0.000578,,,,0,104,502,500,0,qwen/qwen3.6-flash,Alibaba,standard,false,true,,length,length,3599,427,MSCodeBase 1-L live arm,test567,false
gen-1786745617-spl5SZCtgOPzNxke6Qlf,2026-08-14 22:13:37.400,0.000456,,,,0,106,392,376,0,qwen/qwen3.6-flash,Alibaba,standard,false,true,,stop,stop,3023,412,MSCodeBase 1-L live arm,test567,false
gen-1786745578-v0WJrCLXmi712f8ZYHxm,2026-08-14 22:12:58.228,0.000578,,,,0,106,502,500,0,qwen/qwen3.6-flash,Alibaba,standard,false,true,,length,length,3743,421,MSCodeBase 1-L live arm,test567,false
gen-1786745574-kl2GWaFT6j1Q2q7ju0o5,2026-08-14 22:12:54.088,0.000578,,,,0,106,502,500,0,qwen/qwen3.6-flash,Alibaba,standard,false,true,,length,length,3800,411,MSCodeBase 1-L live arm,test567,false
gen-1786745570-IAtd3Iix4ITxe1Ok3ZrR,2026-08-14 22:12:49.865,0.000578,,,,0,106,502,500,0,qwen/qwen3.6-flash,Alibaba,standard,false,true,,length,length,3741,428,MSCodeBase 1-L live arm,test567,false
gen-1786742152-vr2Ds6ffTI90CYil5dpq,2026-08-14 21:15:52.206,0.000033,,,,0,141,7,0,0,qwen/qwen3.6-flash,Alibaba,standard,false,true,,stop,stop,481,481,MSCodeBase 1-L live arm,test567,false
gen-1786742151-a3PV1SJilAaeOdAiPr4j,2026-08-14 21:15:51.072,0.000039,,,,0,146,11,0,0,qwen/qwen3.6-flash,Alibaba,standard,false,true,,stop,stop,510,510,MSCodeBase 1-L live arm,test567,false
gen-1786742149-R3vLO0K10OhQj7By5Y0p,2026-08-14 21:15:49.934,0.000039,,,,0,146,11,0,0,qwen/qwen3.6-flash,Alibaba,standard,false,true,,stop,stop,506,506,MSCodeBase 1-L live arm,test567,false
gen-1786742148-TTRRXFN6HcwJAtiCSR2i,2026-08-14 21:15:48.812,0.000038,,,,0,143,11,0,0,qwen/qwen3.6-flash,Alibaba,standard,false,true,,stop,stop,460,460,MSCodeBase 1-L live arm,test567,false
gen-1786742147-kDA61HcUvvBs99srHX5X,2026-08-14 21:15:47.681,0.00004,,,,0,144,12,0,0,qwen/qwen3.6-flash,Alibaba,standard,false,true,,stop,stop,514,514,MSCodeBase 1-L live arm,test567,false
gen-1786742146-kdnylqBIT1YGNo9YsAKI,2026-08-14 21:15:46.475,0.000038,,,,0,143,11,0,0,qwen/qwen3.6-flash,Alibaba,standard,false,true,,stop,stop,608,608,MSCodeBase 1-L live arm,test567,false
gen-1786742145-rc1BWLbT5KdwdNMjReiY,2026-08-14 21:15:45.380,0.000039,,,,0,146,11,0,0,qwen/qwen3.6-flash,Alibaba,standard,false,true,,stop,stop,484,484,MSCodeBase 1-L live arm,test567,false
gen-1786742144-JOTI6GxTP8dvNbAsZ0q2,2026-08-14 21:15:44.160,0.000039,,,,0,140,12,0,0,qwen/qwen3.6-flash,Alibaba,standard,false,true,,stop,stop,418,418,MSCodeBase 1-L live arm,test567,false
gen-1786742143-iPTAQQCqrQGMVO1piQyi,2026-08-14 21:15:43.079,0.000039,,,,0,145,11,0,0,qwen/qwen3.6-flash,Alibaba,standard,false,true,,stop,stop,485,485,MSCodeBase 1-L live arm,test567,false
gen-1786742141-TJFGybUSdOHeIXtNlaJR,2026-08-14 21:15:41.985,0.000034,,,,0,143,7,0,0,qwen/qwen3.6-flash,Alibaba,standard,false,true,,stop,stop,488,488,MSCodeBase 1-L live arm,test567,false
gen-1786742140-GS6k07RSoBpw8ME6amK3,2026-08-14 21:15:40.707,0.000038,,,,0,143,11,0,0,qwen/qwen3.6-flash,Alibaba,standard,false,true,,stop,stop,662,662,MSCodeBase 1-L live arm,test567,false
gen-1786742139-tIAAWBSBFLHRkfUNp5Gw,2026-08-14 21:15:39.610,0.000039,,,,0,145,11,0,0,qwen/qwen3.6-flash,Alibaba,standard,false,true,,stop,stop,488,488,MSCodeBase 1-L live arm,test567,false
gen-1786742138-dAFZWmk1Tht5hNtu8YWH,2026-08-14 21:15:38.548,0.000034,,,,0,143,7,0,0,qwen/qwen3.6-flash,Alibaba,standard,false,true,,stop,stop,461,461,MSCodeBase 1-L live arm,test567,false
gen-1786742137-QZ0KfVRX71acH0C3tSLJ,2026-08-14 21:15:37.419,0.000038,,,,0,144,11,0,0,qwen/qwen3.6-flash,Alibaba,standard,false,true,,stop,stop,527,527,MSCodeBase 1-L live arm,test567,false
gen-1786742136-si0bbYwr30Hbysrs2BJQ,2026-08-14 21:15:36.302,0.000039,,,,0,146,11,0,0,qwen/qwen3.6-flash,Alibaba,standard,false,true,,stop,stop,512,512,MSCodeBase 1-L live arm,test567,false
gen-1786742135-EuGjMSFePtypPV6muj4Y,2026-08-14 21:15:35.159,0.000038,,,,0,143,11,0,0,qwen/qwen3.6-flash,Alibaba,standard,false,true,,stop,stop,460,460,MSCodeBase 1-L live arm,test567,false
gen-1786742134-2kvtII6tvHoBRkoOMTNH,2026-08-14 21:15:34.029,0.00004,,,,0,145,12,0,0,qwen/qwen3.6-flash,Alibaba,standard,false,true,,stop,stop,507,507,MSCodeBase 1-L live arm,test567,false
gen-1786742132-Q2yuyIPkV1Q8URZQAcqU,2026-08-14 21:15:32.961,0.000034,,,,0,145,7,0,0,qwen/qwen3.6-flash,Alibaba,standard,false,true,,stop,stop,484,484,MSCodeBase 1-L live arm,test567,false
gen-1786742131-v21bjGxpKrNGmWVebNGX,2026-08-14 21:15:31.855,0.000039,,,,0,141,12,0,0,qwen/qwen3.6-flash,Alibaba,standard,false,true,,stop,stop,520,520,MSCodeBase 1-L live arm,test567,false
gen-1786742130-PbwtEwUcm3LuZR9QooNm,2026-08-14 21:15:30.776,0.000034,,,,0,143,7,0,0,qwen/qwen3.6-flash,Alibaba,standard,false,true,,stop,stop,465,465,MSCodeBase 1-L live arm,test567,false
gen-1786742129-iwzFuwnNtxRY8ArpYNKW,2026-08-14 21:15:29.660,0.000038,,,,0,143,11,0,0,qwen/qwen3.6-flash,Alibaba,standard,false,true,,stop,stop,513,513,MSCodeBase 1-L live arm,test567,false
gen-1786742128-Eix2sO4VjA9e0gkDbyrg,2026-08-14 21:15:28.570,0.000034,,,,0,146,7,0,0,qwen/qwen3.6-flash,Alibaba,standard,false,true,,stop,stop,461,461,MSCodeBase 1-L live arm,test567,false
gen-1786742127-iq6YRspxL6pDQfvEVkvZ,2026-08-14 21:15:27.474,0.00004,,,,0,145,12,0,0,qwen/qwen3.6-flash,Alibaba,standard,false,true,,stop,stop,507,507,MSCodeBase 1-L live arm,test567,false
gen-1786742126-Kt8o2wFqnmoYdVEP6Bng,2026-08-14 21:15:26.367,0.000039,,,,0,146,11,0,0,qwen/qwen3.6-flash,Alibaba,standard,false,true,,stop,stop,498,498,MSCodeBase 1-L live arm,test567,false
gen-1786742125-DuHxFETlccB7uozFrkVh,2026-08-14 21:15:25.263,0.000034,,,,0,144,7,0,0,qwen/qwen3.6-flash,Alibaba,standard,false,true,,stop,stop,478,478,MSCodeBase 1-L live arm,test567,false
gen-1786742124-r2ioh9EGZgthVCsygpO6,2026-08-14 21:15:24.177,0.000038,,,,0,143,11,0,0,qwen/qwen3.6-flash,Alibaba,standard,false,true,,stop,stop,481,481,MSCodeBase 1-L live arm,test567,false
gen-1786742123-EG5YZ8cnj1Av5EA2Evjr,2026-08-14 21:15:23.063,0.00004,,,,0,146,12,0,0,qwen/qwen3.6-flash,Alibaba,standard,false,true,,stop,stop,496,496,MSCodeBase 1-L live arm,test567,false
gen-1786742121-kkUViqPK0ng2VU7omQM7,2026-08-14 21:15:21.917,0.00004,,,,0,146,12,0,0,qwen/qwen3.6-flash,Alibaba,standard,false,true,,stop,stop,537,537,MSCodeBase 1-L live arm,test567,false
gen-1786742120-QtxzjiFPwaa8kLFkUZLT,2026-08-14 21:15:20.752,0.00004,,,,0,145,12,0,0,qwen/qwen3.6-flash,Alibaba,standard,false,true,,stop,stop,516,516,MSCodeBase 1-L live arm,test567,false
gen-1786742119-yH00awi8OSTpPlEHkE8p,2026-08-14 21:15:19.640,0.00004,,,,0,145,12,0,0,qwen/qwen3.6-flash,Alibaba,standard,false,true,,stop,stop,514,514,MSCodeBase 1-L live arm,test567,false
gen-1786742118-OVGUClJk53sz1faAmqfM,2026-08-14 21:15:18.591,0.000033,,,,0,141,7,0,0,qwen/qwen3.6-flash,Alibaba,standard,false,true,,stop,stop,461,461,MSCodeBase 1-L live arm,test567,false
gen-1786742117-OpuWmQSpKBWgmbck8x3i,2026-08-14 21:15:17.382,0.000034,,,,0,146,7,0,0,qwen/qwen3.6-flash,Alibaba,standard,false,true,,stop,stop,523,523,MSCodeBase 1-L live arm,test567,false
gen-1786742116-zORrGv90UkNYO3yF7WTr,2026-08-14 21:15:16.261,0.000039,,,,0,141,12,0,0,qwen/qwen3.6-flash,Alibaba,standard,false,true,,stop,stop,519,519,MSCodeBase 1-L live arm,test567,false
gen-1786742115-3hEV2vkhIHl14IkX4ZCb,2026-08-14 21:15:15.122,0.000039,,,,0,143,12,0,0,qwen/qwen3.6-flash,Alibaba,standard,false,true,,stop,stop,500,500,MSCodeBase 1-L live arm,test567,false
gen-1786742113-rHJdD9oGk8QpZGdz24KS,2026-08-14 21:15:13.859,0.000039,,,,0,140,12,0,0,qwen/qwen3.6-flash,Alibaba,standard,false,true,,stop,stop,653,653,MSCodeBase 1-L live arm,test567,false
gen-1786742112-9NOPpHzdcbHB0e4o9AA6,2026-08-14 21:15:12.769,0.00004,,,,0,144,12,0,0,qwen/qwen3.6-flash,Alibaba,standard,false,true,,stop,stop,488,488,MSCodeBase 1-L live arm,test567,false
gen-1786742111-ZEPBnF25w1mskeR0XWgw,2026-08-14 21:15:11.624,0.000038,,,,0,143,11,0,0,qwen/qwen3.6-flash,Alibaba,standard,false,true,,stop,stop,510,510,MSCodeBase 1-L live arm,test567,false
gen-1786742110-9Wsiy0vGHVFufJE3Y5Zy,2026-08-14 21:15:10.497,0.00004,,,,0,144,12,0,0,qwen/qwen3.6-flash,Alibaba,standard,false,true,,stop,stop,497,497,MSCodeBase 1-L live arm,test567,false
gen-1786742109-gibNKqOR6M8MLwY6GFZt,2026-08-14 21:15:09.408,0.000035,,,,0,148,7,0,0,qwen/qwen3.6-flash,Alibaba,standard,false,true,,stop,stop,472,472,MSCodeBase 1-L live arm,test567,false
gen-1786742108-HO4XL4OKDNeOkzHKSVJb,2026-08-14 21:15:08.299,0.00004,,,,0,144,12,0,0,qwen/qwen3.6-flash,Alibaba,standard,false,true,,stop,stop,492,492,MSCodeBase 1-L live arm,test567,false
gen-1786742107-defvtUus2ObMBdgpcyF2,2026-08-14 21:15:07.002,0.000039,,,,0,143,12,0,0,qwen/qwen3.6-flash,Alibaba,standard,false,true,,stop,stop,705,705,MSCodeBase 1-L live arm,test567,false
gen-1786742105-Pf3WqxoVjRe4soPJatm3,2026-08-14 21:15:05.842,0.00004,,,,0,145,12,0,0,qwen/qwen3.6-flash,Alibaba,standard,false,true,,stop,stop,561,561,MSCodeBase 1-L live arm,test567,false
gen-1786742104-s3f2BM3Z0brRvHev8L8Y,2026-08-14 21:15:04.735,0.000035,,,,0,148,7,0,0,qwen/qwen3.6-flash,Alibaba,standard,false,true,,stop,stop,469,469,MSCodeBase 1-L live arm,test567,false
gen-1786742103-3W2ooAT1nODVFHGXpbCM,2026-08-14 21:15:03.367,0.00004,,,,0,146,12,0,0,qwen/qwen3.6-flash,Alibaba,standard,false,true,,stop,stop,512,512,MSCodeBase 1-L live arm,test567,false
gen-1786742102-CPDaLSOn4d1MxRv9kEvr,2026-08-14 21:15:02.252,0.000041,,,,0,157,11,0,0,qwen/qwen3.6-flash,Alibaba,standard,false,true,,stop,stop,501,501,MSCodeBase 1-L live arm,test567,false
gen-1786742101-hQl1OLmqxWvdO0wPcl5q,2026-08-14 21:15:01.130,0.000041,,,,0,150,12,0,0,qwen/qwen3.6-flash,Alibaba,standard,false,true,,stop,stop,518,518,MSCodeBase 1-L live arm,test567,false
gen-1786742099-F2daWoDyEQeI41Dn3XWz,2026-08-14 21:14:59.935,0.000041,,,,0,151,12,0,0,qwen/qwen3.6-flash,Alibaba,standard,false,true,,stop,stop,578,578,MSCodeBase 1-L live arm,test567,false
gen-1786742098-xBCR2AKLSQipztbRdNkI,2026-08-14 21:14:58.773,0.000042,,,,0,155,12,0,0,qwen/qwen3.6-flash,Alibaba,standard,false,true,,stop,stop,543,543,MSCodeBase 1-L live arm,test567,false
gen-1786742097-xxanwWel6iCchtff0Z5v,2026-08-14 21:14:57.663,0.000039,,,,0,149,11,0,0,qwen/qwen3.6-flash,Alibaba,standard,false,true,,stop,stop,509,509,MSCodeBase 1-L live arm,test567,false
gen-1786742096-MyqONjgsooKTfcp5RDJo,2026-08-14 21:14:56.335,0.00004,,,,0,151,11,0,0,qwen/qwen3.6-flash,Alibaba,standard,false,true,,stop,stop,528,528,MSCodeBase 1-L live arm,test567,false
gen-1786742095-6zcPUUxsxIWWJd3Ndqqr,2026-08-14 21:14:55.322,0.000032,,,,0,104,12,0,0,qwen/qwen3.6-flash,Alibaba,standard,false,true,,stop,stop,681,681,MSCodeBase 1-L live arm,test567,false
gen-1786742094-ifUqq5ckAhwSDrpUjpUw,2026-08-14 21:14:54.057,0.000033,,,,0,109,12,0,0,qwen/qwen3.6-flash,Alibaba,standard,false,true,,stop,stop,650,650,MSCodeBase 1-L live arm,test567,false
gen-1786742092-rHJfHksve0a0n5uTNYz6,2026-08-14 21:14:52.863,0.000033,,,,0,109,12,0,0,qwen/qwen3.6-flash,Alibaba,standard,false,true,,stop,stop,581,581,MSCodeBase 1-L live arm,test567,false
gen-1786742091-yX38J469BMscvTWsd8m6,2026-08-14 21:14:51.723,0.000033,,,,0,106,12,0,0,qwen/qwen3.6-flash,Alibaba,standard,false,true,,stop,stop,535,535,MSCodeBase 1-L live arm,test567,false
gen-1786742090-tRoVnzYpCGIlRodp1LwL,2026-08-14 21:14:50.550,0.000033,,,,0,107,12,0,0,qwen/qwen3.6-flash,Alibaba,standard,false,true,,stop,stop,556,556,MSCodeBase 1-L live arm,test567,false
gen-1786742089-tCPJ8twXVHzBol3owGL3,2026-08-14 21:14:49.403,0.000033,,,,0,106,12,0,0,qwen/qwen3.6-flash,Alibaba,standard,false,true,,stop,stop,529,529,MSCodeBase 1-L live arm,test567,false
gen-1786742088-t6rYsk5grQCOfs03yZaG,2026-08-14 21:14:48.235,0.000033,,,,0,109,12,0,0,qwen/qwen3.6-flash,Alibaba,standard,false,true,,stop,stop,535,535,MSCodeBase 1-L live arm,test567,false
gen-1786742087-x0au3V9AcW3HEJgCOMc4,2026-08-14 21:14:46.260,0.000031,,,,0,103,11,0,0,qwen/qwen3.6-flash,Alibaba,standard,false,true,,stop,stop,626,626,MSCodeBase 1-L live arm,test567,false
gen-1786742084-wVGCxdPJoCqenJZ4XUAt,2026-08-14 21:14:44.638,0.000032,,,,0,107,11,0,0,qwen/qwen3.6-flash,Alibaba,standard,false,true,,stop,stop,1018,1018,MSCodeBase 1-L live arm,test567,false
gen-1786742083-ndKkr3KVNVE74cFZPAsR,2026-08-14 21:14:43.494,0.000033,,,,0,106,12,0,0,qwen/qwen3.6-flash,Alibaba,standard,false,true,,stop,stop,515,515,MSCodeBase 1-L live arm,test567,false
gen-1786742082-qw7qH3qfugpwxqdjuoRI,2026-08-14 21:14:42.251,0.000033,,,,0,107,12,0,0,qwen/qwen3.6-flash,Alibaba,standard,false,true,,stop,stop,531,531,MSCodeBase 1-L live arm,test567,false
gen-1786742081-BmfJyA5Cic0zSQ0awCfD,2026-08-14 21:14:41.118,0.000032,,,,0,107,11,0,0,qwen/qwen3.6-flash,Alibaba,standard,false,true,,stop,stop,531,531,MSCodeBase 1-L live arm,test567,false
gen-1786742080-XBhjuHbT5TLu1eSrfFGh,2026-08-14 21:14:40.001,0.000033,,,,0,106,12,0,0,qwen/qwen3.6-flash,Alibaba,standard,false,true,,stop,stop,510,510,MSCodeBase 1-L live arm,test567,false
gen-1786742078-heqhL80lAexHZSUWNgWk,2026-08-14 21:14:38.874,0.000033,,,,0,107,12,0,0,qwen/qwen3.6-flash,Alibaba,standard,false,true,,stop,stop,524,524,MSCodeBase 1-L live arm,test567,false
gen-1786742077-UyVOJC5cFcOpRPZx1Qhx,2026-08-14 21:14:37.771,0.000033,,,,0,109,12,0,0,qwen/qwen3.6-flash,Alibaba,standard,false,true,,stop,stop,500,500,MSCodeBase 1-L live arm,test567,false
gen-1786742076-ZLNJuyTr3qwXuYNIkprC,2026-08-14 21:14:36.615,0.000031,,,,0,106,11,0,0,qwen/qwen3.6-flash,Alibaba,standard,false,true,,stop,stop,555,555,MSCodeBase 1-L live arm,test567,false
gen-1786742075-gYU8ksHT7CToJXONjNVV,2026-08-14 21:14:35.439,0.000033,,,,0,108,12,0,0,qwen/qwen3.6-flash,Alibaba,standard,false,true,,stop,stop,565,565,MSCodeBase 1-L live arm,test567,false
gen-1786742074-uwh1r1yx46MtPK5z3oPA,2026-08-14 21:14:34.228,0.000033,,,,0,108,12,0,0,qwen/qwen3.6-flash,Alibaba,standard,false,true,,stop,stop,584,584,MSCodeBase 1-L live arm,test567,false
gen-1786742073-aQWr12WJ58dF3HVVLSnL,2026-08-14 21:14:33.084,0.000032,,,,0,104,12,0,0,qwen/qwen3.6-flash,Alibaba,standard,false,true,,stop,stop,517,517,MSCodeBase 1-L live arm,test567,false
gen-1786742071-BMdGt2CaKnXNOaxF24G6,2026-08-14 21:14:31.921,0.000033,,,,0,106,12,0,0,qwen/qwen3.6-flash,Alibaba,standard,false,true,,stop,stop,528,528,MSCodeBase 1-L live arm,test567,false
gen-1786742070-s2VIlmqQpwGLgPwJFz8c,2026-08-14 21:14:30.783,0.000033,,,,0,106,12,0,0,qwen/qwen3.6-flash,Alibaba,standard,false,true,,stop,stop,547,547,MSCodeBase 1-L live arm,test567,false
gen-1786742069-vgrMY6NNcCPrSF7BHno5,2026-08-14 21:14:29.648,0.000027,,,,0,108,7,0,0,qwen/qwen3.6-flash,Alibaba,standard,false,true,,stop,stop,517,517,MSCodeBase 1-L live arm,test567,false
gen-1786742068-7ynQk9ZJLj70RcOwPOUx,2026-08-14 21:14:28.478,0.000033,,,,0,108,12,0,0,qwen/qwen3.6-flash,Alibaba,standard,false,true,,stop,stop,576,576,MSCodeBase 1-L live arm,test567,false
gen-1786742067-BxL72s1frHLWa8ZSZHqH,2026-08-14 21:14:27.296,0.000032,,,,0,108,11,0,0,qwen/qwen3.6-flash,Alibaba,standard,false,true,,stop,stop,560,560,MSCodeBase 1-L live arm,test567,false
gen-1786742066-0MFLIAiqeYfYnYI3puBn,2026-08-14 21:14:26.222,0.000027,,,,0,108,7,0,0,qwen/qwen3.6-flash,Alibaba,standard,false,true,,stop,stop,482,482,MSCodeBase 1-L live arm,test567,false
gen-1786742065-E9Etz8o4IORLst7tGBoo,2026-08-14 21:14:25.124,0.000027,,,,0,106,7,0,0,qwen/qwen3.6-flash,Alibaba,standard,false,true,,stop,stop,481,481,MSCodeBase 1-L live arm,test567,false
gen-1786742063-9Tjn8X80VjyvrDLHJ0rN,2026-08-14 21:14:23.858,0.000033,,,,0,108,12,0,0,qwen/qwen3.6-flash,Alibaba,standard,false,true,,stop,stop,661,661,MSCodeBase 1-L live arm,test567,false
gen-1786742062-ZUyM10F95DK9gANgCwwk,2026-08-14 21:14:22.656,0.000033,,,,0,107,12,0,0,qwen/qwen3.6-flash,Alibaba,standard,false,true,,stop,stop,584,584,MSCodeBase 1-L live arm,test567,false
gen-1786742061-6HgBEQvODf955w2FnVDL,2026-08-14 21:14:21.506,0.000033,,,,0,107,12,0,0,qwen/qwen3.6-flash,Alibaba,standard,false,true,,stop,stop,514,514,MSCodeBase 1-L live arm,test567,false
gen-1786742060-YO6jUlrXR81JNer7QyQG,2026-08-14 21:14:20.403,0.000032,,,,0,108,11,0,0,qwen/qwen3.6-flash,Alibaba,standard,false,true,,stop,stop,490,490,MSCodeBase 1-L live arm,test567,false
gen-1786742059-fr4RSsgT1almL6bH3kJi,2026-08-14 21:14:19.184,0.000032,,,,0,104,12,0,0,qwen/qwen3.6-flash,Alibaba,standard,false,true,,stop,stop,599,599,MSCodeBase 1-L live arm,test567,false
gen-1786742058-fGNFDPMtrZbBR2vXIUyT,2026-08-14 21:14:18.069,0.000033,,,,0,108,12,0,0,qwen/qwen3.6-flash,Alibaba,standard,false,true,,stop,stop,495,495,MSCodeBase 1-L live arm,test567,false
gen-1786742056-zflLyaLIYprPdPxfX7Kn,2026-08-14 21:14:16.910,0.000032,,,,0,104,12,0,0,qwen/qwen3.6-flash,Alibaba,standard,false,true,,stop,stop,547,547,MSCodeBase 1-L live arm,test567,false
gen-1786742055-M23uBoENjfgvkCWhb28E,2026-08-14 21:14:15.739,0.000033,,,,0,106,12,0,0,qwen/qwen3.6-flash,Alibaba,standard,false,true,,stop,stop,554,554,MSCodeBase 1-L live arm,test567,false
gen-1786742054-jqBrBhnJKNrNbjHkDHyK,2026-08-14 21:14:14.501,0.000031,,,,0,104,11,0,0,qwen/qwen3.6-flash,Alibaba,standard,false,true,,stop,stop,647,647,MSCodeBase 1-L live arm,test567,false
gen-1786742053-QoVWfCw0loCrnOENdLW5,2026-08-14 21:14:13.344,0.000032,,,,0,107,11,0,0,qwen/qwen3.6-flash,Alibaba,standard,false,true,,stop,stop,558,558,MSCodeBase 1-L live arm,test567,false
gen-1786742052-c9GPBNeLIQ1JZ7cq9CHb,2026-08-14 21:14:12.155,0.000031,,,,0,105,11,0,0,qwen/qwen3.6-flash,Alibaba,standard,false,true,,stop,stop,585,585,MSCodeBase 1-L live arm,test567,false
gen-1786742051-LsjBdX0kwcttm0zr83tf,2026-08-14 21:14:11.010,0.000033,,,,0,108,12,0,0,qwen/qwen3.6-flash,Alibaba,standard,false,true,,stop,stop,524,524,MSCodeBase 1-L live arm,test567,false
gen-1786742049-AczTNRLZAuNkjAZczUzj,2026-08-14 21:14:09.901,0.000033,,,,0,109,12,0,0,qwen/qwen3.6-flash,Alibaba,standard,false,true,,stop,stop,510,510,MSCodeBase 1-L live arm,test567,false
gen-1786742048-LcBnVge2gtRICVnG9QsT,2026-08-14 21:14:08.742,0.000032,,,,0,108,11,0,0,qwen/qwen3.6-flash,Alibaba,standard,false,true,,stop,stop,570,570,MSCodeBase 1-L live arm,test567,false
gen-1786742047-Ampo4JVBVMl2mEKnHeIl,2026-08-14 21:14:07.610,0.000032,,,,0,107,11,0,0,qwen/qwen3.6-flash,Alibaba,standard,false,true,,stop,stop,517,517,MSCodeBase 1-L live arm,test567,false
gen-1786742046-ZQQFtnRvjlwRCdWZbfov,2026-08-14 21:14:06.485,0.000032,,,,0,108,11,0,0,qwen/qwen3.6-flash,Alibaba,standard,false,true,,stop,stop,499,499,MSCodeBase 1-L live arm,test567,false
gen-1786742045-8VXHMzitDvm2L9Pt9zla,2026-08-14 21:14:05.365,0.000033,,,,0,108,12,0,0,qwen/qwen3.6-flash,Alibaba,standard,false,true,,stop,stop,504,504,MSCodeBase 1-L live arm,test567,false
gen-1786742044-eLfDE4AhTmbdvfLLE5Ti,2026-08-14 21:14:04.213,0.000033,,,,0,106,12,0,0,qwen/qwen3.6-flash,Alibaba,standard,false,true,,stop,stop,538,538,MSCodeBase 1-L live arm,test567,false
gen-1786742043-1hdu9ty6pUGNd8yvvblP,2026-08-14 21:14:03.110,0.000033,,,,0,112,11,0,0,qwen/qwen3.6-flash,Alibaba,standard,false,true,,stop,stop,504,504,MSCodeBase 1-L live arm,test567,false
gen-1786742041-VVlirmTVpBC2wMeNhq0i,2026-08-14 21:14:01.980,0.000031,,,,0,106,11,0,0,qwen/qwen3.6-flash,Alibaba,standard,false,true,,stop,stop,517,517,MSCodeBase 1-L live arm,test567,false
gen-1786742040-hsbqTqScxt7lXg7jo20s,2026-08-14 21:14:00.851,0.000033,,,,0,108,12,0,0,qwen/qwen3.6-flash,Alibaba,standard,false,true,,stop,stop,517,517,MSCodeBase 1-L live arm,test567,false
gen-1786742039-jxfl4INcJkhFTmYUbLiy,2026-08-14 21:13:59.572,0.000033,,,,0,109,12,0,0,qwen/qwen3.6-flash,Alibaba,standard,false,true,,stop,stop,680,680,MSCodeBase 1-L live arm,test567,false
gen-1786742038-UZvGiqsMIHSU5JY5QNb3,2026-08-14 21:13:58.268,0.000033,,,,0,106,12,0,0,qwen/qwen3.6-flash,Alibaba,standard,false,true,,stop,stop,710,710,MSCodeBase 1-L live arm,test567,false
gen-1786742036-dcEVCKTgu389uIXoRn5o,2026-08-14 21:13:56.913,0.000033,,,,0,108,12,0,0,qwen/qwen3.6-flash,Alibaba,standard,false,true,,stop,stop,694,694,MSCodeBase 1-L live arm,test567,false
gen-1786742035-KdQirqXY3O8g4EXO3rcl,2026-08-14 21:13:55.821,0.000005,,,,0,141,7,0,0,qwen/qwen3.7-flash-20260727,Alibaba,standard,false,true,,stop,stop,789,789,MSCodeBase 1-L live arm,test567,false
gen-1786742031-zKOXXLD1I5w6BEY0GhQa,2026-08-14 21:13:51.852,0.000005,,,,0,146,11,0,0,qwen/qwen3.7-flash-20260727,Alibaba,standard,false,true,,stop,stop,747,747,MSCodeBase 1-L live arm,test567,false
gen-1786742030-jemSBBAIPLulgEvB4jAb,2026-08-14 21:13:50.669,0.000005,,,,0,146,7,0,0,qwen/qwen3.7-flash-20260727,Alibaba,standard,false,true,,stop,stop,571,571,MSCodeBase 1-L live arm,test567,false
gen-1786742029-dB2tXVWRJvL2pqI7bKUa,2026-08-14 21:13:49.456,0.000005,,,,0,143,12,0,0,qwen/qwen3.7-flash-20260727,Alibaba,standard,false,true,,stop,stop,596,596,MSCodeBase 1-L live arm,test567,false
gen-1786742028-QagG8iIQnss3vnaNT3Ky,2026-08-14 21:13:48.057,0.000005,,,,0,144,11,0,0,qwen/qwen3.7-flash-20260727,Alibaba,standard,false,true,,stop,stop,771,771,MSCodeBase 1-L live arm,test567,false
gen-1786742026-zw1idoJZVLrqjZDa1ued,2026-08-14 21:13:46.732,0.000005,,,,0,143,11,0,0,qwen/qwen3.7-flash-20260727,Alibaba,standard,false,true,,stop,stop,712,712,MSCodeBase 1-L live arm,test567,false
gen-1786742025-PLe5TTWPfQR39UXAQWo9,2026-08-14 21:13:45.568,0.000005,,,,0,146,11,0,0,qwen/qwen3.7-flash-20260727,Alibaba,standard,false,true,,stop,stop,534,534,MSCodeBase 1-L live arm,test567,false
gen-1786742024-OhdhzHpr4cdgAcKqg7tU,2026-08-14 21:13:44.417,0.000005,,,,0,140,12,0,0,qwen/qwen3.7-flash-20260727,Alibaba,standard,false,true,,stop,stop,540,540,MSCodeBase 1-L live arm,test567,false
gen-1786742023-GsaGpO2lNZtecI9N4NKc,2026-08-14 21:13:43.109,0.000005,,,,0,145,7,0,0,qwen/qwen3.7-flash-20260727,Alibaba,standard,false,true,,stop,stop,701,701,MSCodeBase 1-L live arm,test567,false
gen-1786742021-JIbFyjS6nfQvi0shheQq,2026-08-14 21:13:41.865,0.000005,,,,0,143,7,0,0,qwen/qwen3.7-flash-20260727,Alibaba,standard,false,true,,stop,stop,580,580,MSCodeBase 1-L live arm,test567,false
gen-1786742020-i27NBQMRmED8ejnfeiZl,2026-08-14 21:13:40.567,0.000005,,,,0,143,7,0,0,qwen/qwen3.7-flash-20260727,Alibaba,standard,false,true,,stop,stop,695,695,MSCodeBase 1-L live arm,test567,false
gen-1786742019-HYzpx34G7Evip8fGJkSl,2026-08-14 21:13:39.301,0.000005,,,,0,145,12,0,0,qwen/qwen3.7-flash-20260727,Alibaba,standard,false,true,,stop,stop,641,641,MSCodeBase 1-L live arm,test567,false
gen-1786742017-CiwwIDWt2J4oIAA7yylc,2026-08-14 21:13:37.900,0.000005,,,,0,143,7,0,0,qwen/qwen3.7-flash-20260727,Alibaba,standard,false,true,,stop,stop,791,791,MSCodeBase 1-L live arm,test567,false
gen-1786742014-gwWIeFESVWVO0IBIa8s8,2026-08-14 21:13:34.143,0.000005,,,,0,144,7,0,0,qwen/qwen3.7-flash-20260727,Alibaba,standard,false,true,,stop,stop,538,538,MSCodeBase 1-L live arm,test567,false
gen-1786742012-c4lsmsODaPppcXTScfEb,2026-08-14 21:13:32.994,0.000005,,,,0,146,12,0,0,qwen/qwen3.7-flash-20260727,Alibaba,standard,false,true,,stop,stop,547,547,MSCodeBase 1-L live arm,test567,false
gen-1786742011-WhjBtHiYXvKrsrWC79tx,2026-08-14 21:13:31.336,0.000005,,,,0,143,12,0,0,qwen/qwen3.7-flash-20260727,Alibaba,standard,false,true,,stop,stop,833,833,MSCodeBase 1-L live arm,test567,false
gen-1786742010-kzBuuX5qyyntuGooTRl8,2026-08-14 21:13:30.098,0.000005,,,,0,145,7,0,0,qwen/qwen3.7-flash-20260727,Alibaba,standard,false,true,,stop,stop,635,635,MSCodeBase 1-L live arm,test567,false
gen-1786742008-XkXsaLvAzAgkIpJYQe3A,2026-08-14 21:13:28.776,0.000005,,,,0,145,7,0,0,qwen/qwen3.7-flash-20260727,Alibaba,standard,false,true,,stop,stop,711,711,MSCodeBase 1-L live arm,test567,false
gen-1786742007-y6HY3zvqUCimgL7YJkvO,2026-08-14 21:13:27.460,0.000005,,,,0,141,12,0,0,qwen/qwen3.7-flash-20260727,Alibaba,standard,false,true,,stop,stop,695,695,MSCodeBase 1-L live arm,test567,false
gen-1786742006-xF13pRnK7xVj4AYx1TxX,2026-08-14 21:13:26.098,0.000005,,,,0,143,7,0,0,qwen/qwen3.7-flash-20260727,Alibaba,standard,false,true,,stop,stop,573,573,MSCodeBase 1-L live arm,test567,false
gen-1786742004-pMepyPj0RA08cfsmpWZB,2026-08-14 21:13:24.719,0.000005,,,,0,143,7,0,0,qwen/qwen3.7-flash-20260727,Alibaba,standard,false,true,,stop,stop,645,645,MSCodeBase 1-L live arm,test567,false
gen-1786742003-0IvlHIZgmib65hNPps3D,2026-08-14 21:13:23.307,0.000005,,,,0,146,11,0,0,qwen/qwen3.7-flash-20260727,Alibaba,standard,false,true,,stop,stop,782,782,MSCodeBase 1-L live arm,test567,false
gen-1786742001-zhx6i3ZoNnIQG8pCQynw,2026-08-14 21:13:21.982,0.000005,,,,0,145,7,0,0,qwen/qwen3.7-flash-20260727,Alibaba,standard,false,true,,stop,stop,717,717,MSCodeBase 1-L live arm,test567,false
gen-1786742000-KrOwJtiCZB7IeJX6F1F9,2026-08-14 21:13:20.844,0.000005,,,,0,146,7,0,0,qwen/qwen3.7-flash-20260727,Alibaba,standard,false,true,,stop,stop,521,521,MSCodeBase 1-L live arm,test567,false
gen-1786741999-DWDWDyD19NJxpUqQUphI,2026-08-14 21:13:19.668,0.000005,,,,0,144,7,0,0,qwen/qwen3.7-flash-20260727,Alibaba,standard,false,true,,stop,stop,576,576,MSCodeBase 1-L live arm,test567,false
gen-1786741998-wemnXxB0OkOWHVBI5h45,2026-08-14 21:13:18.172,0.000005,,,,0,143,12,0,0,qwen/qwen3.7-flash-20260727,Alibaba,standard,false,true,,stop,stop,864,864,MSCodeBase 1-L live arm,test567,false
gen-1786741996-Sf8dpGoe83NkrtgYETMy,2026-08-14 21:13:16.828,0.000005,,,,0,146,12,0,0,qwen/qwen3.7-flash-20260727,Alibaba,standard,false,true,,stop,stop,741,741,MSCodeBase 1-L live arm,test567,false
gen-1786741995-XhqBBM70nC5x45CgfRv9,2026-08-14 21:13:15.404,0.000005,,,,0,146,7,0,0,qwen/qwen3.7-flash-20260727,Alibaba,standard,false,true,,stop,stop,800,800,MSCodeBase 1-L live arm,test567,false
gen-1786741994-LQS5ZWAoXSFeutSnlXdg,2026-08-14 21:13:14.078,0.000005,,,,0,145,12,0,0,qwen/qwen3.7-flash-20260727,Alibaba,standard,false,true,,stop,stop,701,701,MSCodeBase 1-L live arm,test567,false
gen-1786741992-f2b0bg7ek1IC43pc8fS7,2026-08-14 21:13:12.586,0.000005,,,,0,145,12,0,0,qwen/qwen3.7-flash-20260727,Alibaba,standard,false,true,,stop,stop,881,881,MSCodeBase 1-L live arm,test567,false
gen-1786741991-HCwFUYiXgpADURQNNzkB,2026-08-14 21:13:11.359,0.000005,,,,0,141,7,0,0,qwen/qwen3.7-flash-20260727,Alibaba,standard,false,true,,stop,stop,601,601,MSCodeBase 1-L live arm,test567,false
gen-1786741990-AswVMEM9BPSq5ONYBEN5,2026-08-14 21:13:10.190,0.000005,,,,0,146,12,0,0,qwen/qwen3.7-flash-20260727,Alibaba,standard,false,true,,stop,stop,562,562,MSCodeBase 1-L live arm,test567,false
gen-1786741988-QyEWj73eLkC6K5Qis4qc,2026-08-14 21:13:08.671,0.000005,,,,0,141,12,0,0,qwen/qwen3.7-flash-20260727,Alibaba,standard,false,true,,stop,stop,870,870,MSCodeBase 1-L live arm,test567,false
gen-1786741987-5aOqlkLt2SFgO1D0U3ld,2026-08-14 21:13:07.376,0.000005,,,,0,143,12,0,0,qwen/qwen3.7-flash-20260727,Alibaba,standard,false,true,,stop,stop,713,713,MSCodeBase 1-L live arm,test567,false
gen-1786741986-MLZU6Z4ToUkXGT3qMO4j,2026-08-14 21:13:06.240,0.000005,,,,0,140,12,0,0,qwen/qwen3.7-flash-20260727,Alibaba,standard,false,true,,stop,stop,547,547,MSCodeBase 1-L live arm,test567,false
gen-1786741984-8ThHcSTtB1n2Z3k9JQiM,2026-08-14 21:13:04.827,0.000005,,,,0,144,11,0,0,qwen/qwen3.7-flash-20260727,Alibaba,standard,false,true,,stop,stop,826,826,MSCodeBase 1-L live arm,test567,false
gen-1786741983-kHfD6vo6OlHvrP8mSqqD,2026-08-14 21:13:03.705,0.000005,,,,0,143,7,0,0,qwen/qwen3.7-flash-20260727,Alibaba,standard,false,true,,stop,stop,523,523,MSCodeBase 1-L live arm,test567,false
gen-1786741982-FfiPjejcQ5s2i9yuGP0F,2026-08-14 21:13:02.558,0.000005,,,,0,144,7,0,0,qwen/qwen3.7-flash-20260727,Alibaba,standard,false,true,,stop,stop,545,545,MSCodeBase 1-L live arm,test567,false
gen-1786741981-iAEv5gJ1jHFSNsOsH6kV,2026-08-14 21:13:01.378,0.000005,,,,0,148,7,0,0,qwen/qwen3.7-flash-20260727,Alibaba,standard,false,true,,stop,stop,586,586,MSCodeBase 1-L live arm,test567,false
gen-1786741980-1VNwKlPvX2cqsATlfCGj,2026-08-14 21:13:00.151,0.000005,,,,0,144,7,0,0,qwen/qwen3.7-flash-20260727,Alibaba,standard,false,true,,stop,stop,653,653,MSCodeBase 1-L live arm,test567,false
gen-1786741978-9dQn9IDIBunodtp9XqJY,2026-08-14 21:12:58.922,0.000005,,,,0,143,7,0,0,qwen/qwen3.7-flash-20260727,Alibaba,standard,false,true,,stop,stop,649,649,MSCodeBase 1-L live arm,test567,false
gen-1786741977-0M2iTwRxpze783GJWNBd,2026-08-14 21:12:57.543,0.000005,,,,0,145,7,0,0,qwen/qwen3.7-flash-20260727,Alibaba,standard,false,true,,stop,stop,797,797,MSCodeBase 1-L live arm,test567,false
gen-1786741976-PcR41RLvrHyHv4LsbgkS,2026-08-14 21:12:56.094,0.000005,,,,0,148,7,0,0,qwen/qwen3.7-flash-20260727,Alibaba,standard,false,true,,stop,stop,756,756,MSCodeBase 1-L live arm,test567,false
gen-1786741974-Fgr1LnwhzWgPaLK5Z1UU,2026-08-14 21:12:54.890,0.000005,,,,0,146,7,0,0,qwen/qwen3.7-flash-20260727,Alibaba,standard,false,true,,stop,stop,604,604,MSCodeBase 1-L live arm,test567,false
gen-1786741973-ItP7SYNj2lKXZVeftsGw,2026-08-14 21:12:53.731,0.000006,,,,0,157,12,0,0,qwen/qwen3.7-flash-20260727,Alibaba,standard,false,true,,stop,stop,570,570,MSCodeBase 1-L live arm,test567,false
gen-1786741972-qpaYZc4BYCzXxStnRiib,2026-08-14 21:12:52.384,0.000005,,,,0,150,12,0,0,qwen/qwen3.7-flash-20260727,Alibaba,standard,false,true,,stop,stop,755,755,MSCodeBase 1-L live arm,test567,false
gen-1786741971-nvdGgXkheoeK1cOYbFTW,2026-08-14 21:12:51.235,0.000006,,,,0,151,12,0,0,qwen/qwen3.7-flash-20260727,Alibaba,standard,false,true,,stop,stop,556,556,MSCodeBase 1-L live arm,test567,false
gen-1786741969-UQRSXe3GxU0elItMRZlc,2026-08-14 21:12:49.805,0.000006,,,,0,155,12,0,0,qwen/qwen3.7-flash-20260727,Alibaba,standard,false,true,,stop,stop,849,849,MSCodeBase 1-L live arm,test567,false
gen-1786741968-aqvdzwLXHnjdPnxeKt9i,2026-08-14 21:12:48.563,0.000005,,,,0,149,7,0,0,qwen/qwen3.7-flash-20260727,Alibaba,standard,false,true,,stop,stop,618,618,MSCodeBase 1-L live arm,test567,false
gen-1786741967-W5cj8pQggIvzbVIZumVI,2026-08-14 21:12:47.252,0.000005,,,,0,151,7,0,0,qwen/qwen3.7-flash-20260727,Alibaba,standard,false,true,,stop,stop,723,723,MSCodeBase 1-L live arm,test567,false
gen-1786741966-5If1sZ99xy8mwWSIwY9s,2026-08-14 21:12:46.334,0.000003,,,,0,104,7,0,0,qwen/qwen3.7-flash-20260727,Alibaba,standard,false,true,,stop,stop,638,638,MSCodeBase 1-L live arm,test567,false
gen-1786741965-wvok9onxSPHcR13SrNHW,2026-08-14 21:12:45.201,0.000004,,,,0,109,7,0,0,qwen/qwen3.7-flash-20260727,Alibaba,standard,false,true,,stop,stop,546,546,MSCodeBase 1-L live arm,test567,false
gen-1786741963-LuCNfEV35PCcMOgXWCFi,2026-08-14 21:12:43.962,0.000004,,,,0,109,12,0,0,qwen/qwen3.7-flash-20260727,Alibaba,standard,false,true,,stop,stop,643,643,MSCodeBase 1-L live arm,test567,false
gen-1786741962-REaq7LqOY7JE2NdqZ7mx,2026-08-14 21:12:41.545,0.000004,,,,0,106,11,0,0,qwen/qwen3.7-flash-20260727,Alibaba,standard,false,true,,stop,stop,716,716,MSCodeBase 1-L live arm,test567,false
gen-1786741960-1VzO8zoIGxXBUDdhIrWi,2026-08-14 21:12:40.221,0.000004,,,,0,107,12,0,0,qwen/qwen3.7-flash-20260727,Alibaba,standard,false,true,,stop,stop,732,732,MSCodeBase 1-L live arm,test567,false
gen-1786741958-8RXcH9pcjgUvpoVRqQx5,2026-08-14 21:12:38.855,0.000004,,,,0,106,7,0,0,qwen/qwen3.7-flash-20260727,Alibaba,standard,false,true,,stop,stop,780,780,MSCodeBase 1-L live arm,test567,false
gen-1786741957-6FunPTCQStzzUqlkU91S,2026-08-14 21:12:37.503,0.000004,,,,0,109,12,0,0,qwen/qwen3.7-flash-20260727,Alibaba,standard,false,true,,stop,stop,768,768,MSCodeBase 1-L live arm,test567,false
gen-1786741956-gzOWE3WOywdlivlZOrSw,2026-08-14 21:12:36.125,0.000004,,,,0,103,12,0,0,qwen/qwen3.7-flash-20260727,Alibaba,standard,false,true,,stop,stop,800,800,MSCodeBase 1-L live arm,test567,false
gen-1786741954-vKeQ3Clw5DbChoj6BNtp,2026-08-14 21:12:34.906,0.000004,,,,0,107,12,0,0,qwen/qwen3.7-flash-20260727,Alibaba,standard,false,true,,stop,stop,637,637,MSCodeBase 1-L live arm,test567,false
gen-1786741953-EgMUU4JbbgaGzoV1iTkh,2026-08-14 21:12:33.728,0.000004,,,,0,106,11,0,0,qwen/qwen3.7-flash-20260727,Alibaba,standard,false,true,,stop,stop,581,581,MSCodeBase 1-L live arm,test567,false
gen-1786741952-SmnLhxuIA6sAf0W7oMmt,2026-08-14 21:12:32.567,0.000004,,,,0,107,12,0,0,qwen/qwen3.7-flash-20260727,Alibaba,standard,false,true,,stop,stop,575,575,MSCodeBase 1-L live arm,test567,false
gen-1786741951-rKjDdSk1n3ilSN0Bru1y,2026-08-14 21:12:31.202,0.000004,,,,0,107,11,0,0,qwen/qwen3.7-flash-20260727,Alibaba,standard,false,true,,stop,stop,772,772,MSCodeBase 1-L live arm,test567,false
gen-1786741950-indSfWHxrrAan9iympgw,2026-08-14 21:12:30.009,0.000004,,,,0,106,11,0,0,qwen/qwen3.7-flash-20260727,Alibaba,standard,false,true,,stop,stop,610,610,MSCodeBase 1-L live arm,test567,false
gen-1786741945-hoKEd673o8cGYgqy7MwC,2026-08-14 21:12:25.992,0.000004,,,,0,107,12,0,0,qwen/qwen3.7-flash-20260727,Alibaba,standard,false,true,,stop,stop,891,891,MSCodeBase 1-L live arm,test567,false
gen-1786741944-m0o83hLFaWPGn3m4MLCZ,2026-08-14 21:12:24.840,0.000004,,,,0,109,12,0,0,qwen/qwen3.7-flash-20260727,Alibaba,standard,false,true,,stop,stop,579,579,MSCodeBase 1-L live arm,test567,false
gen-1786741943-iPJixJarsTl7XvA25pha,2026-08-14 21:12:23.607,0.000004,,,,0,106,11,0,0,qwen/qwen3.7-flash-20260727,Alibaba,standard,false,true,,stop,stop,652,652,MSCodeBase 1-L live arm,test567,false
gen-1786741942-BCuyt7dNtjM1kWHaAqDG,2026-08-14 21:12:22.252,0.000004,,,,0,108,12,0,0,qwen/qwen3.7-flash-20260727,Alibaba,standard,false,true,,stop,stop,774,774,MSCodeBase 1-L live arm,test567,false
gen-1786741940-ZTOudCFUHPBZtAtXvpSC,2026-08-14 21:12:20.885,0.000004,,,,0,108,7,0,0,qwen/qwen3.7-flash-20260727,Alibaba,standard,false,true,,stop,stop,767,767,MSCodeBase 1-L live arm,test567,false
gen-1786741939-VwxleXWjlQogJvesHJAe,2026-08-14 21:12:19.742,0.000003,,,,0,104,7,0,0,qwen/qwen3.7-flash-20260727,Alibaba,standard,false,true,,stop,stop,556,556,MSCodeBase 1-L live arm,test567,false
gen-1786741938-gB9PWKmwXndZIgvMJjV9,2026-08-14 21:12:18.501,0.000004,,,,0,106,7,0,0,qwen/qwen3.7-flash-20260727,Alibaba,standard,false,true,,stop,stop,648,648,MSCodeBase 1-L live arm,test567,false
gen-1786741937-13ODUKcavYNBtRCFQKKC,2026-08-14 21:12:17.098,0.000004,,,,0,106,12,0,0,qwen/qwen3.7-flash-20260727,Alibaba,standard,false,true,,stop,stop,830,830,MSCodeBase 1-L live arm,test567,false
gen-1786741935-Mvr71FkGUlC3CZKQ3eFo,2026-08-14 21:12:15.966,0.000004,,,,0,108,11,0,0,qwen/qwen3.7-flash-20260727,Alibaba,standard,false,true,,stop,stop,530,530,MSCodeBase 1-L live arm,test567,false
gen-1786741934-qgfYQBzgTDgAPF2DPUet,2026-08-14 21:12:14.732,0.000004,,,,0,108,12,0,0,qwen/qwen3.7-flash-20260727,Alibaba,standard,false,true,,stop,stop,644,644,MSCodeBase 1-L live arm,test567,false
gen-1786741933-zDCfDeUj4aNjPYVBVuJe,2026-08-14 21:12:13.431,0.000004,,,,0,108,12,0,0,qwen/qwen3.7-flash-20260727,Alibaba,standard,false,true,,stop,stop,719,719,MSCodeBase 1-L live arm,test567,false
gen-1786741932-WJTPg3Ks79MJ3qhR3fsZ,2026-08-14 21:12:12.025,0.000004,,,,0,108,12,0,0,qwen/qwen3.7-flash-20260727,Alibaba,standard,false,true,,stop,stop,799,799,MSCodeBase 1-L live arm,test567,false
gen-1786741930-gmNAy8NiFhEbZM7notUJ,2026-08-14 21:12:10.662,0.000004,,,,0,106,12,0,0,qwen/qwen3.7-flash-20260727,Alibaba,standard,false,true,,stop,stop,725,725,MSCodeBase 1-L live arm,test567,false
gen-1786741929-xaf2BJID0mO6RRl9gqax,2026-08-14 21:12:09.347,0.000004,,,,0,108,12,0,0,qwen/qwen3.7-flash-20260727,Alibaba,standard,false,true,,stop,stop,736,736,MSCodeBase 1-L live arm,test567,false
gen-1786741928-kOY2O3q7T9LUO5mo53ZZ,2026-08-14 21:12:08.017,0.000004,,,,0,107,12,0,0,qwen/qwen3.7-flash-20260727,Alibaba,standard,false,true,,stop,stop,752,752,MSCodeBase 1-L live arm,test567,false
gen-1786741926-4zk5faux96LrYqhEnFgY,2026-08-14 21:12:06.667,0.000004,,,,0,107,11,0,0,qwen/qwen3.7-flash-20260727,Alibaba,standard,false,true,,stop,stop,771,771,MSCodeBase 1-L live arm,test567,false
gen-1786741925-9K4ykIeiZ16Uc80kgfCW,2026-08-14 21:12:05.464,0.000004,,,,0,108,12,0,0,qwen/qwen3.7-flash-20260727,Alibaba,standard,false,true,,stop,stop,621,621,MSCodeBase 1-L live arm,test567,false
gen-1786741924-UaODHrimu1PX7ukL8hDO,2026-08-14 21:12:04.148,0.000004,,,,0,104,12,0,0,qwen/qwen3.7-flash-20260727,Alibaba,standard,false,true,,stop,stop,735,735,MSCodeBase 1-L live arm,test567,false
gen-1786741922-5oNwt34KLDnBaGL3BSwU,2026-08-14 21:12:02.758,0.000004,,,,0,108,11,0,0,qwen/qwen3.7-flash-20260727,Alibaba,standard,false,true,,stop,stop,808,808,MSCodeBase 1-L live arm,test567,false
gen-1786741921-mssewM8VvIrXHz7ciO4f,2026-08-14 21:12:01.630,0.000003,,,,0,104,7,0,0,qwen/qwen3.7-flash-20260727,Alibaba,standard,false,true,,stop,stop,545,545,MSCodeBase 1-L live arm,test567,false
gen-1786741920-q6RZqonV9gpSU0xKBauW,2026-08-14 21:12:00.504,0.000004,,,,0,106,12,0,0,qwen/qwen3.7-flash-20260727,Alibaba,standard,false,true,,stop,stop,544,544,MSCodeBase 1-L live arm,test567,false
gen-1786741919-aXALtTB1YHHWDcK7109p,2026-08-14 21:11:59.247,0.000003,,,,0,104,7,0,0,qwen/qwen3.7-flash-20260727,Alibaba,standard,false,true,,stop,stop,665,665,MSCodeBase 1-L live arm,test567,false
gen-1786741918-09Z0gkTdQnzavv7sM9Ic,2026-08-14 21:11:58.084,0.000004,,,,0,107,12,0,0,qwen/qwen3.7-flash-20260727,Alibaba,standard,false,true,,stop,stop,569,569,MSCodeBase 1-L live arm,test567,false
gen-1786741916-lfQvxZ0RPRiDxWv8pcDO,2026-08-14 21:11:56.948,0.000004,,,,0,105,7,0,0,qwen/qwen3.7-flash-20260727,Alibaba,standard,false,true,,stop,stop,547,547,MSCodeBase 1-L live arm,test567,false
gen-1786741915-kz5Iydwm6si8XXgppJSm,2026-08-14 21:11:55.801,0.000004,,,,0,108,12,0,0,qwen/qwen3.7-flash-20260727,Alibaba,standard,false,true,,stop,stop,559,559,MSCodeBase 1-L live arm,test567,false
gen-1786741914-jH2dHcH6xaWCJhbPeTDI,2026-08-14 21:11:54.364,0.000004,,,,0,109,7,0,0,qwen/qwen3.7-flash-20260727,Alibaba,standard,false,true,,stop,stop,849,849,MSCodeBase 1-L live arm,test567,false
gen-1786741913-BFRkNcO8N2OmZiKIdpFD,2026-08-14 21:11:53.142,0.000004,,,,0,108,7,0,0,qwen/qwen3.7-flash-20260727,Alibaba,standard,false,true,,stop,stop,623,623,MSCodeBase 1-L live arm,test567,false
gen-1786741912-Jgss8p8Ph4QIfsq23cpf,2026-08-14 21:11:52.009,0.000004,,,,0,107,7,0,0,qwen/qwen3.7-flash-20260727,Alibaba,standard,false,true,,stop,stop,550,550,MSCodeBase 1-L live arm,test567,false
gen-1786741910-lMozaT1SPG2vZIP3FCDB,2026-08-14 21:11:50.681,0.000004,,,,0,108,12,0,0,qwen/qwen3.7-flash-20260727,Alibaba,standard,false,true,,stop,stop,734,734,MSCodeBase 1-L live arm,test567,false
gen-1786741909-iNOuCO57nZppSGJKRg2A,2026-08-14 21:11:49.416,0.000004,,,,0,108,7,0,0,qwen/qwen3.7-flash-20260727,Alibaba,standard,false,true,,stop,stop,674,674,MSCodeBase 1-L live arm,test567,false
gen-1786741908-EJvTsYltDGTAIfXTDh2q,2026-08-14 21:11:48.078,0.000004,,,,0,106,7,0,0,qwen/qwen3.7-flash-20260727,Alibaba,standard,false,true,,stop,stop,757,757,MSCodeBase 1-L live arm,test567,false
gen-1786741906-NTd5iR2OPtOzLD9WnHjf,2026-08-14 21:11:46.839,0.000004,,,,0,112,12,0,0,qwen/qwen3.7-flash-20260727,Alibaba,standard,false,true,,stop,stop,642,642,MSCodeBase 1-L live arm,test567,false
gen-1786741905-K11OL7B5WksuXJLobfjx,2026-08-14 21:11:45.708,0.000004,,,,0,106,12,0,0,qwen/qwen3.7-flash-20260727,Alibaba,standard,false,true,,stop,stop,552,552,MSCodeBase 1-L live arm,test567,false
gen-1786741904-027FvggNY5Odv84dVkyK,2026-08-14 21:11:44.414,0.000004,,,,0,108,11,0,0,qwen/qwen3.7-flash-20260727,Alibaba,standard,false,true,,stop,stop,694,694,MSCodeBase 1-L live arm,test567,false
gen-1786741903-ljMteFH67wjXInkHEY9e,2026-08-14 21:11:43.259,0.000004,,,,0,109,7,0,0,qwen/qwen3.7-flash-20260727,Alibaba,standard,false,true,,stop,stop,566,566,MSCodeBase 1-L live arm,test567,false
gen-1786741901-AR2KXap3SFeDd2lFKC1t,2026-08-14 21:11:41.862,0.000004,,,,0,106,12,0,0,qwen/qwen3.7-flash-20260727,Alibaba,standard,false,true,,stop,stop,794,794,MSCodeBase 1-L live arm,test567,false
gen-1786741900-GdEiSWjdVPhd9B1MeFyH,2026-08-14 21:11:40.556,0.000004,,,,0,108,12,0,0,qwen/qwen3.7-flash-20260727,Alibaba,standard,false,true,,stop,stop,555,555,MSCodeBase 1-L live arm,test567,false
gen-1786741067-pMuiyHZ5Gl0J2r4eBg0K,2026-08-14 20:57:47.473,0.000069,,,,0,151,8,0,0,deepseek/deepseek-v4-pro-20260423,Baidu,standard,false,true,,stop,stop,739,739,MSCodeBase 1-L live arm,test567,false
gen-1786741066-Lawm27jJrTLaEpQ8KfmH,2026-08-14 20:57:46.152,0.000072,,,,0,157,8,0,0,deepseek/deepseek-v4-pro-20260423,Baidu,standard,false,true,,stop,stop,715,715,MSCodeBase 1-L live arm,test567,false
gen-1786741064-IPgOQGJcns8YayibUVRD,2026-08-14 20:57:44.891,0.000072,,,,0,158,8,0,0,deepseek/deepseek-v4-pro-20260423,Baidu,standard,false,true,,stop,stop,632,632,MSCodeBase 1-L live arm,test567,false
gen-1786741063-XUVP06LThmMuGebHvto0,2026-08-14 20:57:43.540,0.000072,,,,0,157,8,0,0,deepseek/deepseek-v4-pro-20260423,Baidu,standard,false,true,,stop,stop,737,737,MSCodeBase 1-L live arm,test567,false
gen-1786741062-KwKSLFm3vEEd4dBgCRIw,2026-08-14 20:57:42.081,0.000071,,,,0,155,8,0,0,deepseek/deepseek-v4-pro-20260423,Baidu,standard,false,true,,stop,stop,652,652,MSCodeBase 1-L live arm,test567,false
gen-1786741060-qrKYIPQXmaxvmUQ9SIJp,2026-08-14 20:57:40.781,0.00007,,,,0,153,8,0,0,deepseek/deepseek-v4-pro-20260423,Baidu,standard,false,true,,stop,stop,685,685,MSCodeBase 1-L live arm,test567,false
gen-1786741059-rqNo6D6PH6JrFskx0ec6,2026-08-14 20:57:39.483,0.000072,,,,0,158,8,0,0,deepseek/deepseek-v4-pro-20260423,Baidu,standard,false,true,,stop,stop,667,667,MSCodeBase 1-L live arm,test567,false
gen-1786741058-vuI3cYSWHxtTKo8ucuXV,2026-08-14 20:57:38.224,0.000069,,,,0,150,8,0,0,deepseek/deepseek-v4-pro-20260423,Baidu,standard,false,true,,stop,stop,643,643,MSCodeBase 1-L live arm,test567,false
gen-1786741056-eP2uC9W4Dy0hhE8SLNYb,2026-08-14 20:57:36.946,0.000072,,,,0,157,8,0,0,deepseek/deepseek-v4-pro-20260423,Baidu,standard,false,true,,stop,stop,659,659,MSCodeBase 1-L live arm,test567,false
gen-1786741055-n3w5yxToT4KmurYFhjKA,2026-08-14 20:57:35.442,0.000071,,,,0,154,8,0,0,deepseek/deepseek-v4-pro-20260423,Baidu,standard,false,true,,stop,stop,885,885,MSCodeBase 1-L live arm,test567,false
gen-1786741054-9rrvn2hnGaVkUJonz7eu,2026-08-14 20:57:34.125,0.000071,,,,0,155,8,0,0,deepseek/deepseek-v4-pro-20260423,Baidu,standard,false,true,,stop,stop,692,692,MSCodeBase 1-L live arm,test567,false
gen-1786741052-gLhNDEKvzF8PMwVOY2qT,2026-08-14 20:57:32.863,0.000071,,,,0,156,8,0,0,deepseek/deepseek-v4-pro-20260423,Baidu,standard,false,true,,stop,stop,658,658,MSCodeBase 1-L live arm,test567,false
gen-1786741051-Slec9B5bbegeoZTQpzZj,2026-08-14 20:57:31.367,0.000071,,,,0,156,8,0,0,deepseek/deepseek-v4-pro-20260423,Baidu,standard,false,true,,stop,stop,888,888,MSCodeBase 1-L live arm,test567,false
gen-1786741050-J7KygPBLkNiPBukkacpz,2026-08-14 20:57:30.049,0.000071,,,,0,155,8,0,0,deepseek/deepseek-v4-pro-20260423,Baidu,standard,false,true,,stop,stop,661,661,MSCodeBase 1-L live arm,test567,false
gen-1786741048-EJRWwJEcMMceOygzZuK3,2026-08-14 20:57:28.776,0.000072,,,,0,158,8,0,0,deepseek/deepseek-v4-pro-20260423,Baidu,standard,false,true,,stop,stop,668,668,MSCodeBase 1-L live arm,test567,false
gen-1786741047-FMxpn6svciamqeHsfbFs,2026-08-14 20:57:27.181,0.000071,,,,0,154,8,0,0,deepseek/deepseek-v4-pro-20260423,Baidu,standard,false,true,,stop,stop,966,966,MSCodeBase 1-L live arm,test567,false
gen-1786741045-Jq9QMXXqteVzyWLpvU8t,2026-08-14 20:57:25.835,0.000071,,,,0,156,8,0,0,deepseek/deepseek-v4-pro-20260423,Baidu,standard,false,true,,stop,stop,726,726,MSCodeBase 1-L live arm,test567,false
gen-1786741044-DOPkmXWMnfR7Pgw7GZjH,2026-08-14 20:57:24.234,0.000072,,,,0,158,8,0,0,deepseek/deepseek-v4-pro-20260423,Baidu,standard,false,true,,stop,stop,980,980,MSCodeBase 1-L live arm,test567,false
gen-1786741042-imhWqXaVOeQQE2do0w9I,2026-08-14 20:57:22.810,0.00007,,,,0,153,8,0,0,deepseek/deepseek-v4-pro-20260423,Baidu,standard,false,true,,stop,stop,785,785,MSCodeBase 1-L live arm,test567,false
gen-1786741041-jTb4sl7b5CefCyit1nee,2026-08-14 20:57:21.213,0.000071,,,,0,154,8,0,0,deepseek/deepseek-v4-pro-20260423,Baidu,standard,false,true,,stop,stop,984,984,MSCodeBase 1-L live arm,test567,false
gen-1786741039-CHy9lJcIgfP3Hvu2FZ5L,2026-08-14 20:57:19.721,0.000071,,,,0,155,8,0,0,deepseek/deepseek-v4-pro-20260423,Baidu,standard,false,true,,stop,stop,883,883,MSCodeBase 1-L live arm,test567,false
gen-1786741038-ytGmPd0z7Ip6xDXZPfvF,2026-08-14 20:57:18.035,0.000073,,,,0,159,8,0,0,deepseek/deepseek-v4-pro-20260423,Baidu,standard,false,true,,stop,stop,1066,1066,MSCodeBase 1-L live arm,test567,false
gen-1786741036-GfvBKDTbPA4oRqlleKpu,2026-08-14 20:57:16.645,0.000071,,,,0,156,8,0,0,deepseek/deepseek-v4-pro-20260423,Baidu,standard,false,true,,stop,stop,786,786,MSCodeBase 1-L live arm,test567,false
gen-1786741035-wAjqSZzLSJINkzALTCy8,2026-08-14 20:57:15.424,0.000072,,,,0,158,8,0,0,deepseek/deepseek-v4-pro-20260423,Baidu,standard,false,true,,stop,stop,615,615,MSCodeBase 1-L live arm,test567,false
gen-1786741034-ZyctWPl4pSKUU0HuSDBK,2026-08-14 20:57:14.086,0.000071,,,,0,156,8,0,0,deepseek/deepseek-v4-pro-20260423,Baidu,standard,false,true,,stop,stop,728,728,MSCodeBase 1-L live arm,test567,false
gen-1786741032-T7x1krEyvTyE1HU8txzo,2026-08-14 20:57:12.768,0.000071,,,,0,154,8,0,0,deepseek/deepseek-v4-pro-20260423,Baidu,standard,false,true,,stop,stop,694,694,MSCodeBase 1-L live arm,test567,false
gen-1786741031-ExVwHrdimJlo8JCyM29r,2026-08-14 20:57:11.477,0.000071,,,,0,156,8,0,0,deepseek/deepseek-v4-pro-20260423,Baidu,standard,false,true,,stop,stop,664,664,MSCodeBase 1-L live arm,test567,false
gen-1786741030-Z8CwyEknhrkLyYVxR9do,2026-08-14 20:57:10.247,0.000072,,,,0,158,8,0,0,deepseek/deepseek-v4-pro-20260423,Baidu,standard,false,true,,stop,stop,615,615,MSCodeBase 1-L live arm,test567,false
gen-1786741028-5BN2qnYmkMVsdjI64DeL,2026-08-14 20:57:08.983,0.000071,,,,0,155,8,0,0,deepseek/deepseek-v4-pro-20260423,Baidu,standard,false,true,,stop,stop,651,651,MSCodeBase 1-L live arm,test567,false
gen-1786741027-M9541Y720h6dfeg9fEFd,2026-08-14 20:57:07.632,0.000071,,,,0,156,8,0,0,deepseek/deepseek-v4-pro-20260423,Baidu,standard,false,true,,stop,stop,745,745,MSCodeBase 1-L live arm,test567,false
gen-1786741026-WVX0mtnLG84G6bwswEfH,2026-08-14 20:57:06.035,0.00007,,,,0,152,8,0,0,deepseek/deepseek-v4-pro-20260423,Baidu,standard,false,true,,stop,stop,974,974,MSCodeBase 1-L live arm,test567,false
gen-1786741024-NRIWEYJm3X91pnNeAEol,2026-08-14 20:57:04.826,0.000071,,,,0,156,8,0,0,deepseek/deepseek-v4-pro-20260423,Baidu,standard,false,true,,stop,stop,609,609,MSCodeBase 1-L live arm,test567,false
gen-1786741023-c6WcXAuiiTKCKKATLw28,2026-08-14 20:57:03.501,0.000069,,,,0,151,8,0,0,deepseek/deepseek-v4-pro-20260423,Baidu,standard,false,true,,stop,stop,717,717,MSCodeBase 1-L live arm,test567,false
gen-1786741022-KRPRaUFwGnwriheQUNDf,2026-08-14 20:57:02.097,0.000071,,,,0,154,8,0,0,deepseek/deepseek-v4-pro-20260423,Baidu,standard,false,true,,stop,stop,779,779,MSCodeBase 1-L live arm,test567,false
gen-1786741020-aMSHJLXp88fwo2brsSK3,2026-08-14 20:57:00.569,0.000069,,,,0,151,8,0,0,deepseek/deepseek-v4-pro-20260423,Baidu,standard,false,true,,stop,stop,916,916,MSCodeBase 1-L live arm,test567,false
gen-1786741019-LFgsEIi89mFZCMjWRVy4,2026-08-14 20:56:59.321,0.00007,,,,0,153,8,0,0,deepseek/deepseek-v4-pro-20260423,Baidu,standard,false,true,,stop,stop,660,660,MSCodeBase 1-L live arm,test567,false
gen-1786741018-h6RwW7WALx6Ew7QUaEmA,2026-08-14 20:56:58.015,0.000071,,,,0,154,8,0,0,deepseek/deepseek-v4-pro-20260423,Baidu,standard,false,true,,stop,stop,686,686,MSCodeBase 1-L live arm,test567,false
gen-1786741016-hMsitu5uEGA0HybmKUWT,2026-08-14 20:56:56.783,0.000072,,,,0,157,8,0,0,deepseek/deepseek-v4-pro-20260423,Baidu,standard,false,true,,stop,stop,634,634,MSCodeBase 1-L live arm,test567,false
gen-1786741015-eaSgYAcYcRKIbzqyfBkw,2026-08-14 20:56:55.505,0.000073,,,,0,160,8,0,0,deepseek/deepseek-v4-pro-20260423,Baidu,standard,false,true,,stop,stop,648,648,MSCodeBase 1-L live arm,test567,false
gen-1786741014-cuIp7rq0EbOK03H4oHep,2026-08-14 20:56:54.264,0.000071,,,,0,155,8,0,0,deepseek/deepseek-v4-pro-20260423,Baidu,standard,false,true,,stop,stop,635,635,MSCodeBase 1-L live arm,test567,false
gen-1786741012-VnBLAqIp910wFxjLOBwf,2026-08-14 20:56:52.836,0.000071,,,,0,154,8,0,0,deepseek/deepseek-v4-pro-20260423,Baidu,standard,false,true,,stop,stop,792,792,MSCodeBase 1-L live arm,test567,false
gen-1786741011-6XVdt63LK3TmVv3UZHuB,2026-08-14 20:56:51.233,0.000071,,,,0,155,8,0,0,deepseek/deepseek-v4-pro-20260423,Baidu,standard,false,true,,stop,stop,980,980,MSCodeBase 1-L live arm,test567,false
gen-1786741009-47tfU6Ykm81t3IF6HtVh,2026-08-14 20:56:49.755,0.000074,,,,0,163,8,0,0,deepseek/deepseek-v4-pro-20260423,Baidu,standard,false,true,,stop,stop,878,878,MSCodeBase 1-L live arm,test567,false
gen-1786741008-J11OXFIxKTVuGLcssax5,2026-08-14 20:56:48.521,0.000073,,,,0,159,8,0,0,deepseek/deepseek-v4-pro-20260423,Baidu,standard,false,true,,stop,stop,640,640,MSCodeBase 1-L live arm,test567,false
gen-1786741007-Uxe6j8ktgg4vSkLSyCHg,2026-08-14 20:56:47.328,0.000076,,,,0,168,8,0,0,deepseek/deepseek-v4-pro-20260423,Baidu,standard,false,true,,stop,stop,583,583,MSCodeBase 1-L live arm,test567,false
gen-1786741006-pZJBnd4mhpdqmFl48Sl3,2026-08-14 20:56:46.081,0.000074,,,,0,161,8,0,0,deepseek/deepseek-v4-pro-20260423,Baidu,standard,false,true,,stop,stop,632,632,MSCodeBase 1-L live arm,test567,false
gen-1786741004-ctRQFZ565gm2uAvlhI8V,2026-08-14 20:56:44.661,0.000074,,,,0,163,8,0,0,deepseek/deepseek-v4-pro-20260423,Baidu,standard,false,true,,stop,stop,818,818,MSCodeBase 1-L live arm,test567,false
gen-1786741003-AHhZEQohEMzb1mwHrMfg,2026-08-14 20:56:43.454,0.000075,,,,0,165,8,0,0,deepseek/deepseek-v4-pro-20260423,Baidu,standard,false,true,,stop,stop,606,606,MSCodeBase 1-L live arm,test567,false
gen-1786741002-ipAG4SXdRli7trBlCB1P,2026-08-14 20:56:42.011,0.000073,,,,0,160,8,0,0,deepseek/deepseek-v4-pro-20260423,Baidu,standard,false,true,,stop,stop,815,815,MSCodeBase 1-L live arm,test567,false
gen-1786741000-g2ryyKT4Bc1Z4KJzYROI,2026-08-14 20:56:40.656,0.000074,,,,0,163,8,0,0,deepseek/deepseek-v4-pro-20260423,Baidu,standard,false,true,,stop,stop,731,731,MSCodeBase 1-L live arm,test567,false
gen-1786740999-8jnFrVmsSkWwaf938Unv,2026-08-14 20:56:39.608,0.000053,,,,0,112,8,0,0,deepseek/deepseek-v4-pro-20260423,Baidu,standard,false,true,,stop,stop,714,714,MSCodeBase 1-L live arm,test567,false
gen-1786740998-6s6lh7FaVUWm5JOKJA3Q,2026-08-14 20:56:38.382,0.000056,,,,0,118,8,0,0,deepseek/deepseek-v4-pro-20260423,Baidu,standard,false,true,,stop,stop,624,624,MSCodeBase 1-L live arm,test567,false
gen-1786740997-WxvWx2ar7RNZXUDth8eP,2026-08-14 20:56:37.143,0.000056,,,,0,119,8,0,0,deepseek/deepseek-v4-pro-20260423,Baidu,standard,false,true,,stop,stop,640,640,MSCodeBase 1-L live arm,test567,false
gen-1786740995-X4UKfEVGndlng2hz8FfV,2026-08-14 20:56:35.587,0.000056,,,,0,118,8,0,0,deepseek/deepseek-v4-pro-20260423,Baidu,standard,false,true,,stop,stop,911,911,MSCodeBase 1-L live arm,test567,false
gen-1786740994-4UYF3qfKV4Rcmv9hML5F,2026-08-14 20:56:34.282,0.000055,,,,0,117,8,0,0,deepseek/deepseek-v4-pro-20260423,Baidu,standard,false,true,,stop,stop,691,691,MSCodeBase 1-L live arm,test567,false
gen-1786740992-xD9wcoZwyoV1g3tLsweD,2026-08-14 20:56:32.925,0.000055,,,,0,116,8,0,0,deepseek/deepseek-v4-pro-20260423,Baidu,standard,false,true,,stop,stop,724,724,MSCodeBase 1-L live arm,test567,false
gen-1786740991-TC5sgGD87vF7UEnF1HSz,2026-08-14 20:56:31.234,0.000056,,,,0,119,8,0,0,deepseek/deepseek-v4-pro-20260423,Baidu,standard,false,true,,stop,stop,1053,1053,MSCodeBase 1-L live arm,test567,false
gen-1786740989-CgodW6NPeapopC2AChlT,2026-08-14 20:56:29.895,0.000053,,,,0,113,8,0,0,deepseek/deepseek-v4-pro-20260423,Baidu,standard,false,true,,stop,stop,729,729,MSCodeBase 1-L live arm,test567,false
gen-1786740988-Qt78iCpzWlAWxI28kSvZ,2026-08-14 20:56:28.580,0.000056,,,,0,118,8,0,0,deepseek/deepseek-v4-pro-20260423,Baidu,standard,false,true,,stop,stop,725,725,MSCodeBase 1-L live arm,test567,false
gen-1786740987-WJIZp9OkXL9Ncpr7xMo9,2026-08-14 20:56:27.138,0.000054,,,,0,115,8,0,0,deepseek/deepseek-v4-pro-20260423,Baidu,standard,false,true,,stop,stop,837,837,MSCodeBase 1-L live arm,test567,false
gen-1786740985-V8imlwINNMUE5k1HFkOF,2026-08-14 20:56:25.768,0.000055,,,,0,116,8,0,0,deepseek/deepseek-v4-pro-20260423,Baidu,standard,false,true,,stop,stop,757,757,MSCodeBase 1-L live arm,test567,false
gen-1786740984-eDDHd9oIIf8igubj7nox,2026-08-14 20:56:24.237,0.000055,,,,0,116,8,0,0,deepseek/deepseek-v4-pro-20260423,Baidu,standard,false,true,,stop,stop,933,933,MSCodeBase 1-L live arm,test567,false
gen-1786740982-6oUGfF0MYaU08hWokeCi,2026-08-14 20:56:22.479,0.000055,,,,0,116,8,0,0,deepseek/deepseek-v4-pro-20260423,Baidu,standard,false,true,,stop,stop,1148,1148,MSCodeBase 1-L live arm,test567,false
gen-1786740981-KEFBuHLmlMxGonxB2UOF,2026-08-14 20:56:21.112,0.000055,,,,0,117,8,0,0,deepseek/deepseek-v4-pro-20260423,Baidu,standard,false,true,,stop,stop,726,726,MSCodeBase 1-L live arm,test567,false
gen-1786740979-0k904qBxLhVvZRAcZCd6,2026-08-14 20:56:19.457,0.000056,,,,0,119,8,0,0,deepseek/deepseek-v4-pro-20260423,Baidu,standard,false,true,,stop,stop,1049,1049,MSCodeBase 1-L live arm,test567,false
gen-1786740978-sZ21jPYTN9FqxaU0qG95,2026-08-14 20:56:18.143,0.000054,,,,0,115,8,0,0,deepseek/deepseek-v4-pro-20260423,Baidu,standard,false,true,,stop,stop,718,718,MSCodeBase 1-L live arm,test567,false
gen-1786740976-910Q95AEh7GBrgLxY74o,2026-08-14 20:56:16.853,0.000055,,,,0,117,8,0,0,deepseek/deepseek-v4-pro-20260423,Baidu,standard,false,true,,stop,stop,657,657,MSCodeBase 1-L live arm,test567,false
gen-1786740975-py822xjEiru1jQsUe6qa,2026-08-14 20:56:15.339,0.000056,,,,0,118,8,0,0,deepseek/deepseek-v4-pro-20260423,Baidu,standard,false,true,,stop,stop,813,813,MSCodeBase 1-L live arm,test567,false
gen-1786740973-An82Uky2VysQAzo2naUE,2026-08-14 20:56:13.502,0.000054,,,,0,114,8,0,0,deepseek/deepseek-v4-pro-20260423,Baidu,standard,false,true,,stop,stop,1231,1231,MSCodeBase 1-L live arm,test567,false
gen-1786740972-nrF0RdP7lw3Lqi9SLie9,2026-08-14 20:56:12.214,0.000054,,,,0,115,8,0,0,deepseek/deepseek-v4-pro-20260423,Baidu,standard,false,true,,stop,stop,653,653,MSCodeBase 1-L live arm,test567,false
gen-1786740970-RsiwcAJRdigGDhbacEjP,2026-08-14 20:56:10.738,0.000055,,,,0,116,8,0,0,deepseek/deepseek-v4-pro-20260423,Baidu,standard,false,true,,stop,stop,837,837,MSCodeBase 1-L live arm,test567,false
gen-1786740969-XzW00T0eMwuYrIQJ9Xnf,2026-08-14 20:56:09.455,0.000056,,,,0,119,8,0,0,deepseek/deepseek-v4-pro-20260423,Baidu,standard,false,true,,stop,stop,677,677,MSCodeBase 1-L live arm,test567,false
gen-1786740968-pRuSwsnfAMb81ZGeCqtL,2026-08-14 20:56:08.186,0.000055,,,,0,117,8,0,0,deepseek/deepseek-v4-pro-20260423,Baidu,standard,false,true,,stop,stop,659,659,MSCodeBase 1-L live arm,test567,false
gen-1786740966-8A2Kbi9jVSnw88J8LYFb,2026-08-14 20:56:06.786,0.000056,,,,0,118,8,0,0,deepseek/deepseek-v4-pro-20260423,Baidu,standard,false,true,,stop,stop,791,791,MSCodeBase 1-L live arm,test567,false
gen-1786740965-Lwi3lkxqNNhRMcvdibU0,2026-08-14 20:56:05.475,0.000055,,,,0,116,8,0,0,deepseek/deepseek-v4-pro-20260423,Baidu,standard,false,true,,stop,stop,685,685,MSCodeBase 1-L live arm,test567,false
gen-1786740964-2caH9fiYtMdA2ZYSBlR2,2026-08-14 20:56:04.005,0.000055,,,,0,117,8,0,0,deepseek/deepseek-v4-pro-20260423,Baidu,standard,false,true,,stop,stop,861,861,MSCodeBase 1-L live arm,test567,false
gen-1786740962-7WRGMTuCuc6ixfunQd3a,2026-08-14 20:56:02.700,0.000055,,,,0,117,8,0,0,deepseek/deepseek-v4-pro-20260423,Baidu,standard,false,true,,stop,stop,690,690,MSCodeBase 1-L live arm,test567,false
gen-1786740961-RbIqZHePcUrw1aoWx53P,2026-08-14 20:56:01.358,0.000056,,,,0,118,8,0,0,deepseek/deepseek-v4-pro-20260423,Baidu,standard,false,true,,stop,stop,720,720,MSCodeBase 1-L live arm,test567,false
gen-1786740960-Knh5AwsoAtNxqEDDAY81,2026-08-14 20:56:00.050,0.000055,,,,0,116,8,0,0,deepseek/deepseek-v4-pro-20260423,Baidu,standard,false,true,,stop,stop,685,685,MSCodeBase 1-L live arm,test567,false
gen-1786740958-piEWvMgndVzdzGu488g5,2026-08-14 20:55:58.674,0.000056,,,,0,118,8,0,0,deepseek/deepseek-v4-pro-20260423,Baidu,standard,false,true,,stop,stop,750,750,MSCodeBase 1-L live arm,test567,false
gen-1786740957-wlt8vmwm1j3DSDkpFYMl,2026-08-14 20:55:57.371,0.000054,,,,0,114,8,0,0,deepseek/deepseek-v4-pro-20260423,Baidu,standard,false,true,,stop,stop,704,704,MSCodeBase 1-L live arm,test567,false
gen-1786740956-JN4mZrMkzlaSQUxch8os,2026-08-14 20:55:56.064,0.000056,,,,0,118,8,0,0,deepseek/deepseek-v4-pro-20260423,Baidu,standard,false,true,,stop,stop,694,694,MSCodeBase 1-L live arm,test567,false
gen-1786740954-eEPGsKN1Md4yZVZjOhRA,2026-08-14 20:55:54.357,0.000054,,,,0,114,8,0,0,deepseek/deepseek-v4-pro-20260423,Baidu,standard,false,true,,stop,stop,1100,1100,MSCodeBase 1-L live arm,test567,false
gen-1786740953-2aTVYMc8VzLgXxipQRrn,2026-08-14 20:55:53.104,0.000055,,,,0,116,8,0,0,deepseek/deepseek-v4-pro-20260423,Baidu,standard,false,true,,stop,stop,675,675,MSCodeBase 1-L live arm,test567,false
gen-1786740951-aMdWVUDTnpzdv7UzQvkW,2026-08-14 20:55:51.815,0.000053,,,,0,113,8,0,0,deepseek/deepseek-v4-pro-20260423,Baidu,standard,false,true,,stop,stop,706,706,MSCodeBase 1-L live arm,test567,false
gen-1786740950-joCGfoBmrejcNNJUjROe,2026-08-14 20:55:50.518,0.000054,,,,0,115,8,0,0,deepseek/deepseek-v4-pro-20260423,Baidu,standard,false,true,,stop,stop,716,716,MSCodeBase 1-L live arm,test567,false
gen-1786740949-LOyuHOBNagUz7kZga7xe,2026-08-14 20:55:49.279,0.000054,,,,0,115,8,0,0,deepseek/deepseek-v4-pro-20260423,Baidu,standard,false,true,,stop,stop,625,625,MSCodeBase 1-L live arm,test567,false
gen-1786740947-KX66Go7p35AgvED3GdX2,2026-08-14 20:55:47.948,0.000056,,,,0,119,8,0,0,deepseek/deepseek-v4-pro-20260423,Baidu,standard,false,true,,stop,stop,750,750,MSCodeBase 1-L live arm,test567,false
gen-1786740946-JNjhQ1OXueozPYRuZNlk,2026-08-14 20:55:46.756,0.000056,,,,0,120,8,0,0,deepseek/deepseek-v4-pro-20260423,Baidu,standard,false,true,,stop,stop,609,609,MSCodeBase 1-L live arm,test567,false
gen-1786740944-knTJlvkaXTDvrnTqubBq,2026-08-14 20:55:44.450,0.000055,,,,0,116,8,0,0,deepseek/deepseek-v4-pro-20260423,Baidu,standard,false,true,,stop,stop,1166,1166,MSCodeBase 1-L live arm,test567,false
gen-1786740943-ueKrxolWSNZBZbnDZezJ,2026-08-14 20:55:43.201,0.000055,,,,0,116,8,0,0,deepseek/deepseek-v4-pro-20260423,Baidu,standard,false,true,,stop,stop,676,676,MSCodeBase 1-L live arm,test567,false
gen-1786740941-H3aDNLhoTQm4ehtV3oBr,2026-08-14 20:55:41.955,0.000056,,,,0,118,8,0,0,deepseek/deepseek-v4-pro-20260423,Baidu,standard,false,true,,stop,stop,656,656,MSCodeBase 1-L live arm,test567,false
gen-1786740940-px4ARyOXZeWrFIOPMkyw,2026-08-14 20:55:40.676,0.000056,,,,0,119,8,0,0,deepseek/deepseek-v4-pro-20260423,Baidu,standard,false,true,,stop,stop,694,694,MSCodeBase 1-L live arm,test567,false
gen-1786740939-LWDqa0KgDfiHNgrVyAuF,2026-08-14 20:55:39.470,0.000055,,,,0,116,8,0,0,deepseek/deepseek-v4-pro-20260423,Baidu,standard,false,true,,stop,stop,621,621,MSCodeBase 1-L live arm,test567,false
gen-1786740938-Ok3gJjweWjlbIAFPI27A,2026-08-14 20:55:38.245,0.000057,,,,0,121,8,0,0,deepseek/deepseek-v4-pro-20260423,Baidu,standard,false,true,,stop,stop,642,642,MSCodeBase 1-L live arm,test567,false
gen-1786740937-4cp9w1VdduovTK0LZfPG,2026-08-14 20:55:37.044,0.000054,,,,0,115,8,0,0,deepseek/deepseek-v4-pro-20260423,Baidu,standard,false,true,,stop,stop,607,607,MSCodeBase 1-L live arm,test567,false
gen-1786740935-fgMKwuPypjB6nuZuqmRJ,2026-08-14 20:55:35.734,0.000056,,,,0,118,8,0,0,deepseek/deepseek-v4-pro-20260423,Baidu,standard,false,true,,stop,stop,715,715,MSCodeBase 1-L live arm,test567,false
gen-1786740934-Rpw4J0hp3MaKitWY4Ty3,2026-08-14 20:55:34.542,0.000056,,,,0,118,8,0,0,deepseek/deepseek-v4-pro-20260423,Baidu,standard,false,true,,stop,stop,611,611,MSCodeBase 1-L live arm,test567,false
gen-1786740933-VDw6u1ky0EIrdd8CZw67,2026-08-14 20:55:33.221,0.000054,,,,0,115,8,0,0,deepseek/deepseek-v4-pro-20260423,Baidu,standard,false,true,,stop,stop,733,733,MSCodeBase 1-L live arm,test567,false
gen-1786740931-pKoeAWQ68a0XmIb45G5f,2026-08-14 20:55:31.968,0.000056,,,,0,119,8,0,0,deepseek/deepseek-v4-pro-20260423,Baidu,standard,false,true,,stop,stop,664,664,MSCodeBase 1-L live arm,test567,false
gen-1786740931-Ipo3Dg8lWT9VieNkLWBW,2026-08-14 20:55:31.301,0.000138,,-0.000072,,0,127,8,0,64,z-ai/glm-5.2-20260616,Friendli,standard,false,true,,stop,stop,358,358,MSCodeBase 1-L live arm,test567,false
gen-1786740929-gnmtyZ1FbSrWdr7LUshV,2026-08-14 20:55:29.683,0.000066,,-0.000024,,0,133,8,0,64,z-ai/glm-5.2-20260616,Sail Research,standard,false,true,,stop,stop,1033,1033,MSCodeBase 1-L live arm,test567,false
gen-1786740928-LYpAZcHfu8o0R9brd4Ks,2026-08-14 20:55:28.099,0.000091,,,,0,134,8,0,0,z-ai/glm-5.2-20260616,Sail Research,standard,false,true,,stop,stop,981,981,MSCodeBase 1-L live arm,test567,false
gen-1786740926-5Wsq39yPceWYslhGmbQU,2026-08-14 20:55:26.903,0.00009,,,,0,132,8,0,0,z-ai/glm-5.2-20260616,Sail Research,standard,false,true,,stop,stop,598,598,MSCodeBase 1-L live arm,test567,false
gen-1786740925-Je4swjknMpOsRVhHXzSL,2026-08-14 20:55:25.802,0.000142,,-0.000072,,0,130,8,0,64,z-ai/glm-5.2-20260616,Friendli,standard,false,true,,stop,stop,469,469,MSCodeBase 1-L live arm,test567,false
gen-1786740924-NWG1LQIPhLFurqVeo3L8,2026-08-14 20:55:24.398,0.000031,,-0.000128,,0,132,8,0,113,z-ai/glm-5.2-20260616,Baidu,standard,false,true,,stop,stop,808,808,MSCodeBase 1-L live arm,test567,false
gen-1786740922-4m9Z2kGL8NGT8bhzNp3l,2026-08-14 20:55:22.904,0.000065,,-0.000024,,0,132,8,0,64,z-ai/glm-5.2-20260616,Sail Research,standard,false,true,,stop,stop,879,879,MSCodeBase 1-L live arm,test567,false
gen-1786740921-zLjeUM6Q0eumaxaQYaaE,2026-08-14 20:55:21.324,0.000063,,-0.000024,,0,127,8,0,64,z-ai/glm-5.2-20260616,Sail Research,standard,false,true,,stop,stop,973,973,MSCodeBase 1-L live arm,test567,false
gen-1786740920-nFvFUvyMwGTQlbNEfsKC,2026-08-14 20:55:20.004,0.000066,,-0.000024,,0,134,8,0,64,z-ai/glm-5.2-20260616,Sail Research,standard,false,true,,stop,stop,712,712,MSCodeBase 1-L live arm,test567,false
gen-1786740919-RlDcWcG5UuxjLD4DGbW2,2026-08-14 20:55:19.114,0.000142,,-0.000072,,0,130,8,0,64,z-ai/glm-5.2-20260616,Friendli,standard,false,true,,stop,stop,268,268,MSCodeBase 1-L live arm,test567,false
gen-1786740918-9NYalym1EbR66InwKKji,2026-08-14 20:55:18.112,0.000141,,-0.000072,,0,129,8,0,64,z-ai/glm-5.2-20260616,Friendli,standard,false,true,,stop,stop,360,360,MSCodeBase 1-L live arm,test567,false
gen-1786740916-RAkSJJBJj0tqNaRUXgQs,2026-08-14 20:55:16.885,0.000091,,,,0,134,8,0,0,z-ai/glm-5.2-20260616,Sail Research,standard,false,true,,stop,stop,612,612,MSCodeBase 1-L live arm,test567,false
gen-1786740915-kA8kIVHeMD7kiDQWN5Bj,2026-08-14 20:55:15.897,0.000142,,-0.000072,,0,130,8,0,64,z-ai/glm-5.2-20260616,Friendli,standard,false,true,,stop,stop,362,362,MSCodeBase 1-L live arm,test567,false
gen-1786740913-qJ6sNuyR2REwqlQepTTN,2026-08-14 20:55:13.606,0.000066,,-0.000024,,0,133,8,0,64,z-ai/glm-5.2-20260616,Sail Research,standard,false,true,,stop,stop,1690,1690,MSCodeBase 1-L live arm,test567,false
gen-1786740912-vJ9rCJV0YjigPJ2PCB7t,2026-08-14 20:55:12.117,0.00009,,,,0,133,8,0,0,z-ai/glm-5.2-20260616,Sail Research,standard,false,true,,stop,stop,868,868,MSCodeBase 1-L live arm,test567,false
gen-1786740911-cQbuZ0uExCAgwHVHQsiV,2026-08-14 20:55:11.160,0.000142,,-0.000072,,0,130,8,0,64,z-ai/glm-5.2-20260616,Friendli,standard,false,true,,stop,stop,323,323,MSCodeBase 1-L live arm,test567,false
gen-1786740909-kwFOnVFJbY6fwZj3LJ6d,2026-08-14 20:55:09.604,0.000066,,-0.000024,,0,133,8,0,64,z-ai/glm-5.2-20260616,Sail Research,standard,false,true,,stop,stop,914,914,MSCodeBase 1-L live arm,test567,false
gen-1786740907-VYXJQRktjZbm8nbsIzPO,2026-08-14 20:55:07.852,0.000066,,-0.000024,,0,133,8,0,64,z-ai/glm-5.2-20260616,Sail Research,standard,false,true,,stop,stop,1149,1149,MSCodeBase 1-L live arm,test567,false
gen-1786740906-Y9rJEvlgwQ6dx4Rkyd9T,2026-08-14 20:55:06.533,0.000063,,-0.000024,,0,128,8,0,64,z-ai/glm-5.2-20260616,Sail Research,standard,false,true,,stop,stop,696,696,MSCodeBase 1-L live arm,test567,false
gen-1786740904-1cRh0FMysNGPS9Xuku4V,2026-08-14 20:55:04.837,0.000064,,-0.000024,,0,130,8,0,64,z-ai/glm-5.2-20260616,Sail Research,standard,false,true,,stop,stop,1072,1072,MSCodeBase 1-L live arm,test567,false
gen-1786740903-jpp2Gj0OUp6gGiXwv9Q7,2026-08-14 20:55:03.346,0.000065,,-0.000024,,0,131,8,0,64,z-ai/glm-5.2-20260616,Sail Research,standard,false,true,,stop,stop,874,874,MSCodeBase 1-L live arm,test567,false
gen-1786740902-FshF3dFICLr3zcu9AUIP,2026-08-14 20:55:02.118,0.000149,,-0.000072,,0,135,8,0,64,z-ai/glm-5.2-20260616,Friendli,standard,false,true,,stop,stop,593,593,MSCodeBase 1-L live arm,test567,false
gen-1786740900-QcHe1YD6xaBH1QGalYas,2026-08-14 20:55:00.065,0.000066,,-0.000024,,0,133,8,0,64,z-ai/glm-5.2-20260616,Sail Research,standard,false,true,,stop,stop,1427,1427,MSCodeBase 1-L live arm,test567,false
gen-1786740898-qNduNoj6Gmi5EEmDeLKv,2026-08-14 20:54:58.528,0.000066,,-0.000024,,0,134,8,0,64,z-ai/glm-5.2-20260616,Sail Research,standard,false,true,,stop,stop,897,897,MSCodeBase 1-L live arm,test567,false
gen-1786740896-YebBHlel8UDjr1rnSv8E,2026-08-14 20:54:56.832,0.000066,,-0.000024,,0,134,8,0,64,z-ai/glm-5.2-20260616,Sail Research,standard,false,true,,stop,stop,1077,1077,MSCodeBase 1-L live arm,test567,false
gen-1786740895-oVLD1OwZEZidAJeUq5wQ,2026-08-14 20:54:55.333,0.000089,,,,0,131,8,0,0,z-ai/glm-5.2-20260616,Sail Research,standard,false,true,,stop,stop,855,855,MSCodeBase 1-L live arm,test567,false
gen-1786740893-bmKf1PpamTmZt8kytwJP,2026-08-14 20:54:53.746,0.00009,,,,0,133,8,0,0,z-ai/glm-5.2-20260616,Sail Research,standard,false,true,,stop,stop,972,972,MSCodeBase 1-L live arm,test567,false
gen-1786740891-UzGB1ZUp2HxwPthgrElX,2026-08-14 20:54:51.946,0.000066,,-0.000024,,0,133,8,0,64,z-ai/glm-5.2-20260616,Sail Research,standard,false,true,,stop,stop,1182,1182,MSCodeBase 1-L live arm,test567,false
gen-1786740890-cpMmb6ZYXXe137SUAnW8,2026-08-14 20:54:50.246,0.00009,,,,0,133,8,0,0,z-ai/glm-5.2-20260616,Sail Research,standard,false,true,,stop,stop,1067,1067,MSCodeBase 1-L live arm,test567,false
gen-1786740888-lBRp0gu5mUO6pcxxzGmB,2026-08-14 20:54:48.581,0.000065,,-0.000024,,0,131,8,0,64,z-ai/glm-5.2-20260616,Sail Research,standard,false,true,,stop,stop,1043,1043,MSCodeBase 1-L live arm,test567,false
gen-1786740886-AJdt58JEYlUtWDk4YVb5,2026-08-14 20:54:46.948,0.000088,,,,0,128,8,0,0,z-ai/glm-5.2-20260616,Sail Research,standard,false,true,,stop,stop,988,988,MSCodeBase 1-L live arm,test567,false
gen-1786740885-1m3JIlXPaG944dxcOtSZ,2026-08-14 20:54:45.583,0.000067,,-0.000024,,0,135,8,0,64,z-ai/glm-5.2-20260616,Sail Research,standard,false,true,,stop,stop,734,734,MSCodeBase 1-L live arm,test567,false
gen-1786740882-D5PxG6UzAcKrnUz9XCOJ,2026-08-14 20:54:42.740,0.000063,,-0.000024,,0,128,8,0,64,z-ai/glm-5.2-20260616,Sail Research,standard,false,true,,stop,stop,2222,2222,MSCodeBase 1-L live arm,test567,false
gen-1786740880-9RqD6LBXcVkhaWkuBtqa,2026-08-14 20:54:40.659,0.000047,,-0.000128,,0,131,8,0,113,z-ai/glm-5.2-20260616,StreamLake,standard,false,true,,stop,stop,1471,1471,MSCodeBase 1-L live arm,test567,false
gen-1786740879-PTUZQzWKURS9tOZs3bva,2026-08-14 20:54:39.340,0.000029,,-0.000126,,0,127,8,0,111,z-ai/glm-5.2-20260616,Baidu,standard,false,true,,stop,stop,679,679,MSCodeBase 1-L live arm,test567,false
gen-1786740878-M4YbqSerXfEVIU59Lq3w,2026-08-14 20:54:38.089,0.000089,,,,0,130,8,0,0,z-ai/glm-5.2-20260616,Sail Research,standard,false,true,,stop,stop,621,621,MSCodeBase 1-L live arm,test567,false
gen-1786740876-SL9DLhkyEnKBhngv1aG9,2026-08-14 20:54:36.624,0.000089,,,,0,130,8,0,0,z-ai/glm-5.2-20260616,Sail Research,standard,false,true,,stop,stop,855,855,MSCodeBase 1-L live arm,test567,false
gen-1786740875-BzN5tkktijCob6XMrHWX,2026-08-14 20:54:35.372,0.00009,,,,0,132,8,0,0,z-ai/glm-5.2-20260616,Sail Research,standard,false,true,,stop,stop,638,638,MSCodeBase 1-L live arm,test567,false
gen-1786740873-VjoSHBRnSnZzerWPUdYR,2026-08-14 20:54:33.837,0.000068,,-0.000024,,0,137,8,0,64,z-ai/glm-5.2-20260616,Sail Research,standard,false,true,,stop,stop,931,931,MSCodeBase 1-L live arm,test567,false
gen-1786740871-G77rR3OgpXZq6CKzakdX,2026-08-14 20:54:31.944,0.000047,,-0.000129,,0,132,8,0,114,z-ai/glm-5.2-20260616,StreamLake,standard,false,true,,stop,stop,1247,1247,MSCodeBase 1-L live arm,test567,false
gen-1786740870-agJdWM4Dd0QP7j193O71,2026-08-14 20:54:30.451,0.000065,,-0.000024,,0,131,8,0,64,z-ai/glm-5.2-20260616,Sail Research,standard,false,true,,stop,stop,848,848,MSCodeBase 1-L live arm,test567,false
gen-1786740869-KXXmBymzDUEertBK0PN2,2026-08-14 20:54:29.077,0.000065,,-0.000024,,0,132,8,0,64,z-ai/glm-5.2-20260616,Sail Research,standard,false,true,,stop,stop,754,754,MSCodeBase 1-L live arm,test567,false
gen-1786740867-WP74YvabTGf6RqcsTNPW,2026-08-14 20:54:27.444,0.000067,,-0.000024,,0,135,8,0,64,z-ai/glm-5.2-20260616,Sail Research,standard,false,true,,stop,stop,1013,1013,MSCodeBase 1-L live arm,test567,false
gen-1786740865-UBVezkV9J06JHaH4Nxqh,2026-08-14 20:54:25.843,0.000029,,-0.000134,,0,132,8,0,118,z-ai/glm-5.2-20260616,Baidu,standard,false,true,,stop,stop,976,976,MSCodeBase 1-L live arm,test567,false
gen-1786740864-YAYPrwas48mBLQZgih8Q,2026-08-14 20:54:24.194,0.000071,,-0.000024,,0,143,8,0,64,z-ai/glm-5.2-20260616,Sail Research,standard,false,true,,stop,stop,981,981,MSCodeBase 1-L live arm,test567,false
gen-1786740863-cnn1fIJPXK93G9lFuKyc,2026-08-14 20:54:23.297,0.000152,,-0.000072,,0,137,8,0,64,z-ai/glm-5.2-20260616,Friendli,standard,false,true,,stop,stop,270,270,MSCodeBase 1-L live arm,test567,false
gen-1786740861-TYBFcwQtc1U9EGX5LJ8E,2026-08-14 20:54:21.546,0.000092,,,,0,137,8,0,0,z-ai/glm-5.2-20260616,Sail Research,standard,false,true,,stop,stop,1151,1151,MSCodeBase 1-L live arm,test567,false
gen-1786740860-AvlwGvLsbub0S7grLDFv,2026-08-14 20:54:20.662,0.00016,,-0.000072,,0,143,8,0,64,z-ai/glm-5.2-20260616,Friendli,standard,false,true,,stop,stop,266,266,MSCodeBase 1-L live arm,test567,false
gen-1786740859-Rvh914WJax2MwIjzRVRN,2026-08-14 20:54:19.011,0.000067,,-0.000024,,0,136,8,0,64,z-ai/glm-5.2-20260616,Sail Research,standard,false,true,,stop,stop,1039,1039,MSCodeBase 1-L live arm,test567,false
gen-1786740857-iQwgQNg9U4OlLk779Kfi,2026-08-14 20:54:17.526,0.000049,,-0.000136,,0,139,8,0,120,z-ai/glm-5.2-20260616,StreamLake,standard,false,true,,stop,stop,850,850,MSCodeBase 1-L live arm,test567,false
gen-1786740856-8IsRom61Hei8lVlnSkL5,2026-08-14 20:54:16.338,0.000024,,-0.00009,,0,89,8,0,79,z-ai/glm-5.2-20260616,Baidu,standard,false,true,,stop,stop,862,862,MSCodeBase 1-L live arm,test567,false
gen-1786740854-RJlUPmXPTZPW1IRrFF6Q,2026-08-14 20:54:14.739,0.000047,,-0.000024,,0,95,8,0,64,z-ai/glm-5.2-20260616,Sail Research,standard,false,true,,stop,stop,980,980,MSCodeBase 1-L live arm,test567,false
gen-1786740853-lJoPmOd3f8QQjUn3PRlr,2026-08-14 20:54:13.736,0.000095,,-0.000072,,0,96,8,0,64,z-ai/glm-5.2-20260616,Friendli,standard,false,true,,stop,stop,369,369,MSCodeBase 1-L live arm,test567,false
gen-1786740852-g3Z1WJd3Ha8sU3k6urlw,2026-08-14 20:54:12.414,0.000071,,,,0,95,8,0,0,z-ai/glm-5.2-20260616,Sail Research,standard,false,true,,stop,stop,682,682,MSCodeBase 1-L live arm,test567,false
gen-1786740851-RQ5QUYIlOTu5xl5zhkTn,2026-08-14 20:54:11.125,0.000046,,-0.000024,,0,92,8,0,64,z-ai/glm-5.2-20260616,Sail Research,standard,false,true,,stop,stop,692,692,MSCodeBase 1-L live arm,test567,false
gen-1786740849-yxfBVpBjcfub9pwJoQNv,2026-08-14 20:54:09.494,0.000038,,-0.000094,,0,94,8,0,83,z-ai/glm-5.2-20260616,StreamLake,standard,false,true,,stop,stop,1028,1028,MSCodeBase 1-L live arm,test567,false
gen-1786740847-8kjKoNXZUVnCUc3G8FHr,2026-08-14 20:54:07.763,0.000071,,,,0,94,8,0,0,z-ai/glm-5.2-20260616,Sail Research,standard,false,true,,stop,stop,1139,1139,MSCodeBase 1-L live arm,test567,false
gen-1786740844-3TP62h1uo9pcdAOl5BTA,2026-08-14 20:54:04.939,0.000037,,-0.000091,,0,90,8,0,80,z-ai/glm-5.2-20260616,StreamLake,standard,false,true,,stop,stop,2194,2194,MSCodeBase 1-L live arm,test567,false
gen-1786740843-0JWMRdwFQQi1jOU5Ug1F,2026-08-14 20:54:03.352,0.000024,,-0.000096,,0,95,8,0,85,z-ai/glm-5.2-20260616,Baidu,standard,false,true,,stop,stop,847,847,MSCodeBase 1-L live arm,test567,false
gen-1786740841-FqFiVhJGYGK8wuQKHaMA,2026-08-14 20:54:01.961,0.000046,,-0.000024,,0,92,8,0,64,z-ai/glm-5.2-20260616,Sail Research,standard,false,true,,stop,stop,809,809,MSCodeBase 1-L live arm,test567,false
gen-1786740840-wGjNUpavmaahPYm0WJGP,2026-08-14 20:54:00.597,0.000024,,-0.000092,,0,91,8,0,81,z-ai/glm-5.2-20260616,Baidu,standard,false,true,,stop,stop,756,756,MSCodeBase 1-L live arm,test567,false
gen-1786740839-tvCPs4dFkgb7ElivX9nH,2026-08-14 20:53:59.227,0.000026,,-0.000091,,0,94,8,0,80,z-ai/glm-5.2-20260616,Baidu,standard,false,true,,stop,stop,752,752,MSCodeBase 1-L live arm,test567,false
gen-1786740837-i1gjTW28rdU1PGmviK2T,2026-08-14 20:53:57.896,0.00007,,,,0,92,8,0,0,z-ai/glm-5.2-20260616,Sail Research,standard,false,true,,stop,stop,697,697,MSCodeBase 1-L live arm,test567,false
gen-1786740835-pzwjN2BfWc0hNWF1buaU,2026-08-14 20:53:55.954,0.000048,,-0.000076,,0,95,8,0,67,z-ai/glm-5.2-20260616,StreamLake,standard,false,true,,stop,stop,1336,1336,MSCodeBase 1-L live arm,test567,false
gen-1786740835-5BJakCJVUVp3a6sLXvQ1,2026-08-14 20:53:55.045,0.000092,,-0.000072,,0,94,8,0,64,z-ai/glm-5.2-20260616,Friendli,standard,false,true,,stop,stop,276,276,MSCodeBase 1-L live arm,test567,false
gen-1786740833-mp8zizB9sYLcE9wam7nw,2026-08-14 20:53:53.260,0.00007,,,,0,92,8,0,0,z-ai/glm-5.2-20260616,Sail Research,standard,false,true,,stop,stop,1180,1180,MSCodeBase 1-L live arm,test567,false
gen-1786740831-aEDYDxUvyg0Xmh35v7Vo,2026-08-14 20:53:51.659,0.000071,,,,0,95,8,0,0,z-ai/glm-5.2-20260616,Sail Research,standard,false,true,,stop,stop,991,991,MSCodeBase 1-L live arm,test567,false
gen-1786740830-esmMPJztj4nA8YH3SN9Q,2026-08-14 20:53:50.691,0.000166,,,,0,95,8,0,0,z-ai/glm-5.2-20260616,Friendli,standard,false,true,,stop,stop,352,352,MSCodeBase 1-L live arm,test567,false
gen-1786740828-1xP33QydtkNXnHi25YBm,2026-08-14 20:53:48.920,0.000071,,-0.000072,,0,124,8,0,64,z-ai/glm-5.2-20260616,GMICloud,standard,false,true,,stop,stop,1159,1159,MSCodeBase 1-L live arm,test567,false
gen-1786740827-yi62lpyNuHbde8INgPV4,2026-08-14 20:53:47.504,0.000025,,-0.000091,,0,92,8,0,80,z-ai/glm-5.2-20260616,Baidu,standard,false,true,,stop,stop,814,814,MSCodeBase 1-L live arm,test567,false
gen-1786740825-4CEKZ8KAjy1MWa7IagEj,2026-08-14 20:53:45.649,0.00007,,,,0,93,8,0,0,z-ai/glm-5.2-20260616,Sail Research,standard,false,true,,stop,stop,1238,1238,MSCodeBase 1-L live arm,test567,false
gen-1786740824-G8nMkoS7A08yq4HbaGe8,2026-08-14 20:53:44.219,0.000048,,-0.000024,,0,97,8,0,64,z-ai/glm-5.2-20260616,Sail Research,standard,false,true,,stop,stop,813,813,MSCodeBase 1-L live arm,test567,false
gen-1786740822-IKYb9ZgWbCoiVaE5V91J,2026-08-14 20:53:42.590,0.000047,,-0.000024,,0,95,8,0,64,z-ai/glm-5.2-20260616,Sail Research,standard,false,true,,stop,stop,1020,1020,MSCodeBase 1-L live arm,test567,false
gen-1786740820-nuRGPG0Y3Sw3vMXBL6wY,2026-08-14 20:53:40.939,0.000048,,-0.000024,,0,96,8,0,64,z-ai/glm-5.2-20260616,Sail Research,standard,false,true,,stop,stop,1037,1037,MSCodeBase 1-L live arm,test567,false
gen-1786740819-kz2Eysz2Npd23MRyeepB,2026-08-14 20:53:39.991,0.000165,,,,0,94,8,0,0,z-ai/glm-5.2-20260616,Friendli,standard,false,true,,stop,stop,310,310,MSCodeBase 1-L live arm,test567,false
gen-1786740818-WbcmavdcdDKq8G1B4Dzh,2026-08-14 20:53:38.170,0.000046,,-0.000024,,0,93,8,0,64,z-ai/glm-5.2-20260616,Sail Research,standard,false,true,,stop,stop,1217,1217,MSCodeBase 1-L live arm,test567,false
gen-1786740816-IUMtHmdHkfBk3HJcB6ka,2026-08-14 20:53:36.713,0.000071,,,,0,94,8,0,0,z-ai/glm-5.2-20260616,Sail Research,standard,false,true,,stop,stop,835,835,MSCodeBase 1-L live arm,test567,false
gen-1786740815-3Onrmgc40yA2KHy6rwHV,2026-08-14 20:53:35.251,0.00007,,,,0,93,8,0,0,z-ai/glm-5.2-20260616,Sail Research,standard,false,true,,stop,stop,819,819,MSCodeBase 1-L live arm,test567,false
gen-1786740812-wrO0sqdj4SqFjvSp1Jl9,2026-08-14 20:53:32.684,0.000043,,-0.000084,,0,94,8,0,74,z-ai/glm-5.2-20260616,StreamLake,standard,false,true,,stop,stop,1922,1922,MSCodeBase 1-L live arm,test567,false
gen-1786740811-8MkS8MHnukF826e1Zk2j,2026-08-14 20:53:31.235,0.000024,,-0.000093,,0,93,8,0,82,z-ai/glm-5.2-20260616,Baidu,standard,false,true,,stop,stop,784,784,MSCodeBase 1-L live arm,test567,false
gen-1786740809-urXqDe4zL3OUD1ALdtkb,2026-08-14 20:53:29.720,0.000069,,,,0,90,8,0,0,z-ai/glm-5.2-20260616,Sail Research,standard,false,true,,stop,stop,897,897,MSCodeBase 1-L live arm,test567,false
gen-1786740807-16tTHSjlMRtwNgVkNlIz,2026-08-14 20:53:27.836,0.000075,,-0.000072,,0,130,8,0,64,z-ai/glm-5.2-20260616,GMICloud,standard,false,true,,stop,stop,1260,1260,MSCodeBase 1-L live arm,test567,false
gen-1786740806-JpKLrWDiePHAsVFR3LKn,2026-08-14 20:53:26.003,0.000069,,,,0,91,8,0,0,z-ai/glm-5.2-20260616,Sail Research,standard,false,true,,stop,stop,1214,1214,MSCodeBase 1-L live arm,test567,false
gen-1786740804-e2kZw1DnFEnzytJhAoFo,2026-08-14 20:53:24.745,0.00007,,,,0,93,8,0,0,z-ai/glm-5.2-20260616,Sail Research,standard,false,true,,stop,stop,628,628,MSCodeBase 1-L live arm,test567,false
gen-1786740802-Ko94FeQpkLuqmHlKOg0O,2026-08-14 20:53:22.889,0.000069,,,,0,90,8,0,0,z-ai/glm-5.2-20260616,Sail Research,standard,false,true,,stop,stop,1260,1260,MSCodeBase 1-L live arm,test567,false
gen-1786740800-r0aOKXow0TXqnONbHkvS,2026-08-14 20:53:20.977,0.000046,,-0.000024,,0,92,8,0,64,z-ai/glm-5.2-20260616,Sail Research,standard,false,true,,stop,stop,1276,1276,MSCodeBase 1-L live arm,test567,false
gen-1786740798-JbG3WZwHA2XvuF5vl83z,2026-08-14 20:53:18.864,0.000069,,,,0,91,8,0,0,z-ai/glm-5.2-20260616,Sail Research,standard,false,true,,stop,stop,1403,1403,MSCodeBase 1-L live arm,test567,false
gen-1786740796-4eYZxX1pkAxPSRCYLUvC,2026-08-14 20:53:16.749,0.000072,,,,0,96,8,0,0,z-ai/glm-5.2-20260616,Sail Research,standard,false,true,,stop,stop,1512,1512,MSCodeBase 1-L live arm,test567,false
gen-1786740794-IreJdnEFrTasc8yXgdjp,2026-08-14 20:53:14.479,0.000115,,,,0,132,8,0,0,z-ai/glm-5.2-20260616,GMICloud,standard,false,true,,stop,stop,1589,1589,MSCodeBase 1-L live arm,test567,false
gen-1786740793-VhzOfjPD2C3mdwX3RA4A,2026-08-14 20:53:13.187,0.000025,,-0.000092,,0,93,8,0,81,z-ai/glm-5.2-20260616,Baidu,standard,false,true,,stop,stop,683,683,MSCodeBase 1-L live arm,test567,false
gen-1786740791-1k8yDDiw5tJ7P6xTgWMV,2026-08-14 20:53:11.709,0.000045,,-0.000078,,0,92,8,0,69,z-ai/glm-5.2-20260616,StreamLake,standard,false,true,,stop,stop,875,875,MSCodeBase 1-L live arm,test567,false
gen-1786740790-zgI1Ws9F3OqvG5L34P2T,2026-08-14 20:53:10.358,0.000024,,-0.000096,,0,95,8,0,85,z-ai/glm-5.2-20260616,Baidu,standard,false,true,,stop,stop,742,742,MSCodeBase 1-L live arm,test567,false
gen-1786740789-fxLy85CmdAPc7w7BhMO0,2026-08-14 20:53:09.080,0.000026,,-0.00009,,0,93,8,0,79,z-ai/glm-5.2-20260616,Baidu,standard,false,true,,stop,stop,669,669,MSCodeBase 1-L live arm,test567,false
gen-1786740784-fityWMhIG3xgD9WmlrCP,2026-08-14 20:53:04.287,0.000047,,-0.000072,,0,91,8,0,64,z-ai/glm-5.2-20260616,StreamLake,standard,false,true,,stop,stop,4200,4200,MSCodeBase 1-L live arm,test567,false
gen-1786740782-nUlL5vvRRGITtlzQk09M,2026-08-14 20:53:02.079,0.000072,,,,0,97,8,0,0,z-ai/glm-5.2-20260616,Sail Research,standard,false,true,,stop,stop,1588,1588,MSCodeBase 1-L live arm,test567,false
gen-1786740780-sJp2TO9LovRAS0tw4u95,2026-08-14 20:53:00.672,0.000025,,-0.000091,,0,92,8,0,80,z-ai/glm-5.2-20260616,Baidu,standard,false,true,,stop,stop,803,803,MSCodeBase 1-L live arm,test567,false
gen-1786740778-H0sSbVLXY2lzkYOdFkyI,2026-08-14 20:52:58.849,0.000026,,-0.000091,,0,94,8,0,80,z-ai/glm-5.2-20260616,Baidu,standard,false,true,,stop,stop,1208,1208,MSCodeBase 1-L live arm,test567,false
gen-1786740777-jnWElkT0zc7YYokUebtw,2026-08-14 20:52:57.229,0.000072,,,,0,96,8,0,0,z-ai/glm-5.2-20260616,Sail Research,standard,false,true,,stop,stop,989,989,MSCodeBase 1-L live arm,test567,false
gen-1786740775-CUm5bC2DiEpNN3J19lDf,2026-08-14 20:52:55.450,0.00007,,,,0,92,8,0,0,z-ai/glm-5.2-20260616,Sail Research,standard,false,true,,stop,stop,1168,1168,MSCodeBase 1-L live arm,test567,false
gen-1786740773-hgTJOrnnYxvZP9EWCjPR,2026-08-14 20:52:53.339,0.000071,,,,0,95,8,0,0,z-ai/glm-5.2-20260616,Sail Research,standard,false,true,,stop,stop,1482,1482,MSCodeBase 1-L live arm,test567,false
gen-1786740770-ocwNBDQRZCbrojSXbWfy,2026-08-14 20:52:50.182,0.000956,,,,0,177,102,100,0,qwen/qwen3.8-max-20260803,Alibaba,standard,false,true,,length,length,2577,842,MSCodeBase 1-L live arm,test567,false
gen-1786740766-BgCNfwx3SdnOiHfMKrND,2026-08-14 20:52:46.031,0.000966,,,,0,182,102,100,0,qwen/qwen3.8-max-20260803,Alibaba,standard,false,true,,length,length,2885,1364,MSCodeBase 1-L live arm,test567,false
gen-1786740761-aALYR8fQOHv5QtaArfrw,2026-08-14 20:52:41.843,0.000966,,,,0,182,102,100,0,qwen/qwen3.8-max-20260803,Alibaba,standard,false,true,,length,length,2981,1207,MSCodeBase 1-L live arm,test567,false
gen-1786740757-Inev1R46tydj3cZ2pxvS,2026-08-14 20:52:37.884,0.00096,,,,0,179,102,100,0,qwen/qwen3.8-max-20260803,Alibaba,standard,false,true,,length,length,2498,797,MSCodeBase 1-L live arm,test567,false
gen-1786740753-Ffd1tQWu10QNRlwfTyrI,2026-08-14 20:52:33.538,0.000962,,,,0,180,102,100,0,qwen/qwen3.8-max-20260803,Alibaba,standard,false,true,,length,length,3140,1314,MSCodeBase 1-L live arm,test567,false
gen-1786740749-imcQ9iEIZ3CliN0QAJlH,2026-08-14 20:52:29.752,0.00096,,,,0,179,102,100,0,qwen/qwen3.8-max-20260803,Alibaba,standard,false,true,,length,length,2532,905,MSCodeBase 1-L live arm,test567,false
gen-1786740745-FDtTZANptW2gU9ni88IU,2026-08-14 20:52:25.648,0.000954,,,,0,182,100,90,0,qwen/qwen3.8-max-20260803,Alibaba,standard,false,true,,length,length,3171,855,MSCodeBase 1-L live arm,test567,false
gen-1786740741-qLV5iXqZnqsS2YS4Jzca,2026-08-14 20:52:21.917,0.000954,,,,0,176,102,100,0,qwen/qwen3.8-max-20260803,Alibaba,standard,false,true,,length,length,2531,775,MSCodeBase 1-L live arm,test567,false
gen-1786740737-h0Xqk0FOGwIonqaX3Uzp,2026-08-14 20:52:17.311,0.000964,,,,0,181,102,100,0,qwen/qwen3.8-max-20260803,Alibaba,standard,false,true,,length,length,3376,1810,MSCodeBase 1-L live arm,test567,false
gen-1786740733-sK3zHm2rONIsbOBzCnWR,2026-08-14 20:52:13.453,0.00096,,,,0,179,102,100,0,qwen/qwen3.8-max-20260803,Alibaba,standard,false,true,,length,length,2607,1061,MSCodeBase 1-L live arm,test567,false
gen-1786740729-vruAHG6Mqp66IHPsOqiq,2026-08-14 20:52:09.794,0.00096,,,,0,179,102,100,0,qwen/qwen3.8-max-20260803,Alibaba,standard,false,true,,length,length,2426,788,MSCodeBase 1-L live arm,test567,false
gen-1786740726-eTtxvGEYkAksoTAlq4qt,2026-08-14 20:52:06.010,0.000964,,,,0,181,102,100,0,qwen/qwen3.8-max-20260803,Alibaba,standard,false,true,,length,length,2480,888,MSCodeBase 1-L live arm,test567,false
gen-1786740722-ADvBrBg2U2U6jJ9HdP1q,2026-08-14 20:52:02.012,0.00096,,,,0,179,102,100,0,qwen/qwen3.8-max-20260803,Alibaba,standard,false,true,,length,length,2772,1170,MSCodeBase 1-L live arm,test567,false
gen-1786740718-hAunWpX7XEJIOmNbZ8qV,2026-08-14 20:51:58.413,0.000962,,,,0,180,102,100,0,qwen/qwen3.8-max-20260803,Alibaba,standard,false,true,,length,length,2364,823,MSCodeBase 1-L live arm,test567,false
gen-1786740714-tcRR6QZiBAfozdvPP8bx,2026-08-14 20:51:54.117,0.000966,,,,0,182,102,100,0,qwen/qwen3.8-max-20260803,Alibaba,standard,false,true,,length,length,3050,1262,MSCodeBase 1-L live arm,test567,false
gen-1786740709-so9Uc0O7ztaAXdMM4Rkl,2026-08-14 20:51:49.680,0.00096,,,,0,179,102,100,0,qwen/qwen3.8-max-20260803,Alibaba,standard,false,true,,length,length,3257,1492,MSCodeBase 1-L live arm,test567,false
gen-1786740705-s32CuYw8uist3wPcqKOD,2026-08-14 20:51:45.436,0.000964,,,,0,181,102,100,0,qwen/qwen3.8-max-20260803,Alibaba,standard,false,true,,length,length,2735,1281,MSCodeBase 1-L live arm,test567,false
gen-1786740701-sUTeLxUgRoxG1Ko8cp4w,2026-08-14 20:51:41.524,0.000964,,,,0,181,102,100,0,qwen/qwen3.8-max-20260803,Alibaba,standard,false,true,,length,length,2678,1099,MSCodeBase 1-L live arm,test567,false
gen-1786740697-3gtDCyXMb8U9wCgqSgpD,2026-08-14 20:51:37.762,0.000956,,,,0,177,102,100,0,qwen/qwen3.8-max-20260803,Alibaba,standard,false,true,,length,length,2499,907,MSCodeBase 1-L live arm,test567,false
gen-1786740693-6SfTldfM38hqSH0hPlZx,2026-08-14 20:51:33.525,0.00096,,,,0,179,102,100,0,qwen/qwen3.8-max-20260803,Alibaba,standard,false,true,,length,length,3010,1044,MSCodeBase 1-L live arm,test567,false
gen-1786740689-82ukkTmigC3INlDnyxu3,2026-08-14 20:51:29.961,0.00096,,,,0,179,102,100,0,qwen/qwen3.8-max-20260803,Alibaba,standard,false,true,,length,length,2324,833,MSCodeBase 1-L live arm,test567,false
gen-1786740686-OXO1MUZ39M3lip2pc9IK,2026-08-14 20:51:26.503,0.000966,,,,0,182,102,100,0,qwen/qwen3.8-max-20260803,Alibaba,standard,false,true,,length,length,2209,776,MSCodeBase 1-L live arm,test567,false
gen-1786740682-qQ78LA3SspfTg9xl9dCA,2026-08-14 20:51:22.659,0.000964,,,,0,181,102,100,0,qwen/qwen3.8-max-20260803,Alibaba,standard,false,true,,length,length,2641,1059,MSCodeBase 1-L live arm,test567,false
gen-1786740679-WQz8ujjDeKHfljZ2gGJJ,2026-08-14 20:51:19.067,0.000966,,,,0,182,102,100,0,qwen/qwen3.8-max-20260803,Alibaba,standard,false,true,,length,length,2338,850,MSCodeBase 1-L live arm,test567,false
gen-1786740675-iSRdhxRKoUZF6NGabPaM,2026-08-14 20:51:15.011,0.000962,,,,0,180,102,100,0,qwen/qwen3.8-max-20260803,Alibaba,standard,false,true,,length,length,2832,1399,MSCodeBase 1-L live arm,test567,false
gen-1786740671-qsBnO6PtX2uEl3lmd30G,2026-08-14 20:51:11.420,0.00096,,,,0,179,102,100,0,qwen/qwen3.8-max-20260803,Alibaba,standard,false,true,,length,length,2338,771,MSCodeBase 1-L live arm,test567,false
gen-1786740667-aMHz9wNdnVkpdyEYS3kY,2026-08-14 20:51:07.857,0.000966,,,,0,182,102,100,0,qwen/qwen3.8-max-20260803,Alibaba,standard,false,true,,length,length,2307,791,MSCodeBase 1-L live arm,test567,false
gen-1786740663-5PQ4Md7loqF2vbyQVrze,2026-08-14 20:51:03.607,0.000966,,,,0,182,102,100,0,qwen/qwen3.8-max-20260803,Alibaba,standard,false,true,,length,length,2915,1327,MSCodeBase 1-L live arm,test567,false
gen-1786740659-jcmifYQ0EOXVGE54bvmb,2026-08-14 20:50:59.836,0.000964,,,,0,181,102,100,0,qwen/qwen3.8-max-20260803,Alibaba,standard,false,true,,length,length,2542,858,MSCodeBase 1-L live arm,test567,false
gen-1786740655-8tyO26kCAXLkgLPIs4Ec,2026-08-14 20:50:55.776,0.000964,,,,0,181,102,100,0,qwen/qwen3.8-max-20260803,Alibaba,standard,false,true,,length,length,2831,1257,MSCodeBase 1-L live arm,test567,false
gen-1786740652-5PNE6JGA6mpnB5CpMHXJ,2026-08-14 20:50:52.008,0.000956,,,,0,177,102,100,0,qwen/qwen3.8-max-20260803,Alibaba,standard,false,true,,length,length,2537,919,MSCodeBase 1-L live arm,test567,false
gen-1786740648-xA1yTXfMcSTAYCedxiex,2026-08-14 20:50:48.271,0.000966,,,,0,182,102,100,0,qwen/qwen3.8-max-20260803,Alibaba,standard,false,true,,length,length,2490,860,MSCodeBase 1-L live arm,test567,false
gen-1786740644-4JetM2ikiRNHRrFVRtYa,2026-08-14 20:50:44.505,0.000956,,,,0,177,102,100,0,qwen/qwen3.8-max-20260803,Alibaba,standard,false,true,,length,length,2515,765,MSCodeBase 1-L live arm,test567,false
gen-1786740639-dzgdajqGcOAzlSxrcyCr,2026-08-14 20:50:39.893,0.00096,,,,0,179,102,100,0,qwen/qwen3.8-max-20260803,Alibaba,standard,false,true,,length,length,3358,806,MSCodeBase 1-L live arm,test567,false
gen-1786740636-jMsINK561ycAZvwVN9p0,2026-08-14 20:50:36.119,0.000954,,,,0,176,102,100,0,qwen/qwen3.8-max-20260803,Alibaba,standard,false,true,,length,length,2540,890,MSCodeBase 1-L live arm,test567,false
gen-1786740632-t2QQd25KNqKeNIPmkZOi,2026-08-14 20:50:32.569,0.000962,,,,0,180,102,100,0,qwen/qwen3.8-max-20260803,Alibaba,standard,false,true,,length,length,2340,916,MSCodeBase 1-L live arm,test567,false
gen-1786740628-rGDipIG2JXKyjfsGdUfu,2026-08-14 20:50:28.681,0.00096,,,,0,179,102,100,0,qwen/qwen3.8-max-20260803,Alibaba,standard,false,true,,length,length,2642,867,MSCodeBase 1-L live arm,test567,false
gen-1786740624-7CoP8YQQGgntwASLAZ8Y,2026-08-14 20:50:24.790,0.000962,,,,0,180,102,100,0,qwen/qwen3.8-max-20260803,Alibaba,standard,false,true,,length,length,2556,1187,MSCodeBase 1-L live arm,test567,false
gen-1786740620-tVDQPr9Mly2AYvie5PLZ,2026-08-14 20:50:20.615,0.00097,,,,0,184,102,100,0,qwen/qwen3.8-max-20260803,Alibaba,standard,false,true,,length,length,2956,1355,MSCodeBase 1-L live arm,test567,false
gen-1786740617-KC404sZrw5Aj0CugOscC,2026-08-14 20:50:17.120,0.000962,,,,0,180,102,100,0,qwen/qwen3.8-max-20260803,Alibaba,standard,false,true,,length,length,2257,919,MSCodeBase 1-L live arm,test567,false
gen-1786740613-cS4DEf3EeXUqi4yw6Fml,2026-08-14 20:50:13.131,0.00096,,,,0,179,102,100,0,qwen/qwen3.8-max-20260803,Alibaba,standard,false,true,,length,length,2514,923,MSCodeBase 1-L live arm,test567,false
gen-1786740609-nf4v73VfXkYcwXKz59uk,2026-08-14 20:50:09.074,0.000964,,,,0,181,102,100,0,qwen/qwen3.8-max-20260803,Alibaba,standard,false,true,,length,length,2823,859,MSCodeBase 1-L live arm,test567,false
gen-1786740605-wpuY9hSbxfYpl3lsLXc2,2026-08-14 20:50:05.142,0.00097,,,,0,184,102,100,0,qwen/qwen3.8-max-20260803,Alibaba,standard,false,true,,length,length,2682,1074,MSCodeBase 1-L live arm,test567,false
gen-1786740601-5v3oS1E6lj2RXBRFy6hT,2026-08-14 20:50:01.344,0.000966,,,,0,182,102,100,0,qwen/qwen3.8-max-20260803,Alibaba,standard,false,true,,length,length,2511,913,MSCodeBase 1-L live arm,test567,false
gen-1786740597-OCifd9at34XdamhwVuUp,2026-08-14 20:49:57.347,0.000988,,,,0,193,102,100,0,qwen/qwen3.8-max-20260803,Alibaba,standard,false,true,,length,length,2753,857,MSCodeBase 1-L live arm,test567,false
gen-1786740592-yvDTP3LpqPdfJzoPddL1,2026-08-14 20:49:52.751,0.000974,,,,0,186,102,100,0,qwen/qwen3.8-max-20260803,Alibaba,standard,false,true,,length,length,3412,1305,MSCodeBase 1-L live arm,test567,false
gen-1786740589-UFrIGZDEMD03JlssLGup,2026-08-14 20:49:49.126,0.000976,,,,0,187,102,100,0,qwen/qwen3.8-max-20260803,Alibaba,standard,false,true,,length,length,2386,884,MSCodeBase 1-L live arm,test567,false
gen-1786740585-Cp9czqCzbBGOrtGHFdtP,2026-08-14 20:49:45.124,0.000984,,,,0,191,102,100,0,qwen/qwen3.8-max-20260803,Alibaba,standard,false,true,,length,length,2696,1225,MSCodeBase 1-L live arm,test567,false
gen-1786740581-jyWMDuqqDnM4TqkjrxeY,2026-08-14 20:49:41.512,0.000972,,,,0,185,102,100,0,qwen/qwen3.8-max-20260803,Alibaba,standard,false,true,,length,length,2384,775,MSCodeBase 1-L live arm,test567,false
gen-1786740577-Eipn3pRA6XtdNCgOWDpy,2026-08-14 20:49:37.641,0.000976,,,,0,187,102,100,0,qwen/qwen3.8-max-20260803,Alibaba,standard,false,true,,length,length,2646,777,MSCodeBase 1-L live arm,test567,false
gen-1786740573-lclfFvliBuZHDeCkfmY7,2026-08-14 20:49:33.793,0.000782,,,,0,140,85,75,0,qwen/qwen3.8-max-20260803,Alibaba,standard,false,true,,stop,stop,3235,778,MSCodeBase 1-L live arm,test567,false
gen-1786740569-EabM1XgKwUUChklrCTJ3,2026-08-14 20:49:29.620,0.000863,,,,0,145,97,87,0,qwen/qwen3.8-max-20260803,Alibaba,standard,false,true,,stop,stop,3247,824,MSCodeBase 1-L live arm,test567,false
gen-1786740565-IPvxcBu9m8wJZE5g80OH,2026-08-14 20:49:25.951,0.000892,,,,0,145,102,100,0,qwen/qwen3.8-max-20260803,Alibaba,standard,false,true,,length,length,2465,906,MSCodeBase 1-L live arm,test567,false
gen-1786740561-PxSKywVpBgams62xEYN8,2026-08-14 20:49:21.468,0.000887,,,,0,142,102,100,0,qwen/qwen3.8-max-20260803,Alibaba,standard,false,true,,length,length,3224,1295,MSCodeBase 1-L live arm,test567,false
gen-1786740556-d52Esscj29IpkRN8yeAU,2026-08-14 20:49:16.441,0.000877,,,,0,143,100,94,0,qwen/qwen3.8-max-20260803,Alibaba,standard,false,true,,length,length,3775,972,MSCodeBase 1-L live arm,test567,false
gen-1786740551-nNreGO1bfuNpoKwxpusN,2026-08-14 20:49:11.971,0.000792,,,,0,142,86,76,0,qwen/qwen3.8-max-20260803,Alibaba,standard,false,true,,stop,stop,3572,1246,MSCodeBase 1-L live arm,test567,false
gen-1786740548-8dW9FyEk5hwArRkLKYx0,2026-08-14 20:49:08.137,0.000756,,,,0,145,79,68,0,qwen/qwen3.8-max-20260803,Alibaba,standard,false,true,,stop,stop,2921,902,MSCodeBase 1-L live arm,test567,false
gen-1786740543-hcVI0gI9W4DzkyWmXS7f,2026-08-14 20:49:03.982,0.000685,,,,0,139,69,59,0,qwen/qwen3.8-max-20260803,Alibaba,standard,false,true,,stop,stop,3244,961,MSCodeBase 1-L live arm,test567,false
gen-1786740540-hNRVFjXzXXecTIP6xeIz,2026-08-14 20:49:00.354,0.000889,,,,0,143,102,100,0,qwen/qwen3.8-max-20260803,Alibaba,standard,false,true,,length,length,2422,796,MSCodeBase 1-L live arm,test567,false
gen-1786740536-deK9vZ4sCK6DmWhE4a6w,2026-08-14 20:48:56.758,0.000887,,,,0,142,102,100,0,qwen/qwen3.8-max-20260803,Alibaba,standard,false,true,,length,length,2372,745,MSCodeBase 1-L live arm,test567,false
gen-1786740532-ixdcvS2W9Jxe0e3kyvhR,2026-08-14 20:48:52.639,0.000877,,,,0,143,100,91,0,qwen/qwen3.8-max-20260803,Alibaba,standard,false,true,,length,length,3197,779,MSCodeBase 1-L live arm,test567,false
gen-1786740528-LW0AqBwhv6vK34YhLqOC,2026-08-14 20:48:48.748,0.000716,,,,0,143,73,63,0,qwen/qwen3.8-max-20260803,Alibaba,standard,false,true,,stop,stop,2918,947,MSCodeBase 1-L live arm,test567,false
gen-1786740524-qPHT7fSLCH4pRZbhVoSB,2026-08-14 20:48:44.798,0.000708,,,,0,142,72,62,0,qwen/qwen3.8-max-20260803,Alibaba,standard,false,true,,stop,stop,3004,978,MSCodeBase 1-L live arm,test567,false
gen-1786740519-lMppp4y8bg5A6KkY71Vs,2026-08-14 20:48:39.776,0.000847,,,,0,143,95,85,0,qwen/qwen3.8-max-20260803,Alibaba,standard,false,true,,stop,stop,4120,1483,MSCodeBase 1-L live arm,test567,false
gen-1786740515-LVQytDcT4SiQLCtkY7NU,2026-08-14 20:48:35.308,0.000881,,,,0,145,100,92,0,qwen/qwen3.8-max-20260803,Alibaba,standard,false,true,,length,length,3556,846,MSCodeBase 1-L live arm,test567,false
gen-1786740510-u47ahCgFVCV8wLQ22LkR,2026-08-14 20:48:30.914,0.000851,,,,0,142,96,86,0,qwen/qwen3.8-max-20260803,Alibaba,standard,false,true,,stop,stop,3512,946,MSCodeBase 1-L live arm,test567,false
gen-1786740506-oAtGUM6pQBh6nQ0QJGF5,2026-08-14 20:48:26.843,0.000748,,,,0,144,78,68,0,qwen/qwen3.8-max-20260803,Alibaba,standard,false,true,,stop,stop,3175,1155,MSCodeBase 1-L live arm,test567,false
gen-1786740502-8a8vhEx5KZsUIG3oGknO,2026-08-14 20:48:22.138,0.000754,,,,0,144,79,68,0,qwen/qwen3.8-max-20260803,Alibaba,standard,false,true,,stop,stop,3810,1272,MSCodeBase 1-L live arm,test567,false
gen-1786740497-eB4cLjtODmZHVU1AdSdq,2026-08-14 20:48:17.822,0.000883,,,,0,140,102,100,0,qwen/qwen3.8-max-20260803,Alibaba,standard,false,true,,length,length,3089,1076,MSCodeBase 1-L live arm,test567,false
gen-1786740493-6cT1khd4FUglR5h5FySV,2026-08-14 20:48:13.947,0.000887,,,,0,142,102,100,0,qwen/qwen3.8-max-20260803,Alibaba,standard,false,true,,length,length,2585,961,MSCodeBase 1-L live arm,test567,false
gen-1786740489-trygmMHFYYn9rRpdm9e7,2026-08-14 20:48:09.861,0.000887,,,,0,142,102,100,0,qwen/qwen3.8-max-20260803,Alibaba,standard,false,true,,length,length,2859,820,MSCodeBase 1-L live arm,test567,false
gen-1786740485-zQvhX2fq9yRsiUdM4Fwt,2026-08-14 20:48:05.728,0.00079,,,,0,144,85,75,0,qwen/qwen3.8-max-20260803,Alibaba,standard,false,true,,stop,stop,3217,849,MSCodeBase 1-L live arm,test567,false
gen-1786740481-f21fMYYC3KPlG06EdSB6,2026-08-14 20:48:01.658,0.000778,,,,0,144,83,72,0,qwen/qwen3.8-max-20260803,Alibaba,standard,false,true,,stop,stop,3172,846,MSCodeBase 1-L live arm,test567,false
gen-1786740477-FFfdeimoMdLXmXL4o7ME,2026-08-14 20:47:57.091,0.000891,,,,0,144,102,100,0,qwen/qwen3.8-max-20260803,Alibaba,standard,false,true,,length,length,3241,1158,MSCodeBase 1-L live arm,test567,false
gen-1786740473-DnCcOrgSQAyHee4hKeT6,2026-08-14 20:47:53.057,0.000891,,,,0,144,102,100,0,qwen/qwen3.8-max-20260803,Alibaba,standard,false,true,,length,length,2823,830,MSCodeBase 1-L live arm,test567,false
gen-1786740469-3Ab19HquIX7TtNjbkPQx,2026-08-14 20:47:49.049,0.000887,,,,0,142,102,100,0,qwen/qwen3.8-max-20260803,Alibaba,standard,false,true,,length,length,2742,1224,MSCodeBase 1-L live arm,test567,false
gen-1786740464-Uf0Xhh3DnqqahyxsFKuK,2026-08-14 20:47:44.774,0.00079,,,,0,144,85,75,0,qwen/qwen3.8-max-20260803,Alibaba,standard,false,true,,stop,stop,3372,913,MSCodeBase 1-L live arm,test567,false
gen-1786740459-WqnC6NDvtcoRsePZ0BTU,2026-08-14 20:47:39.648,0.000829,,,,0,143,92,82,0,qwen/qwen3.8-max-20260803,Alibaba,standard,false,true,,stop,stop,4190,1546,MSCodeBase 1-L live arm,test567,false
gen-1786740455-EkT2XQzo6PbGnsNpeyHp,2026-08-14 20:47:35.599,0.000722,,,,0,143,74,64,0,qwen/qwen3.8-max-20260803,Alibaba,standard,false,true,,stop,stop,3154,779,MSCodeBase 1-L live arm,test567,false
gen-1786740451-74b3jFr0q1gqqwA1mAzb,2026-08-14 20:47:31.299,0.000891,,,,0,144,102,100,0,qwen/qwen3.8-max-20260803,Alibaba,standard,false,true,,length,length,3074,1221,MSCodeBase 1-L live arm,test567,false
gen-1786740446-x0QcGKtTgDKcGOxaCVXB,2026-08-14 20:47:26.774,0.00071,,,,0,140,73,63,0,qwen/qwen3.8-max-20260803,Alibaba,standard,false,true,,stop,stop,3619,1127,MSCodeBase 1-L live arm,test567,false
gen-1786740443-s8LlnW2t5vYDwngsw5Zs,2026-08-14 20:47:23.019,0.000891,,,,0,144,102,100,0,qwen/qwen3.8-max-20260803,Alibaba,standard,false,true,,length,length,2547,994,MSCodeBase 1-L live arm,test567,false
gen-1786740437-T7pwKxIDziRuXOZLvdoX,2026-08-14 20:47:17.922,0.000871,,,,0,140,100,94,0,qwen/qwen3.8-max-20260803,Alibaba,standard,false,true,,length,length,3832,1121,MSCodeBase 1-L live arm,test567,false
gen-1786740433-UUFKeV0W0akEtNbHrCiB,2026-08-14 20:47:13.980,0.000887,,,,0,142,102,100,0,qwen/qwen3.8-max-20260803,Alibaba,standard,false,true,,length,length,2697,1047,MSCodeBase 1-L live arm,test567,false
gen-1786740428-KWvg2rBj5nTwsI6gjLj5,2026-08-14 20:47:08.672,0.000865,,,,0,140,99,88,0,qwen/qwen3.8-max-20260803,Alibaba,standard,false,true,,stop,stop,4281,1276,MSCodeBase 1-L live arm,test567,false
gen-1786740424-QdJODIlhhPdHz58st3fH,2026-08-14 20:47:04.355,0.000889,,,,0,143,102,100,0,qwen/qwen3.8-max-20260803,Alibaba,standard,false,true,,length,length,3110,1072,MSCodeBase 1-L live arm,test567,false
gen-1786740419-w07Yd9wNh3P3k36yfyZX,2026-08-14 20:46:59.833,0.000885,,,,0,141,102,100,0,qwen/qwen3.8-max-20260803,Alibaba,standard,false,true,,length,length,3297,1341,MSCodeBase 1-L live arm,test567,false
gen-1786740415-wc2Ox4kgEO9YtWuSpFwp,2026-08-14 20:46:55.482,0.00076,,,,0,144,80,70,0,qwen/qwen3.8-max-20260803,Alibaba,standard,false,true,,stop,stop,3392,823,MSCodeBase 1-L live arm,test567,false
gen-1786740411-ekLrQmTeeLJEB1pxcCX6,2026-08-14 20:46:51.277,0.000892,,,,0,145,102,100,0,qwen/qwen3.8-max-20260803,Alibaba,standard,false,true,,length,length,2903,994,MSCodeBase 1-L live arm,test567,false
gen-1786740407-zWTzjp04Q80pKk7fTNRk,2026-08-14 20:46:47.219,0.000736,,,,0,144,76,66,0,qwen/qwen3.8-max-20260803,Alibaba,standard,false,true,,stop,stop,3056,1124,MSCodeBase 1-L live arm,test567,false
gen-1786740402-TpttMtHmFCkgLLusZP2G,2026-08-14 20:46:42.990,0.000889,,,,0,143,102,100,0,qwen/qwen3.8-max-20260803,Alibaba,standard,false,true,,length,length,2726,820,MSCodeBase 1-L live arm,test567,false
gen-1786740398-NQ530N3n4SWpERuol1he,2026-08-14 20:46:38.038,0.000694,,,,0,144,69,59,0,qwen/qwen3.8-max-20260803,Alibaba,standard,false,true,,stop,stop,3999,1230,MSCodeBase 1-L live arm,test567,false
gen-1786740393-lqZ9L7XFn5unk8ubolD6,2026-08-14 20:46:33.896,0.000891,,,,0,144,102,100,0,qwen/qwen3.8-max-20260803,Alibaba,standard,false,true,,length,length,2910,1024,MSCodeBase 1-L live arm,test567,false
gen-1786740388-WrearPnEb6zxrGr8UVdf,2026-08-14 20:46:28.974,0.000821,,,,0,142,91,81,0,qwen/qwen3.8-max-20260803,Alibaba,standard,false,true,,stop,stop,4012,1048,MSCodeBase 1-L live arm,test567,false
gen-1786740384-XRXh1JdH5OX8xNYkULza,2026-08-14 20:46:24.077,0.000887,,,,0,148,100,93,0,qwen/qwen3.8-max-20260803,Alibaba,standard,false,true,,length,length,3976,1429,MSCodeBase 1-L live arm,test567,false
gen-1786740380-t53CK0Fcajd3sFIFAOLp,2026-08-14 20:46:20.161,0.000887,,,,0,142,102,100,0,qwen/qwen3.8-max-20260803,Alibaba,standard,false,true,,length,length,2668,1056,MSCodeBase 1-L live arm,test567,false
gen-1786740375-sKknPeRhH6QMJYtqkvIO,2026-08-14 20:46:15.210,0.000694,,,,0,144,69,59,0,qwen/qwen3.8-max-20260803,Alibaba,standard,false,true,,stop,stop,4040,839,MSCodeBase 1-L live arm,test567,false
gen-1786740370-TSlFSXJVEAF5Svc380vI,2026-08-14 20:46:10.495,0.000922,,,,0,145,107,97,0,qwen/qwen3.8-max-20260803,Alibaba,standard,false,true,,stop,stop,3760,944,MSCodeBase 1-L live arm,test567,false
gen-1786740366-LrdFzunRKWq6zLbuUYvr,2026-08-14 20:46:06.095,0.000827,,,,0,142,92,82,0,qwen/qwen3.8-max-20260803,Alibaba,standard,false,true,,stop,stop,3475,1312,MSCodeBase 1-L live arm,test567,false
gen-1786740361-lM9Pau3OPx625WGJXhbO,2026-08-14 20:46:01.990,0.000891,,,,0,144,102,100,0,qwen/qwen3.8-max-20260803,Alibaba,standard,false,true,,length,length,2837,921,MSCodeBase 1-L live arm,test567,false
gen-1786740359-iDCLx79vAezdtOy16Hpb,2026-08-14 20:45:59.187,0.00054,,,,0,203,14,0,0,anthropic/claude-sonnet-5-20260630,Amazon Bedrock,standard,false,true,,end_turn,stop,2137,2137,MSCodeBase 1-L live arm,test567,false
gen-1786740356-75eNlJan3ImEZl09ai0q,2026-08-14 20:45:56.180,0.000558,,,,0,212,14,0,0,anthropic/claude-sonnet-5-20260630,Amazon Bedrock,standard,false,true,,end_turn,stop,2377,2377,MSCodeBase 1-L live arm,test567,false
gen-1786740353-M32U1rpWaebLXuZdWPcX,2026-08-14 20:45:53.176,0.000554,,,,0,210,14,0,0,anthropic/claude-sonnet-5-20260630,Amazon Bedrock,standard,false,true,,end_turn,stop,2412,2412,MSCodeBase 1-L live arm,test567,false
gen-1786740350-sZoytwGS3IjQIPiI9g9S,2026-08-14 20:45:50.414,0.00056,,,,0,213,14,0,0,anthropic/claude-sonnet-5-20260630,Amazon Bedrock,standard,false,true,,end_turn,stop,2105,2105,MSCodeBase 1-L live arm,test567,false
gen-1786740347-RNLO72QL3DlG4LBHm8xP,2026-08-14 20:45:47.559,0.000546,,,,0,206,14,0,0,anthropic/claude-sonnet-5-20260630,Amazon Bedrock,standard,false,true,,end_turn,stop,2253,2253,MSCodeBase 1-L live arm,test567,false
gen-1786740344-1jfZf0goiIWlEL0RcWJP,2026-08-14 20:45:44.733,0.000544,,,,0,205,14,0,0,anthropic/claude-sonnet-5-20260630,Amazon Bedrock,standard,false,true,,end_turn,stop,2201,2201,MSCodeBase 1-L live arm,test567,false
gen-1786740341-4go4pSb2gGwKfHzgbEa3,2026-08-14 20:45:41.965,0.000558,,,,0,212,14,0,0,anthropic/claude-sonnet-5-20260630,Amazon Bedrock,standard,false,true,,end_turn,stop,2159,2159,MSCodeBase 1-L live arm,test567,false
gen-1786740338-tFgUuBgoYlagWpaapx9I,2026-08-14 20:45:38.882,0.000536,,,,0,201,14,0,0,anthropic/claude-sonnet-5-20260630,Amazon Bedrock,standard,false,true,,end_turn,stop,2386,2386,MSCodeBase 1-L live arm,test567,false
gen-1786740336-OCqsBRYLABj96fczsjsG,2026-08-14 20:45:36.026,0.000556,,,,0,211,14,0,0,anthropic/claude-sonnet-5-20260630,Amazon Bedrock,standard,false,true,,end_turn,stop,2264,2264,MSCodeBase 1-L live arm,test567,false
gen-1786740333-t12HEbEEvpek9k2L4QPM,2026-08-14 20:45:33.168,0.000544,,,,0,205,14,0,0,anthropic/claude-sonnet-5-20260630,Amazon Bedrock,standard,false,true,,end_turn,stop,2247,2247,MSCodeBase 1-L live arm,test567,false
gen-1786740330-QnqgQVXHVmlnAdUwONRe,2026-08-14 20:45:30.121,0.000548,,,,0,207,14,0,0,anthropic/claude-sonnet-5-20260630,Amazon Bedrock,standard,false,true,,end_turn,stop,2374,2374,MSCodeBase 1-L live arm,test567,false
gen-1786740327-2HBW91B0tgSUmt1FXG6O,2026-08-14 20:45:27.215,0.000554,,,,0,210,14,0,0,anthropic/claude-sonnet-5-20260630,Amazon Bedrock,standard,false,true,,end_turn,stop,2296,2296,MSCodeBase 1-L live arm,test567,false
gen-1786740324-SYlGFJntCJ1diqTBA3oV,2026-08-14 20:45:24.291,0.00055,,,,0,208,14,0,0,anthropic/claude-sonnet-5-20260630,Amazon Bedrock,standard,false,true,,end_turn,stop,2311,2311,MSCodeBase 1-L live arm,test567,false
gen-1786740321-mKnOBrnZ5SiCgdrtR4Wq,2026-08-14 20:45:21.389,0.000554,,,,0,210,14,0,0,anthropic/claude-sonnet-5-20260630,Amazon Bedrock,standard,false,true,,end_turn,stop,2270,2270,MSCodeBase 1-L live arm,test567,false
gen-1786740318-CmfUTLgeYZd7x5rTj58R,2026-08-14 20:45:18.595,0.000554,,,,0,210,14,0,0,anthropic/claude-sonnet-5-20260630,Amazon Bedrock,standard,false,true,,end_turn,stop,2187,2187,MSCodeBase 1-L live arm,test567,false
gen-1786740315-kW3tDFo1cNgkNgKfvasI,2026-08-14 20:45:15.800,0.000546,,,,0,206,14,0,0,anthropic/claude-sonnet-5-20260630,Amazon Bedrock,standard,false,true,,end_turn,stop,2173,2173,MSCodeBase 1-L live arm,test567,false
gen-1786740312-z7TxBqD8Zu3pqmFElZ23,2026-08-14 20:45:12.974,0.000552,,,,0,209,14,0,0,anthropic/claude-sonnet-5-20260630,Amazon Bedrock,standard,false,true,,end_turn,stop,2181,2181,MSCodeBase 1-L live arm,test567,false
gen-1786740309-qhINPYxXNzvSDHuIeGwq,2026-08-14 20:45:09.908,0.000552,,,,0,209,14,0,0,anthropic/claude-sonnet-5-20260630,Amazon Bedrock,standard,false,true,,end_turn,stop,2460,2460,MSCodeBase 1-L live arm,test567,false
gen-1786740307-ygHAimbJvNi3AKzk9L4Q,2026-08-14 20:45:07.018,0.00053,,,,0,208,12,0,0,anthropic/claude-sonnet-5-20260630,Amazon Bedrock,standard,false,true,,end_turn,stop,2240,2240,MSCodeBase 1-L live arm,test567,false
gen-1786740303-xuz5ZB9FOEiAKfKZKycA,2026-08-14 20:45:03.923,0.000546,,,,0,206,14,0,0,anthropic/claude-sonnet-5-20260630,Amazon Bedrock,standard,false,true,,end_turn,stop,2479,2479,MSCodeBase 1-L live arm,test567,false
gen-1786740300-71QiBQhlUWOOMM4jzHsI,2026-08-14 20:45:00.710,0.000528,,,,0,207,12,0,0,anthropic/claude-sonnet-5-20260630,Amazon Bedrock,standard,false,true,,end_turn,stop,2618,2618,MSCodeBase 1-L live arm,test567,false
gen-1786740297-9LJn5QLz9s7iQhmVnYdF,2026-08-14 20:44:57.971,0.000538,,,,0,212,12,0,0,anthropic/claude-sonnet-5-20260630,Amazon Bedrock,standard,false,true,,end_turn,stop,2142,2142,MSCodeBase 1-L live arm,test567,false
gen-1786740294-O8iGMllzju0KpRue1jnR,2026-08-14 20:44:54.797,0.000548,,,,0,207,14,0,0,anthropic/claude-sonnet-5-20260630,Amazon Bedrock,standard,false,true,,end_turn,stop,2538,2538,MSCodeBase 1-L live arm,test567,false
gen-1786740291-aDeRQ08ruo87dmexsHBx,2026-08-14 20:44:51.889,0.000556,,,,0,211,14,0,0,anthropic/claude-sonnet-5-20260630,Amazon Bedrock,standard,false,true,,end_turn,stop,2310,2310,MSCodeBase 1-L live arm,test567,false
gen-1786740289-u6UrXcRY8EJR5wd7otSJ,2026-08-14 20:44:49.090,0.000532,,,,0,209,12,0,0,anthropic/claude-sonnet-5-20260630,Amazon Bedrock,standard,false,true,,end_turn,stop,2192,2192,MSCodeBase 1-L live arm,test567,false
gen-1786740285-d3TtFQFSTHCtcIQ9VjdO,2026-08-14 20:44:45.950,0.000556,,,,0,211,14,0,0,anthropic/claude-sonnet-5-20260630,Amazon Bedrock,standard,false,true,,end_turn,stop,2507,2507,MSCodeBase 1-L live arm,test567,false
gen-1786740282-R7jAh1ctQ92QYy3uw5Cs,2026-08-14 20:44:42.304,0.000562,,,,0,214,14,0,0,anthropic/claude-sonnet-5-20260630,Amazon Bedrock,standard,false,true,,end_turn,stop,3023,3023,MSCodeBase 1-L live arm,test567,false
gen-1786740278-ZQj9AzySPJaN7qIdu8on,2026-08-14 20:44:38.410,0.00054,,,,0,213,12,0,0,anthropic/claude-sonnet-5-20260630,Amazon Bedrock,standard,false,true,,end_turn,stop,3280,3280,MSCodeBase 1-L live arm,test567,false
gen-1786740275-lZwxypP5f6GgKZqA7IUL,2026-08-14 20:44:35.141,0.000546,,,,0,206,14,0,0,anthropic/claude-sonnet-5-20260630,Amazon Bedrock,standard,false,true,,end_turn,stop,2672,2672,MSCodeBase 1-L live arm,test567,false
gen-1786740272-xgsJN9J96J3irNT86HTR,2026-08-14 20:44:32.417,0.000554,,,,0,210,14,0,0,anthropic/claude-sonnet-5-20260630,Amazon Bedrock,standard,false,true,,end_turn,stop,2135,2135,MSCodeBase 1-L live arm,test567,false
gen-1786740269-UtIUnIV79SOvv4MDqW11,2026-08-14 20:44:29.427,0.000542,,,,0,204,14,0,0,anthropic/claude-sonnet-5-20260630,Amazon Bedrock,standard,false,true,,end_turn,stop,2373,2373,MSCodeBase 1-L live arm,test567,false
gen-1786740266-QrP53Nb9qHx08qNoMpNw,2026-08-14 20:44:26.592,0.000532,,,,0,209,12,0,0,anthropic/claude-sonnet-5-20260630,Amazon Bedrock,standard,false,true,,end_turn,stop,2250,2250,MSCodeBase 1-L live arm,test567,false
gen-1786740263-FVkCYumB8BMGMiLgqkST,2026-08-14 20:44:23.789,0.000536,,,,0,211,12,0,0,anthropic/claude-sonnet-5-20260630,Amazon Bedrock,standard,false,true,,end_turn,stop,2189,2189,MSCodeBase 1-L live arm,test567,false
gen-1786740260-yMMMQKtebi9YRIMXLepi,2026-08-14 20:44:20.836,0.000542,,,,0,204,14,0,0,anthropic/claude-sonnet-5-20260630,Amazon Bedrock,standard,false,true,,end_turn,stop,2331,2331,MSCodeBase 1-L live arm,test567,false
gen-1786740257-COs4cfrdHa5NgLf2uvbE,2026-08-14 20:44:17.956,0.00054,,,,0,203,14,0,0,anthropic/claude-sonnet-5-20260630,Amazon Bedrock,standard,false,true,,end_turn,stop,2293,2293,MSCodeBase 1-L live arm,test567,false
gen-1786740254-q1K0f331ztD8heeqJMzY,2026-08-14 20:44:14.923,0.000534,,,,0,210,12,0,0,anthropic/claude-sonnet-5-20260630,Amazon Bedrock,standard,false,true,,end_turn,stop,2257,2257,MSCodeBase 1-L live arm,test567,false
gen-1786740252-WUzylsakKOk4KC3cx62f,2026-08-14 20:44:12.125,0.000536,,,,0,211,12,0,0,anthropic/claude-sonnet-5-20260630,Amazon Bedrock,standard,false,true,,end_turn,stop,2196,2196,MSCodeBase 1-L live arm,test567,false
gen-1786740249-QATDyE0DacR4pHcUKbPO,2026-08-14 20:44:09.324,0.000538,,,,0,212,12,0,0,anthropic/claude-sonnet-5-20260630,Amazon Bedrock,standard,false,true,,end_turn,stop,2195,2195,MSCodeBase 1-L live arm,test567,false
gen-1786740246-tiu2za1opvqXeWZXlxKF,2026-08-14 20:44:06.539,0.000548,,,,0,217,12,0,0,anthropic/claude-sonnet-5-20260630,Amazon Bedrock,standard,false,true,,end_turn,stop,2165,2165,MSCodeBase 1-L live arm,test567,false
gen-1786740243-9fc6ZiwJg2bJvK4B5Al2,2026-08-14 20:44:03.496,0.000542,,,,0,204,14,0,0,anthropic/claude-sonnet-5-20260630,Amazon Bedrock,standard,false,true,,end_turn,stop,2428,2428,MSCodeBase 1-L live arm,test567,false
gen-1786740240-G3ZIYdTztnMe9IFqQmda,2026-08-14 20:44:00.650,0.00055,,,,0,208,14,0,0,anthropic/claude-sonnet-5-20260630,Amazon Bedrock,standard,false,true,,end_turn,stop,2226,2226,MSCodeBase 1-L live arm,test567,false
gen-1786740237-LKWxySL7XGey4F4vhLWT,2026-08-14 20:43:57.679,0.000546,,,,0,206,14,0,0,anthropic/claude-sonnet-5-20260630,Amazon Bedrock,standard,false,true,,end_turn,stop,2366,2366,MSCodeBase 1-L live arm,test567,false
gen-1786740234-euSlQ7hhHJdubE85gVEO,2026-08-14 20:43:54.840,0.00059,,,,0,228,14,0,0,anthropic/claude-sonnet-5-20260630,Amazon Bedrock,standard,false,true,,end_turn,stop,2214,2214,MSCodeBase 1-L live arm,test567,false
gen-1786740231-hBhOhU7o1YaUlSzZp3pc,2026-08-14 20:43:51.486,0.000572,,,,0,219,14,0,0,anthropic/claude-sonnet-5-20260630,Amazon Bedrock,standard,false,true,,end_turn,stop,2685,2685,MSCodeBase 1-L live arm,test567,false
gen-1786740228-MnlPYQXMEQrHshpgXT7p,2026-08-14 20:43:48.443,0.00057,,,,0,228,12,0,0,anthropic/claude-sonnet-5-20260630,Amazon Bedrock,standard,false,true,,end_turn,stop,2438,2438,MSCodeBase 1-L live arm,test567,false
gen-1786740225-Bjko0xYzJGhao301axo6,2026-08-14 20:43:45.611,0.000556,,,,0,221,12,0,0,anthropic/claude-sonnet-5-20260630,Amazon Bedrock,standard,false,true,,end_turn,stop,2221,2221,MSCodeBase 1-L live arm,test567,false
gen-1786740222-Nk65B5TxckOqx0Ivt9px,2026-08-14 20:43:42.413,0.00055,,,,0,218,12,0,0,anthropic/claude-sonnet-5-20260630,Amazon Bedrock,standard,false,true,,end_turn,stop,2569,2569,MSCodeBase 1-L live arm,test567,false
gen-1786740219-d2hvUy9JnTMVLT5IapIm,2026-08-14 20:43:39.036,0.000588,,,,0,227,14,0,0,anthropic/claude-sonnet-5-20260630,Amazon Bedrock,standard,false,true,,end_turn,stop,2774,2774,MSCodeBase 1-L live arm,test567,false
gen-1786740216-nM1TxGf2IfBr38CeovDE,2026-08-14 20:43:36.206,0.000552,,,,0,219,12,0,0,anthropic/claude-sonnet-5-20260630,Amazon Bedrock,standard,false,true,,end_turn,stop,2224,2224,MSCodeBase 1-L live arm,test567,false
gen-1786740213-dBpriUIcDckkKIwmUwU9,2026-08-14 20:43:33.382,0.000566,,,,0,216,14,0,0,anthropic/claude-sonnet-5-20260630,Amazon Bedrock,standard,false,true,,end_turn,stop,2224,2224,MSCodeBase 1-L live arm,test567,false
gen-1786740210-QmFFYdMzAl1kZFk7XXVG,2026-08-14 20:43:30.872,0.000413,,,,0,139,14,0,0,anthropic/claude-sonnet-5-20260630,Amazon Bedrock,standard,false,true,,end_turn,stop,2202,2202,MSCodeBase 1-L live arm,test567,false
gen-1786740208-t5gj5cCJSmiBMZfervgl,2026-08-14 20:43:28.076,0.000427,,,,0,146,14,0,0,anthropic/claude-sonnet-5-20260630,Amazon Bedrock,standard,false,true,,end_turn,stop,2196,2196,MSCodeBase 1-L live arm,test567,false
gen-1786740204-rE9q2ygZR25S9hk91utg,2026-08-14 20:43:24.808,0.000425,,,,0,145,14,0,0,anthropic/claude-sonnet-5-20260630,Amazon Bedrock,standard,false,true,,end_turn,stop,2639,2639,MSCodeBase 1-L live arm,test567,false
gen-1786740201-KMlfzyfQAOuqLSgUeorf,2026-08-14 20:43:21.980,0.000427,,,,0,146,14,0,0,anthropic/claude-sonnet-5-20260630,Amazon Bedrock,standard,false,true,,end_turn,stop,2206,2206,MSCodeBase 1-L live arm,test567,false
gen-1786740199-hveFVDR2UKkdr6yNY23G,2026-08-14 20:43:19.239,0.000417,,,,0,141,14,0,0,anthropic/claude-sonnet-5-20260630,Amazon Bedrock,standard,false,true,,end_turn,stop,2139,2139,MSCodeBase 1-L live arm,test567,false
gen-1786740196-ld250TMgCjVRqwKcSX9u,2026-08-14 20:43:16.319,0.000415,,,,0,140,14,0,0,anthropic/claude-sonnet-5-20260630,Amazon Bedrock,standard,false,true,,end_turn,stop,2297,2297,MSCodeBase 1-L live arm,test567,false
gen-1786740193-Ko3lrFgCy97JfFbEURuM,2026-08-14 20:43:13.052,0.000425,,,,0,145,14,0,0,anthropic/claude-sonnet-5-20260630,Amazon Bedrock,standard,false,true,,end_turn,stop,2645,2645,MSCodeBase 1-L live arm,test567,false
gen-1786740190-Xa0eG6KJFgaXr4gaz5PX,2026-08-14 20:43:10.097,0.000409,,,,0,137,14,0,0,anthropic/claude-sonnet-5-20260630,Amazon Bedrock,standard,false,true,,end_turn,stop,2349,2349,MSCodeBase 1-L live arm,test567,false
gen-1786740187-MImCZ1pZd5CzgKuAwnwu,2026-08-14 20:43:06.984,0.000421,,,,0,143,14,0,0,anthropic/claude-sonnet-5-20260630,Amazon Bedrock,standard,false,true,,end_turn,stop,2452,2452,MSCodeBase 1-L live arm,test567,false
gen-1786740184-P1GeWeC7TARJBNQfQBP7,2026-08-14 20:43:04.227,0.000415,,,,0,140,14,0,0,anthropic/claude-sonnet-5-20260630,Amazon Bedrock,standard,false,true,,end_turn,stop,2157,2157,MSCodeBase 1-L live arm,test567,false
gen-1786740180-IrZrargg3qIuzc4UwtaQ,2026-08-14 20:43:00.694,0.000417,,,,0,141,14,0,0,anthropic/claude-sonnet-5-20260630,Amazon Bedrock,standard,false,true,,end_turn,stop,2925,2925,MSCodeBase 1-L live arm,test567,false
gen-1786740177-k2C2mcJjo03I5LKVDmlB,2026-08-14 20:42:57.151,0.000421,,,,0,143,14,0,0,anthropic/claude-sonnet-5-20260630,Amazon Bedrock,standard,false,true,,end_turn,stop,2891,2891,MSCodeBase 1-L live arm,test567,false
gen-1786740173-CGJunWBDAlFuu3zlAmSh,2026-08-14 20:42:53.955,0.000419,,,,0,142,14,0,0,anthropic/claude-sonnet-5-20260630,Amazon Bedrock,standard,false,true,,end_turn,stop,2573,2573,MSCodeBase 1-L live arm,test567,false
gen-1786740171-ZDAZkQB5QpnAT3oOtGz0,2026-08-14 20:42:51.045,0.000421,,,,0,143,14,0,0,anthropic/claude-sonnet-5-20260630,Amazon Bedrock,standard,false,true,,end_turn,stop,2306,2306,MSCodeBase 1-L live arm,test567,false
gen-1786740168-SLAJPvyepiyVEcxF8hfE,2026-08-14 20:42:48.261,0.000423,,,,0,144,14,0,0,anthropic/claude-sonnet-5-20260630,Amazon Bedrock,standard,false,true,,end_turn,stop,2186,2186,MSCodeBase 1-L live arm,test567,false
gen-1786740165-WQGRslhqZUJGBGmNQQap,2026-08-14 20:42:45.330,0.000417,,,,0,141,14,0,0,anthropic/claude-sonnet-5-20260630,Amazon Bedrock,standard,false,true,,end_turn,stop,2321,2321,MSCodeBase 1-L live arm,test567,false
gen-1786740162-Yyi3DJ9ZxNZ8I709oS8c,2026-08-14 20:42:42.518,0.000421,,,,0,143,14,0,0,anthropic/claude-sonnet-5-20260630,Amazon Bedrock,standard,false,true,,end_turn,stop,2211,2211,MSCodeBase 1-L live arm,test567,false
gen-1786740159-2RAjRJslxCxNeqcfPqUv,2026-08-14 20:42:39.482,0.000421,,,,0,143,14,0,0,anthropic/claude-sonnet-5-20260630,Amazon Bedrock,standard,false,true,,end_turn,stop,2446,2446,MSCodeBase 1-L live arm,test567,false
gen-1786740156-d5sphLUFj2UgEBywrTf9,2026-08-14 20:42:36.691,0.000399,,,,0,142,12,0,0,anthropic/claude-sonnet-5-20260630,Amazon Bedrock,standard,false,true,,end_turn,stop,2200,2200,MSCodeBase 1-L live arm,test567,false
gen-1786740153-u4pI0vGHnJDstdgc1VoN,2026-08-14 20:42:33.697,0.000417,,,,0,141,14,0,0,anthropic/claude-sonnet-5-20260630,Amazon Bedrock,standard,false,true,,end_turn,stop,2376,2376,MSCodeBase 1-L live arm,test567,false
gen-1786740150-XzdBtWeI9RkLpA644dzV,2026-08-14 20:42:30.774,0.000397,,,,0,141,12,0,0,anthropic/claude-sonnet-5-20260630,Amazon Bedrock,standard,false,true,,end_turn,stop,2310,2310,MSCodeBase 1-L live arm,test567,false
gen-1786740147-WFmt7Gsgk4FahrayQmF6,2026-08-14 20:42:27.954,0.000407,,,,0,146,12,0,0,anthropic/claude-sonnet-5-20260630,Amazon Bedrock,standard,false,true,,end_turn,stop,2188,2188,MSCodeBase 1-L live arm,test567,false
gen-1786740145-d3rdmiHOHLbarzx2iBPE,2026-08-14 20:42:25.007,0.000419,,,,0,142,14,0,0,anthropic/claude-sonnet-5-20260630,Amazon Bedrock,standard,false,true,,end_turn,stop,2322,2322,MSCodeBase 1-L live arm,test567,false
gen-1786740142-8OImSeQ0hVJxaiSwfwuu,2026-08-14 20:42:22.264,0.000405,,,,0,145,12,0,0,anthropic/claude-sonnet-5-20260630,Amazon Bedrock,standard,false,true,,end_turn,stop,2138,2138,MSCodeBase 1-L live arm,test567,false
gen-1786740139-gSLqmEy47SlHuTUuGRE0,2026-08-14 20:42:19.172,0.000419,,,,0,142,14,0,0,anthropic/claude-sonnet-5-20260630,Amazon Bedrock,standard,false,true,,end_turn,stop,2503,2503,MSCodeBase 1-L live arm,test567,false
gen-1786740136-kaef9NyXdnJxNeDM4oLt,2026-08-14 20:42:16.386,0.000423,,,,0,144,14,0,0,anthropic/claude-sonnet-5-20260630,Amazon Bedrock,standard,false,true,,end_turn,stop,2206,2206,MSCodeBase 1-L live arm,test567,false
gen-1786740133-dULpkOz7IbcB2TIKLXzE,2026-08-14 20:42:13.450,0.000425,,,,0,145,14,0,0,anthropic/claude-sonnet-5-20260630,Amazon Bedrock,standard,false,true,,end_turn,stop,2359,2359,MSCodeBase 1-L live arm,test567,false
gen-1786740130-BbgGCDnEOfpT5jptTrSd,2026-08-14 20:42:10.449,0.000425,,,,0,145,14,0,0,anthropic/claude-sonnet-5-20260630,Amazon Bedrock,standard,false,true,,end_turn,stop,2421,2421,MSCodeBase 1-L live arm,test567,false
gen-1786740127-MXX0m79GVuCWtCOZl3qW,2026-08-14 20:42:07.522,0.000417,,,,0,141,14,0,0,anthropic/claude-sonnet-5-20260630,Amazon Bedrock,standard,false,true,,end_turn,stop,2342,2342,MSCodeBase 1-L live arm,test567,false
gen-1786740124-08zbYOCQwSuF16O8hSuI,2026-08-14 20:42:04.698,0.000423,,,,0,144,14,0,0,anthropic/claude-sonnet-5-20260630,Amazon Bedrock,standard,false,true,,end_turn,stop,2250,2250,MSCodeBase 1-L live arm,test567,false
gen-1786740121-JMjNh7DbmrY8zubsZD2G,2026-08-14 20:42:01.687,0.000413,,,,0,139,14,0,0,anthropic/claude-sonnet-5-20260630,Amazon Bedrock,standard,false,true,,end_turn,stop,2429,2429,MSCodeBase 1-L live arm,test567,false
gen-1786740118-SB6P2oekwODzDJONsAQb,2026-08-14 20:41:58.550,0.000421,,,,0,143,14,0,0,anthropic/claude-sonnet-5-20260630,Amazon Bedrock,standard,false,true,,end_turn,stop,2565,2565,MSCodeBase 1-L live arm,test567,false
gen-1786740115-Sytr1yamrjCuHK8VHgR2,2026-08-14 20:41:55.708,0.000421,,,,0,143,14,0,0,anthropic/claude-sonnet-5-20260630,Amazon Bedrock,standard,false,true,,end_turn,stop,2267,2267,MSCodeBase 1-L live arm,test567,false
gen-1786740112-65C2VOOB97Gu3AAYdcyK,2026-08-14 20:41:52.849,0.000396,,,,0,140,12,0,0,anthropic/claude-sonnet-5-20260630,Amazon Bedrock,standard,false,true,,end_turn,stop,2290,2290,MSCodeBase 1-L live arm,test567,false
gen-1786740110-9KmAPOjS4ytuw1yOvIUy,2026-08-14 20:41:50.005,0.000413,,,,0,139,14,0,0,anthropic/claude-sonnet-5-20260630,Amazon Bedrock,standard,false,true,,end_turn,stop,2252,2252,MSCodeBase 1-L live arm,test567,false
gen-1786740107-wZTv0OQqF9SvRhTDlBSx,2026-08-14 20:41:47.056,0.000423,,,,0,144,14,0,0,anthropic/claude-sonnet-5-20260630,Amazon Bedrock,standard,false,true,,end_turn,stop,2353,2353,MSCodeBase 1-L live arm,test567,false
gen-1786740104-GpnUFv1mDUnJt67A05QV,2026-08-14 20:41:44.184,0.000403,,,,0,144,12,0,0,anthropic/claude-sonnet-5-20260630,Amazon Bedrock,standard,false,true,,end_turn,stop,2276,2276,MSCodeBase 1-L live arm,test567,false
gen-1786740101-5BSSviewThTYWfjC6pDl,2026-08-14 20:41:41.013,0.000429,,,,0,147,14,0,0,anthropic/claude-sonnet-5-20260630,Amazon Bedrock,standard,false,true,,end_turn,stop,2598,2598,MSCodeBase 1-L live arm,test567,false
gen-1786740098-N85cnw3j6MzbOF4pB71L,2026-08-14 20:41:38.169,0.000413,,,,0,149,12,0,0,anthropic/claude-sonnet-5-20260630,Amazon Bedrock,standard,false,true,,end_turn,stop,2274,2274,MSCodeBase 1-L live arm,test567,false
gen-1786740095-hWi417tIZYCdLEg1cccv,2026-08-14 20:41:35.299,0.000415,,,,0,140,14,0,0,anthropic/claude-sonnet-5-20260630,Amazon Bedrock,standard,false,true,,end_turn,stop,2279,2279,MSCodeBase 1-L live arm,test567,false
gen-1786740092-uRHHA0miHmg4evLQ6R4t,2026-08-14 20:41:32.379,0.000419,,,,0,142,14,0,0,anthropic/claude-sonnet-5-20260630,Amazon Bedrock,standard,false,true,,end_turn,stop,2314,2314,MSCodeBase 1-L live arm,test567,false
gen-1786740089-lhoM15lv146oTM0sb2Jj,2026-08-14 20:41:29.635,0.000419,,,,0,142,14,0,0,anthropic/claude-sonnet-5-20260630,Amazon Bedrock,standard,false,true,,end_turn,stop,2140,2140,MSCodeBase 1-L live arm,test567,false
gen-1786740086-qcroTSVwg2RPAAAaGWgT,2026-08-14 20:41:26.662,0.000423,,,,0,144,14,0,0,anthropic/claude-sonnet-5-20260630,Amazon Bedrock,standard,false,true,,end_turn,stop,2366,2366,MSCodeBase 1-L live arm,test567,false
gen-1786740083-D2atbWUuHYgCS7bSVZCC,2026-08-14 20:41:23.747,0.000417,,,,0,141,14,0,0,anthropic/claude-sonnet-5-20260630,Amazon Bedrock,standard,false,true,,end_turn,stop,2306,2306,MSCodeBase 1-L live arm,test567,false
gen-1786740080-puOQKU0srORrsZs1Lzy1,2026-08-14 20:41:20.837,0.000437,,,,0,151,14,0,0,anthropic/claude-sonnet-5-20260630,Amazon Bedrock,standard,false,true,,end_turn,stop,2209,2209,MSCodeBase 1-L live arm,test567,false
gen-1786740077-JninDgsO4h7EpKh2oY2t,2026-08-14 20:41:17.560,0.000423,,,,0,144,14,0,0,anthropic/claude-sonnet-5-20260630,Amazon Bedrock,standard,false,true,,end_turn,stop,2664,2664,MSCodeBase 1-L live arm,test567,false
gen-1786740074-soh7OIfCsU10wm0SmPMo,2026-08-14 20:41:14.756,0.000421,,,,0,143,14,0,0,anthropic/claude-sonnet-5-20260630,Amazon Bedrock,standard,false,true,,end_turn,stop,2191,2191,MSCodeBase 1-L live arm,test567,false
gen-1786740071-cmsRY90TC3TcM6VzMQOR,2026-08-14 20:41:11.856,0.000429,,,,0,147,14,0,0,anthropic/claude-sonnet-5-20260630,Amazon Bedrock,standard,false,true,,end_turn,stop,2271,2271,MSCodeBase 1-L live arm,test567,false
gen-1786740068-dt5Gwa33fvrWYJXlDFxX,2026-08-14 20:41:08.935,0.000423,,,,0,144,14,0,0,anthropic/claude-sonnet-5-20260630,Amazon Bedrock,standard,false,true,,end_turn,stop,2342,2342,MSCodeBase 1-L live arm,test567,false
gen-1786740066-qt3L6TWj8lt9HpYaco2m,2026-08-14 20:41:06.109,0.000423,,,,0,144,14,0,0,anthropic/claude-sonnet-5-20260630,Amazon Bedrock,standard,false,true,,end_turn,stop,2249,2249,MSCodeBase 1-L live arm,test567,false
gen-1786740013-WjLMS0jW183mthgSD5fP,2026-08-14 20:40:13.137,0.000009,,,,0,140,11,0,0,nvidia/nemotron-3-nano-30b-a3b,Crusoe,standard,false,true,,stop,stop,353,353,MSCodeBase 1-L live arm,test567,false
gen-1786740012-NvfPyfmQy8eKHrVzPGck,2026-08-14 20:40:12.170,0.000008,,,,0,145,7,0,0,nvidia/nemotron-3-nano-30b-a3b,Crusoe,standard,false,true,,stop,stop,380,380,MSCodeBase 1-L live arm,test567,false
gen-1786740011-5mfkzOKcbvb6H7M1o3Af,2026-08-14 20:40:11.243,0.000008,,,,0,144,7,0,0,nvidia/nemotron-3-nano-30b-a3b,Crusoe,standard,false,true,,stop,stop,345,345,MSCodeBase 1-L live arm,test567,false
gen-1786740009-rXb7gXApYg5CGxkWRWSw,2026-08-14 20:40:09.942,0.000008,,,,0,146,7,0,0,nvidia/nemotron-3-nano-30b-a3b,Crusoe,standard,false,true,,stop,stop,531,531,MSCodeBase 1-L live arm,test567,false
gen-1786740008-7RzArlEANKcIKS4RPMV8,2026-08-14 20:40:08.941,0.000008,,,,0,143,7,0,0,nvidia/nemotron-3-nano-30b-a3b,Crusoe,standard,false,true,,stop,stop,410,410,MSCodeBase 1-L live arm,test567,false
gen-1786740007-jUSqfjNqmn0EmvtJhCb6,2026-08-14 20:40:07.980,0.000008,,,,0,142,7,0,0,nvidia/nemotron-3-nano-30b-a3b,Crusoe,standard,false,true,,stop,stop,378,378,MSCodeBase 1-L live arm,test567,false
gen-1786740006-SYDWHcHC42rGoZszR4ea,2026-08-14 20:40:06.989,0.000008,,,,0,147,8,0,0,nvidia/nemotron-3-nano-30b-a3b,Crusoe,standard,false,true,,stop,stop,399,399,MSCodeBase 1-L live arm,test567,false
gen-1786740005-p4Yh5QhBAEOe5M47wqCV,2026-08-14 20:40:05.881,0.000008,,,,0,141,8,0,0,nvidia/nemotron-3-nano-30b-a3b,Crusoe,standard,false,true,,stop,stop,280,280,MSCodeBase 1-L live arm,test567,false
gen-1786740004-teekwS4V2mqfMUBKoDUC,2026-08-14 20:40:04.964,0.000008,,,,0,146,8,0,0,nvidia/nemotron-3-nano-30b-a3b,Crusoe,standard,false,true,,stop,stop,338,338,MSCodeBase 1-L live arm,test567,false
gen-1786740003-hg6OOY0TKQI64eW4rxsp,2026-08-14 20:40:03.909,0.000008,,,,0,143,7,0,0,nvidia/nemotron-3-nano-30b-a3b,Crusoe,standard,false,true,,stop,stop,421,421,MSCodeBase 1-L live arm,test567,false
gen-1786740002-bJWgXdbV2bAQWjFICX30,2026-08-14 20:40:02.930,0.000008,,,,0,143,7,0,0,nvidia/nemotron-3-nano-30b-a3b,Crusoe,standard,false,true,,stop,stop,393,393,MSCodeBase 1-L live arm,test567,false
gen-1786740001-lFLtJNwYWB0oi4RdZ00d,2026-08-14 20:40:01.990,0.000008,,,,0,146,7,0,0,nvidia/nemotron-3-nano-30b-a3b,Crusoe,standard,false,true,,stop,stop,348,348,MSCodeBase 1-L live arm,test567,false
gen-1786740000-xbAa9WC2mNGjHoiGEAcU,2026-08-14 20:40:00.996,0.000008,,,,0,146,7,0,0,nvidia/nemotron-3-nano-30b-a3b,Crusoe,standard,false,true,,stop,stop,379,379,MSCodeBase 1-L live arm,test567,false
gen-1786740000-rADO0PdZXjtADbwhHttG,2026-08-14 20:40:00.063,0.000008,,,,0,144,7,0,0,nvidia/nemotron-3-nano-30b-a3b,Crusoe,standard,false,true,,stop,stop,339,339,MSCodeBase 1-L live arm,test567,false
gen-1786739999-lft6P63uVH3i3I3lDAuL,2026-08-14 20:39:59.149,0.000008,,,,0,147,7,0,0,nvidia/nemotron-3-nano-30b-a3b,Crusoe,standard,false,true,,stop,stop,332,332,MSCodeBase 1-L live arm,test567,false
gen-1786739998-QN8hPSExkCJm2m2b3D2i,2026-08-14 20:39:58.199,0.000008,,,,0,144,7,0,0,nvidia/nemotron-3-nano-30b-a3b,Crusoe,standard,false,true,,stop,stop,361,361,MSCodeBase 1-L live arm,test567,false
gen-1786739997-l6m27czAK3CzG0CvtPTk,2026-08-14 20:39:57.037,0.000008,,,,0,146,7,0,0,nvidia/nemotron-3-nano-30b-a3b,Crusoe,standard,false,true,,stop,stop,568,568,MSCodeBase 1-L live arm,test567,false
gen-1786739996-LQdJWfRRqbibNVVAymu6,2026-08-14 20:39:56.027,0.000008,,,,0,148,7,0,0,nvidia/nemotron-3-nano-30b-a3b,Crusoe,standard,false,true,,stop,stop,408,408,MSCodeBase 1-L live arm,test567,false
gen-1786739995-e19wXxXdK9sIrIwFCILF,2026-08-14 20:39:55.077,0.000008,,,,0,143,7,0,0,nvidia/nemotron-3-nano-30b-a3b,Crusoe,standard,false,true,,stop,stop,363,363,MSCodeBase 1-L live arm,test567,false
gen-1786739994-L8WLC7ZjfcFf6pcedQWo,2026-08-14 20:39:54.128,0.000008,,,,0,144,7,0,0,nvidia/nemotron-3-nano-30b-a3b,Crusoe,standard,false,true,,stop,stop,369,369,MSCodeBase 1-L live arm,test567,false
gen-1786739993-swU2eQVv6cNQIq0MTlpY,2026-08-14 20:39:53.175,0.000008,,,,0,145,7,0,0,nvidia/nemotron-3-nano-30b-a3b,Crusoe,standard,false,true,,stop,stop,355,355,MSCodeBase 1-L live arm,test567,false
gen-1786739992-I8AQCzbQ93U7SSsELIvf,2026-08-14 20:39:52.201,0.000008,,,,0,148,7,0,0,nvidia/nemotron-3-nano-30b-a3b,Crusoe,standard,false,true,,stop,stop,380,380,MSCodeBase 1-L live arm,test567,false
gen-1786739991-YQotEoq2kkni5Ca9rozM,2026-08-14 20:39:51.131,0.000008,,,,0,146,7,0,0,nvidia/nemotron-3-nano-30b-a3b,Crusoe,standard,false,true,,stop,stop,486,486,MSCodeBase 1-L live arm,test567,false
gen-1786739990-6EP2AeoiqNKvG1KnSME5,2026-08-14 20:39:50.122,0.000008,,,,0,147,7,0,0,nvidia/nemotron-3-nano-30b-a3b,Crusoe,standard,false,true,,stop,stop,419,419,MSCodeBase 1-L live arm,test567,false
gen-1786739989-uhrGbjTO3tK5YP4CTHpP,2026-08-14 20:39:49.142,0.000008,,,,0,147,7,0,0,nvidia/nemotron-3-nano-30b-a3b,Crusoe,standard,false,true,,stop,stop,349,349,MSCodeBase 1-L live arm,test567,false
gen-1786739988-J6lcylKlUCV6nXva743T,2026-08-14 20:39:48.209,0.000008,,,,0,143,7,0,0,nvidia/nemotron-3-nano-30b-a3b,Crusoe,standard,false,true,,stop,stop,347,347,MSCodeBase 1-L live arm,test567,false
gen-1786739987-LV804bvo85U9wuTHM3NK,2026-08-14 20:39:47.206,0.000008,,,,0,145,7,0,0,nvidia/nemotron-3-nano-30b-a3b,Crusoe,standard,false,true,,stop,stop,422,422,MSCodeBase 1-L live arm,test567,false
gen-1786739986-nkpG0xCLCfUIfVrDwCWz,2026-08-14 20:39:46.077,0.000008,,,,0,146,7,0,0,nvidia/nemotron-3-nano-30b-a3b,Crusoe,standard,false,true,,stop,stop,390,390,MSCodeBase 1-L live arm,test567,false
gen-1786739985-iqsK0ssl5LjmOB5UsSyo,2026-08-14 20:39:45.124,0.000008,,,,0,144,7,0,0,nvidia/nemotron-3-nano-30b-a3b,Crusoe,standard,false,true,,stop,stop,370,370,MSCodeBase 1-L live arm,test567,false
gen-1786739984-J3myp4blRBb3nZB6hKby,2026-08-14 20:39:44.141,0.000008,,,,0,144,7,0,0,nvidia/nemotron-3-nano-30b-a3b,Crusoe,standard,false,true,,stop,stop,384,384,MSCodeBase 1-L live arm,test567,false
gen-1786739983-TRI6MWLxTJCG1ZrTYwmq,2026-08-14 20:39:43.136,0.000008,,,,0,141,7,0,0,nvidia/nemotron-3-nano-30b-a3b,Crusoe,standard,false,true,,stop,stop,416,416,MSCodeBase 1-L live arm,test567,false
gen-1786739982-YbyDgO5UdA9ZWTQ22at9,2026-08-14 20:39:42.190,0.000008,,,,0,145,7,0,0,nvidia/nemotron-3-nano-30b-a3b,Crusoe,standard,false,true,,stop,stop,345,345,MSCodeBase 1-L live arm,test567,false
gen-1786739981-WzpaxLI4SkoTFBIqQtn9,2026-08-14 20:39:41.139,0.000009,,,,0,142,11,0,0,nvidia/nemotron-3-nano-30b-a3b,Crusoe,standard,false,true,,stop,stop,460,460,MSCodeBase 1-L live arm,test567,false
gen-1786739980-XJV3Glw91jM7BlSXUEQn,2026-08-14 20:39:40.195,0.000008,,,,0,144,7,0,0,nvidia/nemotron-3-nano-30b-a3b,Crusoe,standard,false,true,,stop,stop,355,355,MSCodeBase 1-L live arm,test567,false
gen-1786739979-7d3kTDumHt7U64ZEQ9VL,2026-08-14 20:39:39.208,0.000008,,,,0,139,7,0,0,nvidia/nemotron-3-nano-30b-a3b,Crusoe,standard,false,true,,stop,stop,387,387,MSCodeBase 1-L live arm,test567,false
gen-1786739978-FUs3jgM9IJ44GR4ka8K6,2026-08-14 20:39:38.160,0.000008,,,,0,141,7,0,0,nvidia/nemotron-3-nano-30b-a3b,Crusoe,standard,false,true,,stop,stop,459,459,MSCodeBase 1-L live arm,test567,false
gen-1786739977-GL7Zt1fZuWBbJrl8arbG,2026-08-14 20:39:37.212,0.000008,,,,0,144,7,0,0,nvidia/nemotron-3-nano-30b-a3b,Crusoe,standard,false,true,,stop,stop,359,359,MSCodeBase 1-L live arm,test567,false
gen-1786739976-8mgRt9t0vYv5UWILioQR,2026-08-14 20:39:36.207,0.000009,,,,0,146,11,0,0,nvidia/nemotron-3-nano-30b-a3b,Crusoe,standard,false,true,,stop,stop,418,418,MSCodeBase 1-L live arm,test567,false
gen-1786739975-fWafdOITS6TMK2R5j804,2026-08-14 20:39:35.136,0.000008,,,,0,151,7,0,0,nvidia/nemotron-3-nano-30b-a3b,Crusoe,standard,false,true,,stop,stop,473,473,MSCodeBase 1-L live arm,test567,false
gen-1786739974-Eyq7QPNIeuZBrh1Mxu7S,2026-08-14 20:39:34.194,0.000008,,,,0,146,7,0,0,nvidia/nemotron-3-nano-30b-a3b,Crusoe,standard,false,true,,stop,stop,360,360,MSCodeBase 1-L live arm,test567,false
gen-1786739973-r8FWtkMQF82yJFNX8bBv,2026-08-14 20:39:33.073,0.000008,,,,0,144,7,0,0,nvidia/nemotron-3-nano-30b-a3b,Crusoe,standard,false,true,,stop,stop,522,522,MSCodeBase 1-L live arm,test567,false
gen-1786739972-63kk44ffboaZJbbcwjiF,2026-08-14 20:39:32.128,0.000008,,,,0,144,7,0,0,nvidia/nemotron-3-nano-30b-a3b,Crusoe,standard,false,true,,stop,stop,346,346,MSCodeBase 1-L live arm,test567,false
gen-1786739971-4ZFxZN7tvgWqg23yLMDQ,2026-08-14 20:39:31.211,0.000008,,,,0,150,7,0,0,nvidia/nemotron-3-nano-30b-a3b,Crusoe,standard,false,true,,stop,stop,339,339,MSCodeBase 1-L live arm,test567,false
gen-1786739970-SLIpJ2UT9TlOW276U2KK,2026-08-14 20:39:30.218,0.000009,,,,0,150,11,0,0,nvidia/nemotron-3-nano-30b-a3b,Crusoe,standard,false,true,,stop,stop,378,378,MSCodeBase 1-L live arm,test567,false
gen-1786739969-NxzcQvDG4frwCcachf3x,2026-08-14 20:39:29.274,0.000009,,,,0,156,11,0,0,nvidia/nemotron-3-nano-30b-a3b,Crusoe,standard,false,true,,stop,stop,336,336,MSCodeBase 1-L live arm,test567,false
gen-1786739968-tTF2gSKyrdUJaqSIWw95,2026-08-14 20:39:28.285,0.000009,,,,0,149,11,0,0,nvidia/nemotron-3-nano-30b-a3b,Crusoe,standard,false,true,,stop,stop,411,411,MSCodeBase 1-L live arm,test567,false
gen-1786739967-EDl1zNE7oTWwsiv488hl,2026-08-14 20:39:27.278,0.000009,,,,0,149,11,0,0,nvidia/nemotron-3-nano-30b-a3b,Crusoe,standard,false,true,,stop,stop,412,412,MSCodeBase 1-L live arm,test567,false
gen-1786739966-iEfm4H0uexDDqWZCk4h9,2026-08-14 20:39:26.310,0.000009,,,,0,155,11,0,0,nvidia/nemotron-3-nano-30b-a3b,Crusoe,standard,false,true,,stop,stop,381,381,MSCodeBase 1-L live arm,test567,false
gen-1786739965-z8VGJ7qwWlqzT6UVvaww,2026-08-14 20:39:25.326,0.000008,,,,0,149,7,0,0,nvidia/nemotron-3-nano-30b-a3b,Crusoe,standard,false,true,,stop,stop,402,402,MSCodeBase 1-L live arm,test567,false
gen-1786739964-jJCzCvGrCMW0n3qmYYe2,2026-08-14 20:39:24.358,0.000009,,,,0,154,7,0,0,nvidia/nemotron-3-nano-30b-a3b,Crusoe,standard,false,true,,stop,stop,381,381,MSCodeBase 1-L live arm,test567,false
gen-1786739963-VTXHx6K3GXbmEGiphOAH,2026-08-14 20:39:23.666,0.000006,,,,0,101,7,0,0,nvidia/nemotron-3-nano-30b-a3b,Crusoe,standard,false,true,,stop,stop,405,405,MSCodeBase 1-L live arm,test567,false
gen-1786739962-iRzIIRHAj3yhj3xDE2Ov,2026-08-14 20:39:22.633,0.000006,,,,0,107,7,0,0,nvidia/nemotron-3-nano-30b-a3b,Crusoe,standard,false,true,,stop,stop,437,437,MSCodeBase 1-L live arm,test567,false
gen-1786739961-Moxjk9u6A7X10hmzjqg9,2026-08-14 20:39:21.667,0.000006,,,,0,105,7,0,0,nvidia/nemotron-3-nano-30b-a3b,Crusoe,standard,false,true,,stop,stop,383,383,MSCodeBase 1-L live arm,test567,false
gen-1786739960-PJHMGxslGRlLbfSvhR22,2026-08-14 20:39:20.692,0.000006,,,,0,107,7,0,0,nvidia/nemotron-3-nano-30b-a3b,Crusoe,standard,false,true,,stop,stop,376,376,MSCodeBase 1-L live arm,test567,false
gen-1786739959-z5aQMeB6uoxhftDjzdS5,2026-08-14 20:39:19.758,0.000006,,,,0,105,7,0,0,nvidia/nemotron-3-nano-30b-a3b,Crusoe,standard,false,true,,stop,stop,343,343,MSCodeBase 1-L live arm,test567,false
gen-1786739958-4ddCaX5c5Dlzzhcn5Kyf,2026-08-14 20:39:18.776,0.000006,,,,0,105,7,0,0,nvidia/nemotron-3-nano-30b-a3b,Crusoe,standard,false,true,,stop,stop,395,395,MSCodeBase 1-L live arm,test567,false
gen-1786739957-sNkqeJ86x2dS0ctz2jLc,2026-08-14 20:39:17.762,0.000006,,,,0,108,7,0,0,nvidia/nemotron-3-nano-30b-a3b,Crusoe,standard,false,true,,stop,stop,419,419,MSCodeBase 1-L live arm,test567,false
gen-1786739956-M3UGyxtgcmOcLk4x5M29,2026-08-14 20:39:16.800,0.000006,,,,0,104,7,0,0,nvidia/nemotron-3-nano-30b-a3b,Crusoe,standard,false,true,,stop,stop,376,376,MSCodeBase 1-L live arm,test567,false
gen-1786739955-jjxLWJigRqTEfgTr1D4y,2026-08-14 20:39:15.826,0.000006,,,,0,107,7,0,0,nvidia/nemotron-3-nano-30b-a3b,Crusoe,standard,false,true,,stop,stop,388,388,MSCodeBase 1-L live arm,test567,false
gen-1786739954-v0CyvIXqqivQyWe1UTtU,2026-08-14 20:39:14.741,0.000007,,,,0,105,11,0,0,nvidia/nemotron-3-nano-30b-a3b,Crusoe,standard,false,true,,stop,stop,480,480,MSCodeBase 1-L live arm,test567,false
gen-1786739953-8S7u6oCL6sOyv2QtRSMv,2026-08-14 20:39:13.811,0.000006,,,,0,104,7,0,0,nvidia/nemotron-3-nano-30b-a3b,Crusoe,standard,false,true,,stop,stop,342,342,MSCodeBase 1-L live arm,test567,false
gen-1786739952-WxCEn6Z9cBIyrggaJJzq,2026-08-14 20:39:12.774,0.000007,,,,0,106,11,0,0,nvidia/nemotron-3-nano-30b-a3b,Crusoe,standard,false,true,,stop,stop,443,443,MSCodeBase 1-L live arm,test567,false
gen-1786739951-oenmTk6ssjSMT8YQnh1T,2026-08-14 20:39:11.741,0.000006,,,,0,106,7,0,0,nvidia/nemotron-3-nano-30b-a3b,Crusoe,standard,false,true,,stop,stop,436,436,MSCodeBase 1-L live arm,test567,false
gen-1786739950-Ep2Nirpk3M2x66fTQYVG,2026-08-14 20:39:10.758,0.000007,,,,0,106,11,0,0,nvidia/nemotron-3-nano-30b-a3b,Crusoe,standard,false,true,,stop,stop,386,386,MSCodeBase 1-L live arm,test567,false
gen-1786739949-Svn7IRG3SBCY1MmMm5yp,2026-08-14 20:39:09.717,0.000007,,,,0,108,11,0,0,nvidia/nemotron-3-nano-30b-a3b,Crusoe,standard,false,true,,stop,stop,455,455,MSCodeBase 1-L live arm,test567,false
gen-1786739948-hjx7lbux9f5HRp5OPQhK,2026-08-14 20:39:08.795,0.000006,,,,0,105,7,0,0,nvidia/nemotron-3-nano-30b-a3b,Crusoe,standard,false,true,,stop,stop,327,327,MSCodeBase 1-L live arm,test567,false
gen-1786739947-qWjzDH2G0zKTwxjr13B8,2026-08-14 20:39:07.856,0.000006,,,,0,107,7,0,0,nvidia/nemotron-3-nano-30b-a3b,Crusoe,standard,false,true,,stop,stop,350,350,MSCodeBase 1-L live arm,test567,false
gen-1786739946-ggmNwUAFwvXU2wJYaq2E,2026-08-14 20:39:06.907,0.000006,,,,0,108,7,0,0,nvidia/nemotron-3-nano-30b-a3b,Crusoe,standard,false,true,,stop,stop,335,335,MSCodeBase 1-L live arm,test567,false
gen-1786739945-UnNcjtzeQir3BSe0d139,2026-08-14 20:39:05.956,0.000006,,,,0,104,7,0,0,nvidia/nemotron-3-nano-30b-a3b,Crusoe,standard,false,true,,stop,stop,365,365,MSCodeBase 1-L live arm,test567,false
gen-1786739944-ak2K3T7FufnKshDIbBJS,2026-08-14 20:39:04.959,0.000006,,,,0,105,7,0,0,nvidia/nemotron-3-nano-30b-a3b,Crusoe,standard,false,true,,stop,stop,412,412,MSCodeBase 1-L live arm,test567,false
gen-1786739943-jUR9KoOQS3FKHL3f0L1r,2026-08-14 20:39:03.987,0.000006,,,,0,106,7,0,0,nvidia/nemotron-3-nano-30b-a3b,Crusoe,standard,false,true,,stop,stop,363,363,MSCodeBase 1-L live arm,test567,false
gen-1786739942-860t4ZxWkvTbHj3lUCOD,2026-08-14 20:39:02.974,0.000006,,,,0,108,7,0,0,nvidia/nemotron-3-nano-30b-a3b,Crusoe,standard,false,true,,stop,stop,418,418,MSCodeBase 1-L live arm,test567,false
gen-1786739941-MRl5ovM84fCVknjWvKNP,2026-08-14 20:39:01.723,0.000006,,,,0,107,7,0,0,nvidia/nemotron-3-nano-30b-a3b,Crusoe,standard,false,true,,stop,stop,557,557,MSCodeBase 1-L live arm,test567,false
gen-1786739940-TP9niawtyqOcsAjUEliA,2026-08-14 20:39:00.728,0.000006,,,,0,107,7,0,0,nvidia/nemotron-3-nano-30b-a3b,Crusoe,standard,false,true,,stop,stop,407,407,MSCodeBase 1-L live arm,test567,false
gen-1786739939-MhbTSIMgXt0VQ4G4ed4u,2026-08-14 20:38:59.723,0.000006,,,,0,107,7,0,0,nvidia/nemotron-3-nano-30b-a3b,Crusoe,standard,false,true,,stop,stop,385,385,MSCodeBase 1-L live arm,test567,false
gen-1786739938-bpHKCbAU8LE7EswRxSLZ,2026-08-14 20:38:58.755,0.000006,,,,0,106,7,0,0,nvidia/nemotron-3-nano-30b-a3b,Crusoe,standard,false,true,,stop,stop,353,353,MSCodeBase 1-L live arm,test567,false
gen-1786739937-NgbrcZulKn2EUlByJcE6,2026-08-14 20:38:57.774,0.000006,,,,0,107,7,0,0,nvidia/nemotron-3-nano-30b-a3b,Crusoe,standard,false,true,,stop,stop,376,376,MSCodeBase 1-L live arm,test567,false
gen-1786739936-eM489mmtJGDbccY98y2W,2026-08-14 20:38:56.768,0.000006,,,,0,106,7,0,0,nvidia/nemotron-3-nano-30b-a3b,Crusoe,standard,false,true,,stop,stop,390,390,MSCodeBase 1-L live arm,test567,false
gen-1786739935-8tiXfJq272clStH20ZyR,2026-08-14 20:38:55.786,0.000006,,,,0,105,7,0,0,nvidia/nemotron-3-nano-30b-a3b,Crusoe,standard,false,true,,stop,stop,359,359,MSCodeBase 1-L live arm,test567,false
gen-1786739934-2s0qrZStr0SH868U2RF7,2026-08-14 20:38:54.662,0.000006,,,,0,106,7,0,0,nvidia/nemotron-3-nano-30b-a3b,Crusoe,standard,false,true,,stop,stop,511,511,MSCodeBase 1-L live arm,test567,false
gen-1786739933-Vcq2fu5rJmDIuaNO4nca,2026-08-14 20:38:53.622,0.000006,,,,0,103,7,0,0,nvidia/nemotron-3-nano-30b-a3b,Crusoe,standard,false,true,,stop,stop,419,419,MSCodeBase 1-L live arm,test567,false
gen-1786739932-WsMHvACl6DF6442WxZWT,2026-08-14 20:38:52.582,0.000007,,,,0,107,11,0,0,nvidia/nemotron-3-nano-30b-a3b,Crusoe,standard,false,true,,stop,stop,428,428,MSCodeBase 1-L live arm,test567,false
gen-1786739931-Zigd2uCyhcDAYyu0L4Wa,2026-08-14 20:38:51.450,0.000006,,,,0,105,7,0,0,nvidia/nemotron-3-nano-30b-a3b,Crusoe,standard,false,true,,stop,stop,498,498,MSCodeBase 1-L live arm,test567,false
gen-1786739930-9RZiRNsmxuu4ew34rGpY,2026-08-14 20:38:50.458,0.000006,,,,0,106,7,0,0,nvidia/nemotron-3-nano-30b-a3b,Crusoe,standard,false,true,,stop,stop,380,380,MSCodeBase 1-L live arm,test567,false
gen-1786739929-MGmM4m3roJMB5n2BDmB1,2026-08-14 20:38:49.345,0.000006,,,,0,102,7,0,0,nvidia/nemotron-3-nano-30b-a3b,Crusoe,standard,false,true,,stop,stop,510,510,MSCodeBase 1-L live arm,test567,false
gen-1786739928-X77wnHrVoUN4W66iC3wZ,2026-08-14 20:38:48.351,0.000006,,,,0,103,7,0,0,nvidia/nemotron-3-nano-30b-a3b,Crusoe,standard,false,true,,stop,stop,398,398,MSCodeBase 1-L live arm,test567,false
gen-1786739927-8MlePkHrxVJe5kOLz1ho,2026-08-14 20:38:47.310,0.000006,,,,0,105,7,0,0,nvidia/nemotron-3-nano-30b-a3b,Crusoe,standard,false,true,,stop,stop,440,440,MSCodeBase 1-L live arm,test567,false
gen-1786739926-n5Dy7ObMKB1EZmt5mFIf,2026-08-14 20:38:46.360,0.000006,,,,0,108,7,0,0,nvidia/nemotron-3-nano-30b-a3b,Crusoe,standard,false,true,,stop,stop,345,345,MSCodeBase 1-L live arm,test567,false
gen-1786739925-ykaShzVkPEzfFOySEO3Y,2026-08-14 20:38:45.317,0.000006,,,,0,110,7,0,0,nvidia/nemotron-3-nano-30b-a3b,Crusoe,standard,false,true,,stop,stop,443,443,MSCodeBase 1-L live arm,test567,false
gen-1786739924-bANcyztCpi02ckW0riyb,2026-08-14 20:38:44.236,0.000006,,,,0,107,7,0,0,nvidia/nemotron-3-nano-30b-a3b,Crusoe,standard,false,true,,stop,stop,474,474,MSCodeBase 1-L live arm,test567,false
gen-1786739923-08mVI2mz1ahnwUu0Clvr,2026-08-14 20:38:43.214,0.000006,,,,0,105,7,0,0,nvidia/nemotron-3-nano-30b-a3b,Crusoe,standard,false,true,,stop,stop,385,385,MSCodeBase 1-L live arm,test567,false
gen-1786739922-QrgiG4LG9VUTFXuicQ09,2026-08-14 20:38:42.163,0.000007,,,,0,107,11,0,0,nvidia/nemotron-3-nano-30b-a3b,Crusoe,standard,false,true,,stop,stop,414,414,MSCodeBase 1-L live arm,test567,false
gen-1786739921-sqHruohlefjlITJ5TNw6,2026-08-14 20:38:41.170,0.000006,,,,0,107,7,0,0,nvidia/nemotron-3-nano-30b-a3b,Crusoe,standard,false,true,,stop,stop,340,340,MSCodeBase 1-L live arm,test567,false
gen-1786739919-helm4N1l303D2AyWmz5g,2026-08-14 20:38:39.915,0.000006,,,,0,106,7,0,0,nvidia/nemotron-3-nano-30b-a3b,Crusoe,standard,false,true,,stop,stop,631,631,MSCodeBase 1-L live arm,test567,false
gen-1786739918-nQC72phMoeI9bsXuzNkr,2026-08-14 20:38:38.914,0.000006,,,,0,110,7,0,0,nvidia/nemotron-3-nano-30b-a3b,Crusoe,standard,false,true,,stop,stop,384,384,MSCodeBase 1-L live arm,test567,false
gen-1786739917-dl5D4fn0wsAMM7Bq5QP8,2026-08-14 20:38:37.876,0.000007,,,,0,105,11,0,0,nvidia/nemotron-3-nano-30b-a3b,Crusoe,standard,false,true,,stop,stop,445,445,MSCodeBase 1-L live arm,test567,false
gen-1786739916-EAy2SecU0aMwSzoMq6JB,2026-08-14 20:38:36.886,0.000007,,,,0,106,11,0,0,nvidia/nemotron-3-nano-30b-a3b,Crusoe,standard,false,true,,stop,stop,375,375,MSCodeBase 1-L live arm,test567,false
gen-1786739915-XNpUJB8XBxtwWQpD6SI4,2026-08-14 20:38:35.901,0.000006,,,,0,108,7,0,0,nvidia/nemotron-3-nano-30b-a3b,Crusoe,standard,false,true,,stop,stop,378,378,MSCodeBase 1-L live arm,test567,false
gen-1786739914-ODscigJ51C5PUvBmKG88,2026-08-14 20:38:34.927,0.000006,,,,0,105,7,0,0,nvidia/nemotron-3-nano-30b-a3b,Crusoe,standard,false,true,,stop,stop,382,382,MSCodeBase 1-L live arm,test567,false
gen-1786739913-owWjQbnSmU6nTCf2e6yR,2026-08-14 20:38:33.942,0.000006,,,,0,109,7,0,0,nvidia/nemotron-3-nano-30b-a3b,Crusoe,standard,false,true,,stop,stop,371,371,MSCodeBase 1-L live arm,test567,false
gen-1786739908-SCKZsFvxbLnNnEimoc5w,2026-08-14 20:38:28.016,0.000025,,,,0,140,8,0,0,nvidia/nemotron-3-super-120b-a12b-20230311,DigitalOcean,standard,false,true,,stop,stop,5376,5376,MSCodeBase 1-L live arm,test567,false
gen-1786739894-qwyEBZZzECyQH8oVaomK,2026-08-14 20:38:14.743,0.000026,,,,0,143,8,0,0,nvidia/nemotron-3-super-120b-a12b-20230311,DigitalOcean,standard,false,true,,stop,stop,1554,1554,MSCodeBase 1-L live arm,test567,false
gen-1786739881-Fyh65M2i8UqdJJ1jItvx,2026-08-14 20:38:01.730,0.000026,,,,0,143,8,0,0,nvidia/nemotron-3-super-120b-a12b-20230311,DigitalOcean,standard,false,true,,stop,stop,12182,12182,MSCodeBase 1-L live arm,test567,false
gen-1786739879-jQedag4l52pCHDGFu82D,2026-08-14 20:37:59.064,0.000015,,,,0,146,8,0,0,nvidia/nemotron-3-super-120b-a12b-20230311,DeepInfra,standard,false,true,,stop,stop,739,739,MSCodeBase 1-L live arm,test567,false
gen-1786739877-IjyVwiMSy08lYr46Xx5m,2026-08-14 20:37:57.546,0.000015,,,,0,144,8,0,0,nvidia/nemotron-3-super-120b-a12b-20230311,DeepInfra,standard,false,true,,stop,stop,855,855,MSCodeBase 1-L live arm,test567,false
gen-1786739876-ssqASSDCPUJDpFkT79xm,2026-08-14 20:37:56.159,0.000015,,,,0,147,8,0,0,nvidia/nemotron-3-super-120b-a12b-20230311,DeepInfra,standard,false,true,,stop,stop,705,705,MSCodeBase 1-L live arm,test567,false
gen-1786739874-AeqElJBtOfOeWcLlszVK,2026-08-14 20:37:54.087,0.000015,,,,0,144,8,0,0,nvidia/nemotron-3-super-120b-a12b-20230311,DeepInfra,standard,false,true,,stop,stop,1406,1406,MSCodeBase 1-L live arm,test567,false
gen-1786739854-7GWniSWU7DsjCQuJNo11,2026-08-14 20:37:34.253,0.000026,,,,0,143,8,0,0,nvidia/nemotron-3-super-120b-a12b-20230311,DigitalOcean,standard,false,true,,stop,stop,6920,6920,MSCodeBase 1-L live arm,test567,false
gen-1786739852-w1TS2Rp0mQL5BqXi1bwR,2026-08-14 20:37:32.952,0.000015,,,,0,145,8,0,0,nvidia/nemotron-3-super-120b-a12b-20230311,DeepInfra,standard,false,true,,stop,stop,614,614,MSCodeBase 1-L live arm,test567,false
gen-1786739844-2eAADCVeKXp368Fuwsf2,2026-08-14 20:37:24.070,0.000015,,,,0,144,8,0,0,nvidia/nemotron-3-super-120b-a12b-20230311,DeepInfra,standard,false,true,,stop,stop,578,578,MSCodeBase 1-L live arm,test567,false
gen-1786739839-SKPZya7UbFM3ZirfWYFu,2026-08-14 20:37:19.921,0.000014,,,,0,139,8,0,0,nvidia/nemotron-3-super-120b-a12b-20230311,DeepInfra,standard,false,true,,stop,stop,3501,3501,MSCodeBase 1-L live arm,test567,false
gen-1786739838-gceRZpLzt31ELB1BPQmm,2026-08-14 20:37:18.722,0.000015,,,,0,141,8,0,0,nvidia/nemotron-3-super-120b-a12b-20230311,DeepInfra,standard,false,true,,stop,stop,523,523,MSCodeBase 1-L live arm,test567,false
gen-1786739835-zUBssVCiAkncSECAwJ0j,2026-08-14 20:37:15.779,0.000015,,,,0,146,8,0,0,nvidia/nemotron-3-super-120b-a12b-20230311,DeepInfra,standard,false,true,,stop,stop,558,558,MSCodeBase 1-L live arm,test567,false
gen-1786739831-goSn41mod00HqRKc3gXu,2026-08-14 20:37:11.848,0.000015,,,,0,151,8,0,0,nvidia/nemotron-3-super-120b-a12b-20230311,DeepInfra,standard,false,true,,stop,stop,3262,3262,MSCodeBase 1-L live arm,test567,false
gen-1786739816-owETi8WBPvVUTClRqMyP,2026-08-14 20:36:56.571,0.000026,,,,0,144,8,0,0,nvidia/nemotron-3-super-120b-a12b-20230311,DigitalOcean,standard,false,true,,stop,stop,1058,1058,MSCodeBase 1-L live arm,test567,false
gen-1786739814-WPE48blDoBLIymARZMuZ,2026-08-14 20:36:54.591,0.000027,,,,0,150,8,0,0,nvidia/nemotron-3-super-120b-a12b-20230311,DigitalOcean,standard,false,true,,stop,stop,1170,1170,MSCodeBase 1-L live arm,test567,false
gen-1786739813-Wu3LhlHMVozSzTKbZc1A,2026-08-14 20:36:53.466,0.000015,,,,0,150,8,0,0,nvidia/nemotron-3-super-120b-a12b-20230311,DeepInfra,standard,false,true,,stop,stop,480,480,MSCodeBase 1-L live arm,test567,false
gen-1786739811-Oqas1lXCiHLtOocfDJgA,2026-08-14 20:36:51.469,0.000028,,,,0,156,8,0,0,nvidia/nemotron-3-super-120b-a12b-20230311,DigitalOcean,standard,false,true,,stop,stop,1194,1194,MSCodeBase 1-L live arm,test567,false
gen-1786739809-hoeEga5twV4Gov29mRKy,2026-08-14 20:36:49.299,0.000027,,,,0,149,8,0,0,nvidia/nemotron-3-super-120b-a12b-20230311,DigitalOcean,standard,false,true,,stop,stop,1320,1320,MSCodeBase 1-L live arm,test567,false
gen-1786739807-fsquP8zqF1M1xUHc3rO2,2026-08-14 20:36:47.528,0.000027,,,,0,149,8,0,0,nvidia/nemotron-3-super-120b-a12b-20230311,DigitalOcean,standard,false,true,,stop,stop,1132,1132,MSCodeBase 1-L live arm,test567,false
gen-1786739806-k9shmOQ57hGqL9o3kCpD,2026-08-14 20:36:46.270,0.000017,,,,0,155,11,0,0,nvidia/nemotron-3-super-120b-a12b-20230311,DeepInfra,standard,false,true,,stop,stop,575,575,MSCodeBase 1-L live arm,test567,false
gen-1786739804-3lWS4baTsDkDFgKERVse,2026-08-14 20:36:44.672,0.000027,,,,0,149,8,0,0,nvidia/nemotron-3-super-120b-a12b-20230311,DigitalOcean,standard,false,true,,stop,stop,949,949,MSCodeBase 1-L live arm,test567,false
gen-1786739802-O09OONDtlZommKTdNOd9,2026-08-14 20:36:42.910,0.000027,,,,0,154,8,0,0,nvidia/nemotron-3-super-120b-a12b-20230311,DigitalOcean,standard,false,true,,stop,stop,937,937,MSCodeBase 1-L live arm,test567,false
gen-1786739801-v3ihgLZP60zLxpWNoapS,2026-08-14 20:36:41.731,0.000011,,,,0,101,8,0,0,nvidia/nemotron-3-super-120b-a12b-20230311,DeepInfra,standard,false,true,,stop,stop,812,812,MSCodeBase 1-L live arm,test567,false
gen-1786739799-VpBJbo3ctPdBOcUc0jf2,2026-08-14 20:36:39.600,0.000012,,,,0,107,8,0,0,nvidia/nemotron-3-super-120b-a12b-20230311,DeepInfra,standard,false,true,,stop,stop,1319,1319,MSCodeBase 1-L live arm,test567,false
gen-1786739797-ZDmBX2AdqWOVTuoCxkCy,2026-08-14 20:36:37.699,0.000019,,,,0,105,8,0,0,nvidia/nemotron-3-super-120b-a12b-20230311,DigitalOcean,standard,false,true,,stop,stop,1037,1037,MSCodeBase 1-L live arm,test567,false
gen-1786739794-SYTzPr5b9iiEu9fKXQmA,2026-08-14 20:36:34.296,0.00002,,,,0,107,8,0,0,nvidia/nemotron-3-super-120b-a12b-20230311,DigitalOcean,standard,false,true,,stop,stop,2200,2200,MSCodeBase 1-L live arm,test567,false
gen-1786739787-zrajUDPdsX7jPbSAxMuY,2026-08-14 20:36:27.029,0.000019,,,,0,105,8,0,0,nvidia/nemotron-3-super-120b-a12b-20230311,DigitalOcean,standard,false,true,,stop,stop,6373,6373,MSCodeBase 1-L live arm,test567,false
gen-1786739783-FjFwIcrSvuJdAxgRERo4,2026-08-14 20:36:23.517,0.000019,,,,0,105,8,0,0,nvidia/nemotron-3-super-120b-a12b-20230311,DigitalOcean,standard,false,true,,stop,stop,2633,2633,MSCodeBase 1-L live arm,test567,false
gen-1786739778-fnOFbNJuYYa4qPxUVCZf,2026-08-14 20:36:18.835,0.000012,,,,0,107,8,0,0,nvidia/nemotron-3-super-120b-a12b-20230311,DeepInfra,standard,false,true,,stop,stop,539,539,MSCodeBase 1-L live arm,test567,false
gen-1786739777-c8Vd8e3vSfYCW7crvPMq,2026-08-14 20:36:17.718,0.000012,,,,0,105,8,0,0,nvidia/nemotron-3-super-120b-a12b-20230311,DeepInfra,standard,false,true,,stop,stop,454,454,MSCodeBase 1-L live arm,test567,false
gen-1786739772-2Gz5kU5u1lBinrVOGoPb,2026-08-14 20:36:12.720,0.000019,,,,0,104,8,0,0,nvidia/nemotron-3-super-120b-a12b-20230311,DigitalOcean,standard,false,true,,stop,stop,3381,3381,MSCodeBase 1-L live arm,test567,false
gen-1786739770-ofl4xUJkbXIwyC5MmteQ,2026-08-14 20:36:10.540,0.00002,,,,0,106,8,0,0,nvidia/nemotron-3-super-120b-a12b-20230311,DigitalOcean,standard,false,true,,stop,stop,1311,1311,MSCodeBase 1-L live arm,test567,false
gen-1786739759-exw4vmMBd9sjjDyZ82zI,2026-08-14 20:35:59.043,0.00002,,,,0,108,8,0,0,nvidia/nemotron-3-super-120b-a12b-20230311,DigitalOcean,standard,false,true,,stop,stop,8230,8230,MSCodeBase 1-L live arm,test567,false
gen-1786739757-e3qvIyw4V60R8B47EAEd,2026-08-14 20:35:57.403,0.000012,,,,0,105,8,0,0,nvidia/nemotron-3-super-120b-a12b-20230311,DeepInfra,standard,false,true,,stop,stop,991,991,MSCodeBase 1-L live arm,test567,false
gen-1786739744-Fq1PcKvXqo30cJ0Zrwxl,2026-08-14 20:35:44.581,0.00002,,,,0,108,8,0,0,nvidia/nemotron-3-super-120b-a12b-20230311,DigitalOcean,standard,false,true,,stop,stop,10823,10823,MSCodeBase 1-L live arm,test567,false
gen-1786739743-qUATUHTr4WYvRutW6cgP,2026-08-14 20:35:43.387,0.000011,,,,0,104,8,0,0,nvidia/nemotron-3-super-120b-a12b-20230311,DeepInfra,standard,false,true,,stop,stop,498,498,MSCodeBase 1-L live arm,test567,false
gen-1786739735-IoIB242y452UwaPjBdoX,2026-08-14 20:35:35.965,0.00002,,,,0,107,8,0,0,nvidia/nemotron-3-super-120b-a12b-20230311,DigitalOcean,standard,false,true,,stop,stop,1054,1054,MSCodeBase 1-L live arm,test567,false
gen-1786739733-Sja4slRJdyud3qzJXA3K,2026-08-14 20:35:33.975,0.00002,,,,0,107,8,0,0,nvidia/nemotron-3-super-120b-a12b-20230311,DigitalOcean,standard,false,true,,stop,stop,1127,1127,MSCodeBase 1-L live arm,test567,false
gen-1786739730-9tA0MpUyNLAUqCB0JxAZ,2026-08-14 20:35:30.416,0.00002,,,,0,106,8,0,0,nvidia/nemotron-3-super-120b-a12b-20230311,DigitalOcean,standard,false,true,,stop,stop,1738,1738,MSCodeBase 1-L live arm,test567,false
gen-1786739727-LoyBek0uB5DdhxtrhLEh,2026-08-14 20:35:27.441,0.00002,,,,0,107,8,0,0,nvidia/nemotron-3-super-120b-a12b-20230311,DigitalOcean,standard,false,true,,stop,stop,1750,1750,MSCodeBase 1-L live arm,test567,false
gen-1786739725-ud0v6TK2J4QB0homZGrU,2026-08-14 20:35:25.724,0.000012,,,,0,106,8,0,0,nvidia/nemotron-3-super-120b-a12b-20230311,DeepInfra,standard,false,true,,stop,stop,1030,1030,MSCodeBase 1-L live arm,test567,false
gen-1786739723-JpxByY5MGdox1ToQorqS,2026-08-14 20:35:23.126,0.000012,,,,0,106,8,0,0,nvidia/nemotron-3-super-120b-a12b-20230311,DeepInfra,standard,false,true,,stop,stop,536,536,MSCodeBase 1-L live arm,test567,false
gen-1786739721-EA7Rd77F6kWe3fkalvzD,2026-08-14 20:35:21.890,0.000011,,,,0,103,8,0,0,nvidia/nemotron-3-super-120b-a12b-20230311,DeepInfra,standard,false,true,,stop,stop,561,561,MSCodeBase 1-L live arm,test567,false
gen-1786739720-KMn5MnUDPCtiZNDTwsPK,2026-08-14 20:35:20.531,0.000012,,,,0,107,8,0,0,nvidia/nemotron-3-super-120b-a12b-20230311,DeepInfra,standard,false,true,,stop,stop,490,490,MSCodeBase 1-L live arm,test567,false
gen-1786739717-QqJZ07wgHTyBWJdiUdY0,2026-08-14 20:35:17.684,0.000019,,,,0,105,8,0,0,nvidia/nemotron-3-super-120b-a12b-20230311,DigitalOcean,standard,false,true,,stop,stop,1716,1716,MSCodeBase 1-L live arm,test567,false
gen-1786739713-wkxoPU5UqqLhkuCWIkHS,2026-08-14 20:35:13.948,0.00002,,,,0,106,8,0,0,nvidia/nemotron-3-super-120b-a12b-20230311,DigitalOcean,standard,false,true,,stop,stop,2894,2894,MSCodeBase 1-L live arm,test567,false
gen-1786739484-D2uXg7I5fSt1iCXbGqyD,2026-08-14 20:31:24.405,0.000008,,,,0,105,8,0,0,deepseek/deepseek-v4-flash-20260423,DigitalOcean,standard,false,true,,stop,stop,1317,851,MSCodeBase 1-L live arm,test567,false
gen-1786739482-FjmK67GsLBKD2xtRJy2d,2026-08-14 20:31:22.555,0.000008,,,,0,105,8,0,0,deepseek/deepseek-v4-flash-20260423,DigitalOcean,standard,false,true,,stop,stop,1577,1084,MSCodeBase 1-L live arm,test567,false
gen-1786739481-Af76wWXO4J4V5v2f4IIN,2026-08-14 20:31:20.997,0.000008,,,,0,105,8,0,0,deepseek/deepseek-v4-flash-20260423,DigitalOcean,standard,false,true,,stop,stop,1273,687,MSCodeBase 1-L live arm,test567,false
gen-1786739479-QRIcnMBYKhbsuz7CKtlg,2026-08-14 20:31:19.650,0.000004,,,,0,116,12,0,0,qwen/qwen3.7-flash-20260727,Alibaba,standard,false,true,,stop,stop,1063,965,MSCodeBase 1-L live arm,test567,false
gen-1786739478-VJ5hCj4tuHctQvDjCFg1,2026-08-14 20:31:18.774,0.000004,,,,0,116,12,0,0,qwen/qwen3.7-flash-20260727,Alibaba,standard,false,true,,stop,stop,596,471,MSCodeBase 1-L live arm,test567,false
gen-1786739477-oqWETmuCnQNkKzJVCfeM,2026-08-14 20:31:17.978,0.000004,,,,0,116,12,0,0,qwen/qwen3.7-flash-20260727,Alibaba,standard,false,true,,stop,stop,516,430,MSCodeBase 1-L live arm,test567,false
gen-1786739477-lzcfCI7UZaVo6cRVFuWl,2026-08-14 20:31:17.160,0.000034,,,,0,116,12,0,0,qwen/qwen3.6-flash,Alibaba,standard,false,true,,stop,stop,536,424,MSCodeBase 1-L live arm,test567,false
gen-1786739476-8oj7Eu4LzVsaWD7wOG90,2026-08-14 20:31:16.417,0.000029,,,,0,116,7,0,0,qwen/qwen3.6-flash,Alibaba,standard,false,true,,stop,stop,458,401,MSCodeBase 1-L live arm,test567,false
gen-1786739475-0rNSptaIBUVpDlnllca9,2026-08-14 20:31:15.666,0.000029,,,,0,116,7,0,0,qwen/qwen3.6-flash,Alibaba,standard,false,true,,stop,stop,467,401,MSCodeBase 1-L live arm,test567,false
gen-1786739474-l8Wo1YK9v6elZLwIFrHl,2026-08-14 20:31:14.619,0.000004,,-0.000006,,0,104,8,0,102,z-ai/glm-4.7-flash-20260119,Novita,standard,false,true,,stop,stop,770,770,MSCodeBase 1-L live arm,test567,false
gen-1786739463-xwV2qGlspdVL4m06pJd3,2026-08-14 20:31:03.692,0.000007,,-0.000003,,0,113,11,0,64,z-ai/glm-4.7-flash-20260119,DeepInfra,standard,false,true,,stop,stop,502,405,MSCodeBase 1-L live arm,test567,false
gen-1786739462-Aw5jaTDBdZTRW5MtXsUS,2026-08-14 20:31:02.705,0.000004,,-0.000006,,0,104,8,0,102,z-ai/glm-4.7-flash-20260119,Novita,standard,false,true,,stop,stop,696,647,MSCodeBase 1-L live arm,test567,false
gen-1786739461-nYdPitwrKb2uKgldTF4S,2026-08-14 20:31:01.498,0.000005,,-0.000006,,0,104,12,0,102,z-ai/glm-4.7-flash-20260119,Novita,standard,false,true,,stop,stop,901,723,MSCodeBase 1-L live arm,test567,false
gen-1786739460-SrX4rOshYzwebZ5BuE65,2026-08-14 20:31:00.517,0.000004,,-0.000006,,0,104,8,0,102,z-ai/glm-4.7-flash-20260119,Novita,standard,false,true,,stop,stop,694,694,MSCodeBase 1-L live arm,test567,false
gen-1786739424-z2EXwzbv9UQ30cnSQMyj,2026-08-14 20:30:24.784,0.000005,,-0.000006,,0,104,12,0,102,z-ai/glm-4.7-flash-20260119,Novita,standard,false,true,,stop,stop,883,693,MSCodeBase 1-L live arm,test567,false
gen-1786739423-pD3cBRTF2AzmWHpQtpff,2026-08-14 20:30:23.782,0.000007,,-0.000004,,0,113,8,0,67,z-ai/glm-4.7-flash-20260119,Novita,standard,false,true,,stop,stop,717,656,MSCodeBase 1-L live arm,test567,false
gen-1786739421-ACvBhJsZGnh5agk8NJ50,2026-08-14 20:30:21.660,0.000005,,-0.000006,,0,104,12,0,102,z-ai/glm-4.7-flash-20260119,Novita,standard,false,true,,stop,stop,1842,1672,MSCodeBase 1-L live arm,test567,false
gen-1786739412-8vziGtB7R9IAfsBpCJbX,2026-08-14 20:30:12.812,0.00001,,0,,0,104,8,0,5,z-ai/glm-4.7-flash-20260119,Novita,standard,false,true,,stop,stop,8562,8438,MSCodeBase 1-L live arm,test567,false
gen-1786739411-iYJcJZsSzZ7IIHBGnSEe,2026-08-14 20:30:11.576,0.000004,,-0.000005,,0,104,8,0,92,z-ai/glm-4.7-flash-20260119,Novita,standard,false,true,,stop,stop,792,717,MSCodeBase 1-L live arm,test567,false
gen-1786739249-hslqn4VQq2SVVZbc1IyK,2026-08-14 20:27:29.222,0.000004,,-0.000007,,0,129,8,0,127,z-ai/glm-4.7-flash-20260119,Novita,standard,false,true,,stop,stop,786,725,MSCodeBase 1-L live arm,test567,false
gen-1786739247-2kEdNWnINLRDhmngb2Zs,2026-08-14 20:27:27.079,0.00001,,,,0,130,8,0,0,deepseek/deepseek-v4-flash-20260423,DigitalOcean,standard,false,true,,stop,stop,1838,1257,MSCodeBase 1-L live arm,test567,false
gen-1786739246-ENlW9mV4LJYmZ6U9yLrK,2026-08-14 20:27:25.453,0.00001,,,,0,141,7,0,0,qwen/qwen3.5-flash-20260224,Alibaba,standard,false,true,,stop,stop,722,658,MSCodeBase 1-L live arm,test567,false
gen-1786739244-CBC0ERCr6NmB6jOdoH2v,2026-08-14 20:27:24.627,0.000038,,,,0,141,11,0,0,qwen/qwen3.6-flash,Alibaba,standard,false,true,,stop,stop,508,423,MSCodeBase 1-L live arm,test567,false
gen-1786739243-BSKcZLGnO6El3Sba8rLJ,2026-08-14 20:27:23.546,0.000005,,,,0,141,7,0,0,qwen/qwen3.7-flash-20260727,Alibaba,standard,false,true,,stop,stop,785,696,MSCodeBase 1-L live arm,test567,false
gen-1786739241-ctAtFWJCfHRAJQ6rS0S4,2026-08-14 20:27:21.809,0.000048,,0,,0,129,100,100,5,z-ai/glm-4.7-flash-20260119,Novita,standard,false,true,,length,length,1385,683,MSCodeBase 1-L live arm,test567,false
gen-1786739240-uuWMzY0Zvw7kIwPht2LE,2026-08-14 20:27:20.715,0.000013,,0,,0,129,12,0,5,z-ai/glm-4.7-flash-20260119,Novita,standard,false,true,,stop,stop,799,631,MSCodeBase 1-L live arm,test567,false
gen-1786739206-6sqbhqAUi1qsPzty6uTu,2026-08-14 20:26:46.235,0.000005,,,,0,141,7,0,0,qwen/qwen3.7-flash-20260727,Alibaba,standard,false,true,,stop,stop,830,757,MSCodeBase 1-L live arm,test567,false
gen-1786739194-09MR6uYKrueYKykPkoOQ,2026-08-14 20:26:34.119,0.000047,,,,0,129,100,110,0,z-ai/glm-4.7-flash-20260119,DeepInfra,standard,false,true,,length,length,1627,592,MSCodeBase 1-L live arm,test567,false
gen-1786739193-ogetUXdAOjsM1LIIaYDo,2026-08-14 20:26:32.947,0.000011,,0,,0,129,8,0,5,z-ai/glm-4.7-flash-20260119,Novita,standard,false,true,,stop,stop,732,625,MSCodeBase 1-L live arm,test567,false
gen-1786738939-oqkJx56QArxiqZ3Iy9il,2026-08-14 20:22:19.786,0.000013,,,,0,177,8,0,0,deepseek/deepseek-v4-flash-20260423,DigitalOcean,standard,false,true,,stop,stop,1843,1843,MSCodeBase 1-L live arm,test567,false
gen-1786738936-bYgHcQWzHBQwIuZBv3VL,2026-08-14 20:22:16.154,0.000013,,,,0,183,8,0,0,deepseek/deepseek-v4-flash-20260423,DigitalOcean,standard,false,true,,stop,stop,3027,3027,MSCodeBase 1-L live arm,test567,false
gen-1786738933-25cxNo0Dg0dCKOOhYDLp,2026-08-14 20:22:13.441,0.000013,,,,0,184,8,0,0,deepseek/deepseek-v4-flash-20260423,DigitalOcean,standard,false,true,,stop,stop,2108,2108,MSCodeBase 1-L live arm,test567,false
gen-1786738931-SO4jhnehhPLgQ8aeSuHX,2026-08-14 20:22:11.461,0.000013,,,,0,183,8,0,0,deepseek/deepseek-v4-flash-20260423,DigitalOcean,standard,false,true,,stop,stop,1386,1386,MSCodeBase 1-L live arm,test567,false
gen-1786738928-tlQ8Q7V5qiByrHtrRu7F,2026-08-14 20:22:08.992,0.000013,,,,0,181,8,0,0,deepseek/deepseek-v4-flash-20260423,DigitalOcean,standard,false,true,,stop,stop,1596,1596,MSCodeBase 1-L live arm,test567,false
gen-1786738925-vWs3yT6p7HRnjThqOiHf,2026-08-14 20:22:05.768,0.000013,,,,0,179,8,0,0,deepseek/deepseek-v4-flash-20260423,DigitalOcean,standard,false,true,,stop,stop,2610,2610,MSCodeBase 1-L live arm,test567,false
gen-1786738920-tCgsJ1aIaWOaS9vQrhT5,2026-08-14 20:22:00.885,0.000013,,,,0,184,8,0,0,deepseek/deepseek-v4-flash-20260423,DigitalOcean,standard,false,true,,stop,stop,4270,4270,MSCodeBase 1-L live arm,test567,false
gen-1786738917-6j7ZqEZJSvyHGHC4J2y1,2026-08-14 20:21:57.541,0.000013,,,,0,176,8,0,0,deepseek/deepseek-v4-flash-20260423,DigitalOcean,standard,false,true,,stop,stop,2704,2704,MSCodeBase 1-L live arm,test567,false
gen-1786738914-Fn2BYMavqAibAQ2Yu26u,2026-08-14 20:21:54.292,0.000013,,,,0,183,8,0,0,deepseek/deepseek-v4-flash-20260423,DigitalOcean,standard,false,true,,stop,stop,2641,2641,MSCodeBase 1-L live arm,test567,false
gen-1786738909-1Z0ygFCSN2QbBVkQixCC,2026-08-14 20:21:49.096,0.000013,,,,0,180,8,0,0,deepseek/deepseek-v4-flash-20260423,DigitalOcean,standard,false,true,,stop,stop,4584,4584,MSCodeBase 1-L live arm,test567,false
gen-1786738902-gM7RwS2reQdcwTYvgob2,2026-08-14 20:21:42.387,0.000013,,,,0,181,8,0,0,deepseek/deepseek-v4-flash-20260423,DigitalOcean,standard,false,true,,stop,stop,6126,6126,MSCodeBase 1-L live arm,test567,false
gen-1786738897-ZVJgNg0bvktD1o0Fzcxh,2026-08-14 20:21:37.329,0.000013,,,,0,182,8,0,0,deepseek/deepseek-v4-flash-20260423,DigitalOcean,standard,false,true,,stop,stop,4434,4434,MSCodeBase 1-L live arm,test567,false
gen-1786738892-qm8d2A7o8Kjoooi4VdTa,2026-08-14 20:21:32.538,0.000013,,,,0,182,8,0,0,deepseek/deepseek-v4-flash-20260423,DigitalOcean,standard,false,true,,stop,stop,4180,4180,MSCodeBase 1-L live arm,test567,false
gen-1786738885-ETmVMtEvfCAS4lGAy6T7,2026-08-14 20:21:25.140,0.000013,,,,0,181,8,0,0,deepseek/deepseek-v4-flash-20260423,DigitalOcean,standard,false,true,,stop,stop,6797,6797,MSCodeBase 1-L live arm,test567,false
gen-1786738883-H0EDNZJiQFMmo9ChmiSL,2026-08-14 20:21:23.133,0.000013,,,,0,184,8,0,0,deepseek/deepseek-v4-flash-20260423,DigitalOcean,standard,false,true,,stop,stop,1388,1388,MSCodeBase 1-L live arm,test567,false
gen-1786738878-M03FDA71TLpFj5PJ62lj,2026-08-14 20:21:18.894,0.000013,,,,0,180,8,0,0,deepseek/deepseek-v4-flash-20260423,DigitalOcean,standard,false,true,,stop,stop,3643,3643,MSCodeBase 1-L live arm,test567,false
gen-1786738873-27wmQHrA5t6mn5LaumB9,2026-08-14 20:21:13.828,0.000013,,,,0,182,8,0,0,deepseek/deepseek-v4-flash-20260423,DigitalOcean,standard,false,true,,stop,stop,4458,4458,MSCodeBase 1-L live arm,test567,false
gen-1786738870-jYzCjqcLvGbrLH2dtUPT,2026-08-14 20:21:10.471,0.000013,,,,0,184,8,0,0,deepseek/deepseek-v4-flash-20260423,DigitalOcean,standard,false,true,,stop,stop,2537,2537,MSCodeBase 1-L live arm,test567,false
gen-1786738866-rbjlXeC6c65Xthd94Ye8,2026-08-14 20:21:06.676,0.000013,,,,0,179,8,0,0,deepseek/deepseek-v4-flash-20260423,DigitalOcean,standard,false,true,,stop,stop,3194,3194,MSCodeBase 1-L live arm,test567,false
gen-1786738864-v0ZvzxLKn1OPwbZmq7Fr,2026-08-14 20:21:04.918,0.000013,,,,0,180,8,0,0,deepseek/deepseek-v4-flash-20260423,DigitalOcean,standard,false,true,,stop,stop,1136,1136,MSCodeBase 1-L live arm,test567,false
gen-1786738860-K7Bjkb8mTXPyHQOptbPc,2026-08-14 20:21:00.954,0.000013,,,,0,181,8,0,0,deepseek/deepseek-v4-flash-20260423,DigitalOcean,standard,false,true,,stop,stop,3358,3358,MSCodeBase 1-L live arm,test567,false
gen-1786738857-WAL1nnbPOp2dxpbG7Cw0,2026-08-14 20:20:57.110,0.000013,,,,0,185,8,0,0,deepseek/deepseek-v4-flash-20260423,DigitalOcean,standard,false,true,,stop,stop,3240,3240,MSCodeBase 1-L live arm,test567,false
gen-1786738855-ypTsOLAMp5JI45wKk0F5,2026-08-14 20:20:55.122,0.000013,,,,0,182,8,0,0,deepseek/deepseek-v4-flash-20260423,DigitalOcean,standard,false,true,,stop,stop,1258,1258,MSCodeBase 1-L live arm,test567,false
gen-1786738852-1XmeTwYbuwol1JVU7EP5,2026-08-14 20:20:52.350,0.000013,,,,0,184,8,0,0,deepseek/deepseek-v4-flash-20260423,DigitalOcean,standard,false,true,,stop,stop,2166,2166,MSCodeBase 1-L live arm,test567,false
gen-1786738846-O9iQBgVNBoAMd5Ki7mwW,2026-08-14 20:20:46.782,0.000013,,,,0,182,8,0,0,deepseek/deepseek-v4-flash-20260423,DigitalOcean,standard,false,true,,stop,stop,4953,4953,MSCodeBase 1-L live arm,test567,false
gen-1786738845-3Csvw7GER0b1DfKhlrvh,2026-08-14 20:20:45.264,0.000013,,,,0,180,8,0,0,deepseek/deepseek-v4-flash-20260423,DigitalOcean,standard,false,true,,stop,stop,934,934,MSCodeBase 1-L live arm,test567,false
gen-1786738839-GHtiMoMiRzZHetMCNdjk,2026-08-14 20:20:39.600,0.000013,,,,0,182,8,0,0,deepseek/deepseek-v4-flash-20260423,DigitalOcean,standard,false,true,,stop,stop,5086,5086,MSCodeBase 1-L live arm,test567,false
gen-1786738835-1EdtbfjhnYgdH1odZzMV,2026-08-14 20:20:35.487,0.000013,,,,0,184,8,0,0,deepseek/deepseek-v4-flash-20260423,DigitalOcean,standard,false,true,,stop,stop,3541,3541,MSCodeBase 1-L live arm,test567,false
gen-1786738833-ulxosIVt8irucmmOOySl,2026-08-14 20:20:33.639,0.000013,,,,0,181,8,0,0,deepseek/deepseek-v4-flash-20260423,DigitalOcean,standard,false,true,,stop,stop,1267,1267,MSCodeBase 1-L live arm,test567,false
gen-1786738831-nHWm4hKBEEk6PcLWJgym,2026-08-14 20:20:31.971,0.000013,,,,0,182,8,0,0,deepseek/deepseek-v4-flash-20260423,DigitalOcean,standard,false,true,,stop,stop,1065,1065,MSCodeBase 1-L live arm,test567,false
gen-1786738830-ikCaZBEnqnwCVx6mb4S2,2026-08-14 20:20:30.175,0.000013,,,,0,178,8,0,0,deepseek/deepseek-v4-flash-20260423,DigitalOcean,standard,false,true,,stop,stop,1213,1213,MSCodeBase 1-L live arm,test567,false
gen-1786738823-P0IPki0OvDXu0eYdo01n,2026-08-14 20:20:23.607,0.000013,,,,0,182,8,0,0,deepseek/deepseek-v4-flash-20260423,DigitalOcean,standard,false,true,,stop,stop,5994,5994,MSCodeBase 1-L live arm,test567,false
gen-1786738819-UCGuycAoBIN0SUoTfE0d,2026-08-14 20:20:19.489,0.000013,,,,0,177,8,0,0,deepseek/deepseek-v4-flash-20260423,DigitalOcean,standard,false,true,,stop,stop,3541,3541,MSCodeBase 1-L live arm,test567,false
gen-1786738814-AXiCHioiJDGqZnCi1nm3,2026-08-14 20:20:14.961,0.000013,,,,0,180,8,0,0,deepseek/deepseek-v4-flash-20260423,DigitalOcean,standard,false,true,,stop,stop,3925,3925,MSCodeBase 1-L live arm,test567,false
gen-1786738808-GVTobuSqtt9TKsJWd2NF,2026-08-14 20:20:08.984,0.000013,,,,0,177,8,0,0,deepseek/deepseek-v4-flash-20260423,DigitalOcean,standard,false,true,,stop,stop,5405,5405,MSCodeBase 1-L live arm,test567,false
gen-1786738805-hjZH4fcgFFB6tUFVaOTB,2026-08-14 20:20:05.211,0.000013,,,,0,179,8,0,0,deepseek/deepseek-v4-flash-20260423,DigitalOcean,standard,false,true,,stop,stop,3186,3186,MSCodeBase 1-L live arm,test567,false
gen-1786738800-Li9Klq4NrrqWLZjk4LCE,2026-08-14 20:20:00.442,0.000013,,,,0,180,8,0,0,deepseek/deepseek-v4-flash-20260423,DigitalOcean,standard,false,true,,stop,stop,4140,4140,MSCodeBase 1-L live arm,test567,false
gen-1786738798-owLigcFqkyyWfyjGlhpk,2026-08-14 20:19:58.091,0.000013,,,,0,183,8,0,0,deepseek/deepseek-v4-flash-20260423,DigitalOcean,standard,false,true,,stop,stop,1743,1743,MSCodeBase 1-L live arm,test567,false
gen-1786738794-j9HCLFMKE5U326MuWnSk,2026-08-14 20:19:54.605,0.000013,,,,0,186,8,0,0,deepseek/deepseek-v4-flash-20260423,DigitalOcean,standard,false,true,,stop,stop,2909,2909,MSCodeBase 1-L live arm,test567,false
gen-1786738792-z7rH6PDoj2x8uVJ0vqcr,2026-08-14 20:19:52.772,0.000013,,,,0,181,8,0,0,deepseek/deepseek-v4-flash-20260423,DigitalOcean,standard,false,true,,stop,stop,1250,1250,MSCodeBase 1-L live arm,test567,false
gen-1786738787-AFq9mO4wkVq5tYQ2bK4K,2026-08-14 20:19:47.885,0.000013,,,,0,180,8,0,0,deepseek/deepseek-v4-flash-20260423,DigitalOcean,standard,false,true,,stop,stop,4299,4299,MSCodeBase 1-L live arm,test567,false
gen-1786738783-YkOHjaR910OkPIxc9Ej4,2026-08-14 20:19:43.848,0.000013,,,,0,181,8,0,0,deepseek/deepseek-v4-flash-20260423,DigitalOcean,standard,false,true,,stop,stop,3202,3202,MSCodeBase 1-L live arm,test567,false
gen-1786738781-vzG9eWTXY6DJJhjcWlzu,2026-08-14 20:19:41.740,0.000014,,,,0,189,8,0,0,deepseek/deepseek-v4-flash-20260423,DigitalOcean,standard,false,true,,stop,stop,1519,1519,MSCodeBase 1-L live arm,test567,false
gen-1786738780-AfW6FgZVbXSqEWrtiAhH,2026-08-14 20:19:40.261,0.000013,,,,0,185,8,0,0,deepseek/deepseek-v4-flash-20260423,DigitalOcean,standard,false,true,,stop,stop,873,873,MSCodeBase 1-L live arm,test567,false
gen-1786738778-uZJYEZ5TE2kAQ3pr5k1D,2026-08-14 20:19:38.713,0.000014,,,,0,194,8,0,0,deepseek/deepseek-v4-flash-20260423,DigitalOcean,standard,false,true,,stop,stop,967,967,MSCodeBase 1-L live arm,test567,false
gen-1786738775-HxwZZjSVnep4mmdOPi9Y,2026-08-14 20:19:35.195,0.000013,,,,0,187,8,0,0,deepseek/deepseek-v4-flash-20260423,DigitalOcean,standard,false,true,,stop,stop,2942,2942,MSCodeBase 1-L live arm,test567,false
gen-1786738771-16G4WyVg57PnDXpiiS3m,2026-08-14 20:19:31.994,0.000014,,,,0,189,8,0,0,deepseek/deepseek-v4-flash-20260423,DigitalOcean,standard,false,true,,stop,stop,2629,2629,MSCodeBase 1-L live arm,test567,false
gen-1786738770-Ew1GwFuwwz0anBTsh3SN,2026-08-14 20:19:30.605,0.000014,,,,0,191,8,0,0,deepseek/deepseek-v4-flash-20260423,DigitalOcean,standard,false,true,,stop,stop,812,812,MSCodeBase 1-L live arm,test567,false
gen-1786738767-b2zPEIZWNHQpLN18bUY7,2026-08-14 20:19:27.896,0.000013,,,,0,186,8,0,0,deepseek/deepseek-v4-flash-20260423,DigitalOcean,standard,false,true,,stop,stop,2133,2133,MSCodeBase 1-L live arm,test567,false
gen-1786738764-iHbX2NFj0Vt7AVDvJ1qa,2026-08-14 20:19:24.529,0.000014,,,,0,189,8,0,0,deepseek/deepseek-v4-flash-20260423,DigitalOcean,standard,false,true,,stop,stop,2771,2771,MSCodeBase 1-L live arm,test567,false
gen-1786738760-xxir0gJy54SRwBfll5yi,2026-08-14 20:19:20.513,0.000009,,,,0,119,8,0,0,deepseek/deepseek-v4-flash-20260423,DigitalOcean,standard,false,true,,stop,stop,3747,3747,MSCodeBase 1-L live arm,test567,false
gen-1786738754-rl0ZtGfNZer9JYMKAyOt,2026-08-14 20:19:14.110,0.000009,,,,0,125,8,0,0,deepseek/deepseek-v4-flash-20260423,DigitalOcean,standard,false,true,,stop,stop,5825,5825,MSCodeBase 1-L live arm,test567,false
gen-1786738751-Xca8rFS3eMFFQfc6noGh,2026-08-14 20:19:11.869,0.000009,,,,0,126,8,0,0,deepseek/deepseek-v4-flash-20260423,DigitalOcean,standard,false,true,,stop,stop,1370,1370,MSCodeBase 1-L live arm,test567,false
gen-1786738749-0WVycES2DwJbIXmCW8UH,2026-08-14 20:19:09.515,0.000009,,,,0,125,8,0,0,deepseek/deepseek-v4-flash-20260423,DigitalOcean,standard,false,true,,stop,stop,1688,1688,MSCodeBase 1-L live arm,test567,false
gen-1786738747-WthpFnYReeXBVi81xGKm,2026-08-14 20:19:07.241,0.000009,,,,0,124,8,0,0,deepseek/deepseek-v4-flash-20260423,DigitalOcean,standard,false,true,,stop,stop,1644,1644,MSCodeBase 1-L live arm,test567,false
gen-1786738742-zv2PpLmParwhKrHEAYlA,2026-08-14 20:19:02.989,0.000009,,,,0,123,8,0,0,deepseek/deepseek-v4-flash-20260423,DigitalOcean,standard,false,true,,stop,stop,3673,3673,MSCodeBase 1-L live arm,test567,false
gen-1786738741-k0PI3InwqSatZCM1OEei,2026-08-14 20:19:01.029,0.000009,,,,0,126,8,0,0,deepseek/deepseek-v4-flash-20260423,DigitalOcean,standard,false,true,,stop,stop,1379,1379,MSCodeBase 1-L live arm,test567,false
gen-1786738737-GjNIms6S5tYr5C44xbLm,2026-08-14 20:18:57.559,0.000009,,,,0,120,8,0,0,deepseek/deepseek-v4-flash-20260423,DigitalOcean,standard,false,true,,stop,stop,2840,2840,MSCodeBase 1-L live arm,test567,false
gen-1786738735-WhKPkYbxyLRrkOPmyrPs,2026-08-14 20:18:55.576,0.000009,,,,0,125,8,0,0,deepseek/deepseek-v4-flash-20260423,DigitalOcean,standard,false,true,,stop,stop,1396,1396,MSCodeBase 1-L live arm,test567,false
gen-1786738730-BqbQZIxn5ytfLBnpf2bN,2026-08-14 20:18:50.606,0.000009,,,,0,122,8,0,0,deepseek/deepseek-v4-flash-20260423,DigitalOcean,standard,false,true,,stop,stop,4384,4384,MSCodeBase 1-L live arm,test567,false
gen-1786738728-yds6YTRetfipNYOAGy73,2026-08-14 20:18:48.688,0.000009,,,,0,123,8,0,0,deepseek/deepseek-v4-flash-20260423,DigitalOcean,standard,false,true,,stop,stop,1169,1169,MSCodeBase 1-L live arm,test567,false
gen-1786738724-Oh1gTWKD1EEZlOSGx8TI,2026-08-14 20:18:44.728,0.000009,,,,0,123,8,0,0,deepseek/deepseek-v4-flash-20260423,DigitalOcean,standard,false,true,,stop,stop,3376,3376,MSCodeBase 1-L live arm,test567,false
gen-1786738720-ahAsMOLIhGQOq3OOy9Mt,2026-08-14 20:18:40.744,0.000009,,,,0,123,8,0,0,deepseek/deepseek-v4-flash-20260423,DigitalOcean,standard,false,true,,stop,stop,3413,3413,MSCodeBase 1-L live arm,test567,false
gen-1786738716-IqjiKN5BTnx7HFAsX7hc,2026-08-14 20:18:36.119,0.000009,,,,0,124,8,0,0,deepseek/deepseek-v4-flash-20260423,DigitalOcean,standard,false,true,,stop,stop,4058,4058,MSCodeBase 1-L live arm,test567,false
gen-1786738711-Ih683I8fGpiuG9Ahu8f5,2026-08-14 20:18:31.991,0.000009,,,,0,126,8,0,0,deepseek/deepseek-v4-flash-20260423,DigitalOcean,standard,false,true,,stop,stop,3542,3542,MSCodeBase 1-L live arm,test567,false
gen-1786738706-u9HuEhLIQdsDnsmHS7rd,2026-08-14 20:18:26.802,0.000009,,,,0,122,8,0,0,deepseek/deepseek-v4-flash-20260423,DigitalOcean,standard,false,true,,stop,stop,4604,4604,MSCodeBase 1-L live arm,test567,false
gen-1786738702-mjxODnuwK2UaLzAUt3XT,2026-08-14 20:18:22.031,0.000009,,,,0,124,8,0,0,deepseek/deepseek-v4-flash-20260423,DigitalOcean,standard,false,true,,stop,stop,4185,4185,MSCodeBase 1-L live arm,test567,false
gen-1786738697-HkOPjiv6qwFqUb4Sg5yL,2026-08-14 20:18:17.150,0.000009,,,,0,125,8,0,0,deepseek/deepseek-v4-flash-20260423,DigitalOcean,standard,false,true,,stop,stop,4305,4305,MSCodeBase 1-L live arm,test567,false
gen-1786738695-LnlCx2uHQzpr7D6qDrPN,2026-08-14 20:18:15.498,0.000009,,,,0,121,8,0,0,deepseek/deepseek-v4-flash-20260423,DigitalOcean,standard,false,true,,stop,stop,1063,1063,MSCodeBase 1-L live arm,test567,false
gen-1786738693-7Z6PCkd5desDButMlKAu,2026-08-14 20:18:13.928,0.000009,,,,0,122,8,0,0,deepseek/deepseek-v4-flash-20260423,DigitalOcean,standard,false,true,,stop,stop,992,992,MSCodeBase 1-L live arm,test567,false
gen-1786738691-1xJ9jLwAOQHOgt8wkxvO,2026-08-14 20:18:11.561,0.000009,,,,0,123,8,0,0,deepseek/deepseek-v4-flash-20260423,DigitalOcean,standard,false,true,,stop,stop,1780,1780,MSCodeBase 1-L live arm,test567,false
gen-1786738688-8vUEjYwFHi7phzr2Nxmd,2026-08-14 20:18:08.457,0.000009,,,,0,126,8,0,0,deepseek/deepseek-v4-flash-20260423,DigitalOcean,standard,false,true,,stop,stop,2524,2524,MSCodeBase 1-L live arm,test567,false
gen-1786738686-WfzNqT9aP5dcPxOuOmuC,2026-08-14 20:18:06.950,0.000009,,,,0,124,8,0,0,deepseek/deepseek-v4-flash-20260423,DigitalOcean,standard,false,true,,stop,stop,927,927,MSCodeBase 1-L live arm,test567,false
gen-1786738683-P4af1ucF5J7hUsGE0bX9,2026-08-14 20:18:03.884,0.000009,,,,0,125,8,0,0,deepseek/deepseek-v4-flash-20260423,DigitalOcean,standard,false,true,,stop,stop,2477,2477,MSCodeBase 1-L live arm,test567,false
gen-1786738680-0QdF6qfrQ9W18Gz7D13Y,2026-08-14 20:18:00.604,0.000009,,,,0,123,8,0,0,deepseek/deepseek-v4-flash-20260423,DigitalOcean,standard,false,true,,stop,stop,2700,2700,MSCodeBase 1-L live arm,test567,false
gen-1786738676-XI2DRil3zrbICRqTJL1K,2026-08-14 20:17:56.548,0.000009,,,,0,124,8,0,0,deepseek/deepseek-v4-flash-20260423,DigitalOcean,standard,false,true,,stop,stop,3482,3482,MSCodeBase 1-L live arm,test567,false
gen-1786738672-F8JjS91mEXjjEQvLriPR,2026-08-14 20:17:52.715,0.000009,,,,0,124,8,0,0,deepseek/deepseek-v4-flash-20260423,DigitalOcean,standard,false,true,,stop,stop,3238,3238,MSCodeBase 1-L live arm,test567,false
gen-1786738668-bRyveAsvcU3SRf8TTwTx,2026-08-14 20:17:48.364,0.000009,,,,0,125,8,0,0,deepseek/deepseek-v4-flash-20260423,DigitalOcean,standard,false,true,,stop,stop,3783,3783,MSCodeBase 1-L live arm,test567,false
gen-1786738664-J6w3Us093DeQt0LUhaiD,2026-08-14 20:17:44.502,0.000009,,,,0,123,8,0,0,deepseek/deepseek-v4-flash-20260423,DigitalOcean,standard,false,true,,stop,stop,3276,3276,MSCodeBase 1-L live arm,test567,false
gen-1786738662-9xY5v617l0ngSUQWwR1S,2026-08-14 20:17:42.738,0.000009,,,,0,125,8,0,0,deepseek/deepseek-v4-flash-20260423,DigitalOcean,standard,false,true,,stop,stop,1190,1190,MSCodeBase 1-L live arm,test567,false
gen-1786738656-QwnIG7bA013wP5kcCbG2,2026-08-14 20:17:36.700,0.000009,,,,0,121,8,0,0,deepseek/deepseek-v4-flash-20260423,DigitalOcean,standard,false,true,,stop,stop,5446,5446,MSCodeBase 1-L live arm,test567,false
gen-1786738655-Msq7rkuxE4tnqdUotRpW,2026-08-14 20:17:35.020,0.000009,,,,0,125,8,0,0,deepseek/deepseek-v4-flash-20260423,DigitalOcean,standard,false,true,,stop,stop,1099,1099,MSCodeBase 1-L live arm,test567,false
gen-1786738649-foy6ZOZgm8aoTsCqU7F7,2026-08-14 20:17:29.461,0.000009,,,,0,121,8,0,0,deepseek/deepseek-v4-flash-20260423,DigitalOcean,standard,false,true,,stop,stop,4990,4990,MSCodeBase 1-L live arm,test567,false
gen-1786738647-2J4XsJ7JKCjkylKHgN4s,2026-08-14 20:17:27.463,0.000009,,,,0,123,8,0,0,deepseek/deepseek-v4-flash-20260423,DigitalOcean,standard,false,true,,stop,stop,1405,1405,MSCodeBase 1-L live arm,test567,false
gen-1786738645-f9BzRF1w0hZ2R35RFaol,2026-08-14 20:17:25.664,0.000009,,,,0,120,8,0,0,deepseek/deepseek-v4-flash-20260423,DigitalOcean,standard,false,true,,stop,stop,1225,1225,MSCodeBase 1-L live arm,test567,false
gen-1786738644-WiA5KsyoSmlDGvmXVlHf,2026-08-14 20:17:24.161,0.000009,,,,0,122,8,0,0,deepseek/deepseek-v4-flash-20260423,DigitalOcean,standard,false,true,,stop,stop,914,914,MSCodeBase 1-L live arm,test567,false
gen-1786738640-mHcCRCqcEDF0ZZ1ryPcS,2026-08-14 20:17:20.569,0.000009,,,,0,122,8,0,0,deepseek/deepseek-v4-flash-20260423,DigitalOcean,standard,false,true,,stop,stop,2805,2805,MSCodeBase 1-L live arm,test567,false
gen-1786738637-IMDsISSkiCuIJHoX1pBD,2026-08-14 20:17:17.516,0.000009,,,,0,126,8,0,0,deepseek/deepseek-v4-flash-20260423,DigitalOcean,standard,false,true,,stop,stop,2475,2475,MSCodeBase 1-L live arm,test567,false
gen-1786738635-7j9bwk4fh3zr7ME6PgMp,2026-08-14 20:17:15.098,0.000009,,,,0,127,8,0,0,deepseek/deepseek-v4-flash-20260423,DigitalOcean,standard,false,true,,stop,stop,1822,1822,MSCodeBase 1-L live arm,test567,false
gen-1786738629-0IgRexRoBPf345s7khMM,2026-08-14 20:17:09.883,0.000009,,,,0,123,8,0,0,deepseek/deepseek-v4-flash-20260423,DigitalOcean,standard,false,true,,stop,stop,4637,4637,MSCodeBase 1-L live arm,test567,false
gen-1786738628-FDyHVSYSGqAl29zrK1Wh,2026-08-14 20:17:08.222,0.000009,,,,0,123,8,0,0,deepseek/deepseek-v4-flash-20260423,DigitalOcean,standard,false,true,,stop,stop,1072,1072,MSCodeBase 1-L live arm,test567,false
gen-1786738624-6i3em6wDN1StmnrOYEHV,2026-08-14 20:17:04.319,0.000009,,,,0,125,8,0,0,deepseek/deepseek-v4-flash-20260423,DigitalOcean,standard,false,true,,stop,stop,3288,3288,MSCodeBase 1-L live arm,test567,false
gen-1786738622-Q4YghDGrXyxMlA7p99jW,2026-08-14 20:17:02.165,0.000009,,,,0,126,8,0,0,deepseek/deepseek-v4-flash-20260423,DigitalOcean,standard,false,true,,stop,stop,1576,1576,MSCodeBase 1-L live arm,test567,false
gen-1786738617-zmK4BYqODSR2bPdqV8zu,2026-08-14 20:16:57.494,0.000009,,,,0,123,8,0,0,deepseek/deepseek-v4-flash-20260423,DigitalOcean,standard,false,true,,stop,stop,4072,4072,MSCodeBase 1-L live arm,test567,false
gen-1786738615-tHr1m3u0o9spKZsEPC9f,2026-08-14 20:16:55.791,0.000009,,,,0,128,8,0,0,deepseek/deepseek-v4-flash-20260423,DigitalOcean,standard,false,true,,stop,stop,1121,1121,MSCodeBase 1-L live arm,test567,false
gen-1786738612-RrS8wIBmgO9SH24oR5Lj,2026-08-14 20:16:52.006,0.000009,,,,0,122,8,0,0,deepseek/deepseek-v4-flash-20260423,DigitalOcean,standard,false,true,,stop,stop,3209,3209,MSCodeBase 1-L live arm,test567,false
gen-1786738607-SmEi97yONj4rijW8qrSn,2026-08-14 20:16:47.190,0.000009,,,,0,125,8,0,0,deepseek/deepseek-v4-flash-20260423,DigitalOcean,standard,false,true,,stop,stop,4233,4233,MSCodeBase 1-L live arm,test567,false
gen-1786738604-cXR2lyjBUqV5cCGjcd9S,2026-08-14 20:16:44.647,0.000009,,,,0,125,8,0,0,deepseek/deepseek-v4-flash-20260423,DigitalOcean,standard,false,true,,stop,stop,1963,1963,MSCodeBase 1-L live arm,test567,false
gen-1786738602-nGNWrImtkNOeQb3EbryZ,2026-08-14 20:16:42.301,0.000009,,,,0,122,8,0,0,deepseek/deepseek-v4-flash-20260423,DigitalOcean,standard,false,true,,stop,stop,1740,1740,MSCodeBase 1-L live arm,test567,false
gen-1786738598-AFxRcxAZOTyTdoAgjE32,2026-08-14 20:16:38.948,0.000009,,,,0,126,8,0,0,deepseek/deepseek-v4-flash-20260423,DigitalOcean,standard,false,true,,stop,stop,2768,2768,MSCodeBase 1-L live arm,test567,false
gen-1786738597-WlUXZHUT8sWE8VbRIFej,2026-08-14 20:16:37.971,0.000013,,,,0,176,7,0,0,qwen/qwen3.5-flash-20260224,Alibaba,standard,false,true,,stop,stop,696,696,MSCodeBase 1-L live arm,test567,false
gen-1786738596-bL6ZPZ9skBFvib30hq9G,2026-08-14 20:16:36.895,0.000013,,,,0,181,7,0,0,qwen/qwen3.5-flash-20260224,Alibaba,standard,false,true,,stop,stop,471,471,MSCodeBase 1-L live arm,test567,false
gen-1786738595-IH5aPkMgXCMv4lMhBRuD,2026-08-14 20:16:35.535,0.000013,,,,0,181,7,0,0,qwen/qwen3.5-flash-20260224,Alibaba,standard,false,true,,stop,stop,776,776,MSCodeBase 1-L live arm,test567,false
gen-1786738594-UKZB9kbOKvEXp5HrERIe,2026-08-14 20:16:34.273,0.000013,,,,0,178,7,0,0,qwen/qwen3.5-flash-20260224,Alibaba,standard,false,true,,stop,stop,684,684,MSCodeBase 1-L live arm,test567,false
gen-1786738593-VQi0V5CJSm2987QMHrsh,2026-08-14 20:16:33.232,0.000013,,,,0,179,7,0,0,qwen/qwen3.5-flash-20260224,Alibaba,standard,false,true,,stop,stop,460,460,MSCodeBase 1-L live arm,test567,false
gen-1786738592-gAaEms9898TI5LNEbuoV,2026-08-14 20:16:32.191,0.000013,,,,0,178,7,0,0,qwen/qwen3.5-flash-20260224,Alibaba,standard,false,true,,stop,stop,456,456,MSCodeBase 1-L live arm,test567,false
gen-1786738591-emyfakcG1KFJlNMWt7Gu,2026-08-14 20:16:31.138,0.000013,,,,0,181,7,0,0,qwen/qwen3.5-flash-20260224,Alibaba,standard,false,true,,stop,stop,463,463,MSCodeBase 1-L live arm,test567,false
gen-1786738589-EA5vgGo5x8WFPz42Hapn,2026-08-14 20:16:29.863,0.000013,,,,0,175,7,0,0,qwen/qwen3.5-flash-20260224,Alibaba,standard,false,true,,stop,stop,686,686,MSCodeBase 1-L live arm,test567,false
gen-1786738588-0HZJtoBPzOVehwavFV7w,2026-08-14 20:16:28.533,0.000013,,,,0,180,7,0,0,qwen/qwen3.5-flash-20260224,Alibaba,standard,false,true,,stop,stop,746,746,MSCodeBase 1-L live arm,test567,false
gen-1786738587-4p2JMxbdaavKVaQekSdm,2026-08-14 20:16:27.262,0.000013,,,,0,178,7,0,0,qwen/qwen3.5-flash-20260224,Alibaba,standard,false,true,,stop,stop,686,686,MSCodeBase 1-L live arm,test567,false
gen-1786738586-Z2pUYaNWnzXzsJpw2Isf,2026-08-14 20:16:26.198,0.000013,,,,0,178,7,0,0,qwen/qwen3.5-flash-20260224,Alibaba,standard,false,true,,stop,stop,482,482,MSCodeBase 1-L live arm,test567,false
gen-1786738585-5KtunafUzHzqv9nk9nUn,2026-08-14 20:16:25.093,0.000013,,,,0,180,7,0,0,qwen/qwen3.5-flash-20260224,Alibaba,standard,false,true,,stop,stop,458,458,MSCodeBase 1-L live arm,test567,false
gen-1786738583-0xK1TpEQY4OiCUv9l3jl,2026-08-14 20:16:23.738,0.000013,,,,0,178,7,0,0,qwen/qwen3.5-flash-20260224,Alibaba,standard,false,true,,stop,stop,777,777,MSCodeBase 1-L live arm,test567,false
gen-1786738582-gWWvGWIxTQi81ill8hA5,2026-08-14 20:16:22.402,0.000013,,,,0,179,7,0,0,qwen/qwen3.5-flash-20260224,Alibaba,standard,false,true,,stop,stop,751,751,MSCodeBase 1-L live arm,test567,false
gen-1786738581-jO4tdOCXepkB5mvbaXme,2026-08-14 20:16:21.060,0.000013,,,,0,181,7,0,0,qwen/qwen3.5-flash-20260224,Alibaba,standard,false,true,,stop,stop,763,763,MSCodeBase 1-L live arm,test567,false
gen-1786738579-8oBG5Byhx82hP2WDT0gE,2026-08-14 20:16:19.983,0.000013,,,,0,178,7,0,0,qwen/qwen3.5-flash-20260224,Alibaba,standard,false,true,,stop,stop,495,495,MSCodeBase 1-L live arm,test567,false
gen-1786738578-TIw9fc3pr4A8AhA6tna9,2026-08-14 20:16:18.968,0.000013,,,,0,180,7,0,0,qwen/qwen3.5-flash-20260224,Alibaba,standard,false,true,,stop,stop,432,432,MSCodeBase 1-L live arm,test567,false
gen-1786738577-L6kl99BNgRjmuWZ6Y8vQ,2026-08-14 20:16:17.876,0.000013,,,,0,180,7,0,0,qwen/qwen3.5-flash-20260224,Alibaba,standard,false,true,,stop,stop,495,495,MSCodeBase 1-L live arm,test567,false
gen-1786738576-JER27OfWvE3FXXxmj2xT,2026-08-14 20:16:16.828,0.000013,,,,0,176,7,0,0,qwen/qwen3.5-flash-20260224,Alibaba,standard,false,true,,stop,stop,469,469,MSCodeBase 1-L live arm,test567,false
gen-1786738575-YfX5uXcDgYDeOFs1Xwb3,2026-08-14 20:16:15.800,0.000013,,,,0,178,7,0,0,qwen/qwen3.5-flash-20260224,Alibaba,standard,false,true,,stop,stop,439,439,MSCodeBase 1-L live arm,test567,false
gen-1786738574-GVcUuWzuX8LeIAkH3Lnl,2026-08-14 20:16:14.506,0.000013,,,,0,178,7,0,0,qwen/qwen3.5-flash-20260224,Alibaba,standard,false,true,,stop,stop,710,710,MSCodeBase 1-L live arm,test567,false
gen-1786738573-IAcCxwGYvKWh4o9IzcJe,2026-08-14 20:16:13.421,0.000013,,,,0,181,7,0,0,qwen/qwen3.5-flash-20260224,Alibaba,standard,false,true,,stop,stop,498,498,MSCodeBase 1-L live arm,test567,false
gen-1786738572-UGkyS7c2brQh3PqXGzBd,2026-08-14 20:16:12.054,0.000013,,,,0,180,7,0,0,qwen/qwen3.5-flash-20260224,Alibaba,standard,false,true,,stop,stop,740,740,MSCodeBase 1-L live arm,test567,false
gen-1786738570-GS7x5CtDfMoop9kpxEN3,2026-08-14 20:16:10.643,0.000013,,,,0,181,7,0,0,qwen/qwen3.5-flash-20260224,Alibaba,standard,false,true,,stop,stop,834,834,MSCodeBase 1-L live arm,test567,false
gen-1786738569-cLbtBS2viEuSoi4HTig6,2026-08-14 20:16:09.359,0.000013,,,,0,179,7,0,0,qwen/qwen3.5-flash-20260224,Alibaba,standard,false,true,,stop,stop,466,466,MSCodeBase 1-L live arm,test567,false
gen-1786738568-14YzcLQyTC6DLNE4GOQO,2026-08-14 20:16:08.049,0.000013,,,,0,178,7,0,0,qwen/qwen3.5-flash-20260224,Alibaba,standard,false,true,,stop,stop,718,718,MSCodeBase 1-L live arm,test567,false
gen-1786738566-oSWmzWFZJ3oaqv7z3xBJ,2026-08-14 20:16:06.543,0.000013,,,,0,181,7,0,0,qwen/qwen3.5-flash-20260224,Alibaba,standard,false,true,,stop,stop,922,922,MSCodeBase 1-L live arm,test567,false
gen-1786738565-Phznez0olotx3D07Yd0r,2026-08-14 20:16:05.290,0.000013,,,,0,181,7,0,0,qwen/qwen3.5-flash-20260224,Alibaba,standard,false,true,,stop,stop,676,676,MSCodeBase 1-L live arm,test567,false
gen-1786738563-6m35XXfhpfBmcYfUp9r8,2026-08-14 20:16:03.950,0.000013,,,,0,180,7,0,0,qwen/qwen3.5-flash-20260224,Alibaba,standard,false,true,,stop,stop,720,720,MSCodeBase 1-L live arm,test567,false
gen-1786738562-bdb81BbuTF7YaWwybWwh,2026-08-14 20:16:02.644,0.000013,,,,0,180,7,0,0,qwen/qwen3.5-flash-20260224,Alibaba,standard,false,true,,stop,stop,710,710,MSCodeBase 1-L live arm,test567,false
gen-1786738561-NNk01M4gTDManq0j48NL,2026-08-14 20:16:01.344,0.000013,,,,0,176,7,0,0,qwen/qwen3.5-flash-20260224,Alibaba,standard,false,true,,stop,stop,715,715,MSCodeBase 1-L live arm,test567,false
gen-1786738560-SdwfdjY0huDpjNSEGe9v,2026-08-14 20:16:00.272,0.000013,,,,0,181,7,0,0,qwen/qwen3.5-flash-20260224,Alibaba,standard,false,true,,stop,stop,475,475,MSCodeBase 1-L live arm,test567,false
gen-1786738559-5kE8k6tjLeFjiHFMFDKp,2026-08-14 20:15:59.198,0.000013,,,,0,176,7,0,0,qwen/qwen3.5-flash-20260224,Alibaba,standard,false,true,,stop,stop,483,483,MSCodeBase 1-L live arm,test567,false
gen-1786738557-J8caZJkZ2IDp7q7draVU,2026-08-14 20:15:57.828,0.000013,,,,0,178,7,0,0,qwen/qwen3.5-flash-20260224,Alibaba,standard,false,true,,stop,stop,757,757,MSCodeBase 1-L live arm,test567,false
gen-1786738556-bNTtbVKdInqomSrjaFI9,2026-08-14 20:15:56.817,0.000013,,,,0,175,7,0,0,qwen/qwen3.5-flash-20260224,Alibaba,standard,false,true,,stop,stop,416,416,MSCodeBase 1-L live arm,test567,false
gen-1786738555-Ab13WUoGzE6bKS03WaE6,2026-08-14 20:15:55.782,0.000013,,,,0,179,7,0,0,qwen/qwen3.5-flash-20260224,Alibaba,standard,false,true,,stop,stop,434,434,MSCodeBase 1-L live arm,test567,false
gen-1786738554-jeBAwB00F7znAOWg5Cn0,2026-08-14 20:15:54.414,0.000013,,,,0,178,7,0,0,qwen/qwen3.5-flash-20260224,Alibaba,standard,false,true,,stop,stop,766,766,MSCodeBase 1-L live arm,test567,false
gen-1786738553-dPdFx1FxyPK5yPU0YFFJ,2026-08-14 20:15:53.111,0.000013,,,,0,179,7,0,0,qwen/qwen3.5-flash-20260224,Alibaba,standard,false,true,,stop,stop,665,665,MSCodeBase 1-L live arm,test567,false
gen-1786738551-qKHW6zLQWShPkTrOOh5c,2026-08-14 20:15:51.760,0.000013,,,,0,183,7,0,0,qwen/qwen3.5-flash-20260224,Alibaba,standard,false,true,,stop,stop,730,730,MSCodeBase 1-L live arm,test567,false
gen-1786738550-CtT6aIK9nE1HrJIwx8xk,2026-08-14 20:15:50.704,0.000013,,,,0,179,7,0,0,qwen/qwen3.5-flash-20260224,Alibaba,standard,false,true,,stop,stop,470,470,MSCodeBase 1-L live arm,test567,false
gen-1786738549-3Gp0PBEOevczta1R4Rjx,2026-08-14 20:15:49.646,0.000013,,,,0,178,7,0,0,qwen/qwen3.5-flash-20260224,Alibaba,standard,false,true,,stop,stop,479,479,MSCodeBase 1-L live arm,test567,false
gen-1786738548-vW3Q0ozekgwPF0tSl0js,2026-08-14 20:15:48.598,0.000013,,,,0,180,7,0,0,qwen/qwen3.5-flash-20260224,Alibaba,standard,false,true,,stop,stop,459,459,MSCodeBase 1-L live arm,test567,false
gen-1786738547-7yrjavYs8qudsgUEWHf4,2026-08-14 20:15:47.488,0.000013,,,,0,183,7,0,0,qwen/qwen3.5-flash-20260224,Alibaba,standard,false,true,,stop,stop,527,527,MSCodeBase 1-L live arm,test567,false
gen-1786738546-GJTBYgTH7SrG5qSCPnI4,2026-08-14 20:15:46.173,0.000013,,,,0,181,7,0,0,qwen/qwen3.5-flash-20260224,Alibaba,standard,false,true,,stop,stop,675,675,MSCodeBase 1-L live arm,test567,false
gen-1786738544-PTSDJzpAoWyVbBUN2eU5,2026-08-14 20:15:44.895,0.000014,,,,0,192,7,0,0,qwen/qwen3.5-flash-20260224,Alibaba,standard,false,true,,stop,stop,693,693,MSCodeBase 1-L live arm,test567,false
gen-1786738543-JDKTjurw7DFBsBHuR1tP,2026-08-14 20:15:43.536,0.000013,,,,0,185,7,0,0,qwen/qwen3.5-flash-20260224,Alibaba,standard,false,true,,stop,stop,769,769,MSCodeBase 1-L live arm,test567,false
gen-1786738542-0Cv1yj6pfOlUTVFRxabf,2026-08-14 20:15:42.430,0.000013,,,,0,186,7,0,0,qwen/qwen3.5-flash-20260224,Alibaba,standard,false,true,,stop,stop,502,502,MSCodeBase 1-L live arm,test567,false
gen-1786738541-0oKpActsfJePIUDZHpyA,2026-08-14 20:15:41.328,0.000014,,,,0,190,7,0,0,qwen/qwen3.5-flash-20260224,Alibaba,standard,false,true,,stop,stop,492,492,MSCodeBase 1-L live arm,test567,false
gen-1786738540-abH4X75xiEBpMllied62,2026-08-14 20:15:40.255,0.000013,,,,0,184,7,0,0,qwen/qwen3.5-flash-20260224,Alibaba,standard,false,true,,stop,stop,474,474,MSCodeBase 1-L live arm,test567,false
gen-1786738538-J3Hsid2v7o6RbnztF0y9,2026-08-14 20:15:38.729,0.000013,,,,0,186,7,0,0,qwen/qwen3.5-flash-20260224,Alibaba,standard,false,true,,stop,stop,923,923,MSCodeBase 1-L live arm,test567,false
gen-1786738537-qfgeeKWBwHhkd2GjMF5K,2026-08-14 20:15:37.730,0.000009,,,,0,121,7,0,0,qwen/qwen3.5-flash-20260224,Alibaba,standard,false,true,,stop,stop,457,457,MSCodeBase 1-L live arm,test567,false
gen-1786738536-8PSZLL9hYRXhX0qAgvub,2026-08-14 20:15:36.411,0.000009,,,,0,126,7,0,0,qwen/qwen3.5-flash-20260224,Alibaba,standard,false,true,,stop,stop,714,714,MSCodeBase 1-L live arm,test567,false
gen-1786738535-7f3kCGvfmUyHmd7HeoeX,2026-08-14 20:15:35.095,0.000009,,,,0,126,7,0,0,qwen/qwen3.5-flash-20260224,Alibaba,standard,false,true,,stop,stop,688,688,MSCodeBase 1-L live arm,test567,false
gen-1786738533-o4gUX09fdCn1vDVNkvGV,2026-08-14 20:15:33.988,0.000009,,,,0,123,7,0,0,qwen/qwen3.5-flash-20260224,Alibaba,standard,false,true,,stop,stop,485,485,MSCodeBase 1-L live arm,test567,false
gen-1786738532-dwEpxqIOUlgqy9dYeudT,2026-08-14 20:15:32.612,0.000009,,,,0,124,7,0,0,qwen/qwen3.5-flash-20260224,Alibaba,standard,false,true,,stop,stop,765,765,MSCodeBase 1-L live arm,test567,false
gen-1786738531-ZogekPYXM6kFdBK4pvDs,2026-08-14 20:15:31.579,0.000009,,,,0,123,7,0,0,qwen/qwen3.5-flash-20260224,Alibaba,standard,false,true,,stop,stop,436,436,MSCodeBase 1-L live arm,test567,false
gen-1786738530-qNZYq02rLDUD6hXRlWdU,2026-08-14 20:15:30.214,0.000009,,,,0,126,7,0,0,qwen/qwen3.5-flash-20260224,Alibaba,standard,false,true,,stop,stop,769,769,MSCodeBase 1-L live arm,test567,false
gen-1786738528-vueOJgiYo9tg0sbr9xlv,2026-08-14 20:15:28.856,0.000009,,,,0,120,7,0,0,qwen/qwen3.5-flash-20260224,Alibaba,standard,false,true,,stop,stop,769,769,MSCodeBase 1-L live arm,test567,false
gen-1786738527-UlyNzg9725PQvzLPWpUG,2026-08-14 20:15:27.483,0.000009,,,,0,124,7,0,0,qwen/qwen3.5-flash-20260224,Alibaba,standard,false,true,,stop,stop,750,750,MSCodeBase 1-L live arm,test567,false
gen-1786738526-k4z2Qv2ISTu6LOqVvf2M,2026-08-14 20:15:26.392,0.000009,,,,0,123,7,0,0,qwen/qwen3.5-flash-20260224,Alibaba,standard,false,true,,stop,stop,453,453,MSCodeBase 1-L live arm,test567,false
gen-1786738525-AM7MniksLF1yhX1EOaJz,2026-08-14 20:15:25.350,0.000009,,,,0,124,7,0,0,qwen/qwen3.5-flash-20260224,Alibaba,standard,false,true,,stop,stop,445,445,MSCodeBase 1-L live arm,test567,false
gen-1786738524-MYxT6r8qiLtvSI5eKAGm,2026-08-14 20:15:24.270,0.000009,,,,0,124,7,0,0,qwen/qwen3.5-flash-20260224,Alibaba,standard,false,true,,stop,stop,477,477,MSCodeBase 1-L live arm,test567,false
gen-1786738523-MPCeocy8yDAvNsN0ssGD,2026-08-14 20:15:23.187,0.000009,,,,0,123,7,0,0,qwen/qwen3.5-flash-20260224,Alibaba,standard,false,true,,stop,stop,476,476,MSCodeBase 1-L live arm,test567,false
gen-1786738522-ZJ4OOKhkj9pG8T1Sd8zf,2026-08-14 20:15:22.149,0.000009,,,,0,124,7,0,0,qwen/qwen3.5-flash-20260224,Alibaba,standard,false,true,,stop,stop,434,434,MSCodeBase 1-L live arm,test567,false
gen-1786738520-gzTeSZmtt0xiexYBjpNM,2026-08-14 20:15:20.817,0.000009,,,,0,126,7,0,0,qwen/qwen3.5-flash-20260224,Alibaba,standard,false,true,,stop,stop,702,702,MSCodeBase 1-L live arm,test567,false
gen-1786738519-GUfnpOjTEMTvh31MkHNs,2026-08-14 20:15:19.465,0.000009,,,,0,123,7,0,0,qwen/qwen3.5-flash-20260224,Alibaba,standard,false,true,,stop,stop,745,745,MSCodeBase 1-L live arm,test567,false
gen-1786738518-wTuGO04RwhDrMKc3vYnH,2026-08-14 20:15:18.442,0.000009,,,,0,125,7,0,0,qwen/qwen3.5-flash-20260224,Alibaba,standard,false,true,,stop,stop,422,422,MSCodeBase 1-L live arm,test567,false
gen-1786738517-NAdQ73LhNSmNsoBJDVJo,2026-08-14 20:15:17.346,0.000009,,,,0,125,7,0,0,qwen/qwen3.5-flash-20260224,Alibaba,standard,false,true,,stop,stop,488,488,MSCodeBase 1-L live arm,test567,false
gen-1786738516-il5xM5J5YgFZj5ArAq8e,2026-08-14 20:15:16.257,0.000009,,,,0,121,7,0,0,qwen/qwen3.5-flash-20260224,Alibaba,standard,false,true,,stop,stop,501,501,MSCodeBase 1-L live arm,test567,false
gen-1786738514-tDLGkqEcx06f3IxxJYYh,2026-08-14 20:15:14.906,0.000009,,,,0,123,7,0,0,qwen/qwen3.5-flash-20260224,Alibaba,standard,false,true,,stop,stop,601,601,MSCodeBase 1-L live arm,test567,false
gen-1786738513-C4jDZMBZulIYW6c6SONR,2026-08-14 20:15:13.580,0.000009,,,,0,123,7,0,0,qwen/qwen3.5-flash-20260224,Alibaba,standard,false,true,,stop,stop,697,697,MSCodeBase 1-L live arm,test567,false
gen-1786738512-sIVXfyjKXpSrHSmi0En8,2026-08-14 20:15:12.272,0.000009,,,,0,125,7,0,0,qwen/qwen3.5-flash-20260224,Alibaba,standard,false,true,,stop,stop,674,674,MSCodeBase 1-L live arm,test567,false
gen-1786738510-tQE8Ihju407eBOpCkuAS,2026-08-14 20:15:10.743,0.000009,,,,0,125,7,0,0,qwen/qwen3.5-flash-20260224,Alibaba,standard,false,true,,stop,stop,840,840,MSCodeBase 1-L live arm,test567,false
gen-1786738509-tFWKWZjZpl20J8jf4Ln5,2026-08-14 20:15:09.103,0.000009,,,,0,125,7,0,0,qwen/qwen3.5-flash-20260224,Alibaba,standard,false,true,,stop,stop,1026,1026,MSCodeBase 1-L live arm,test567,false
gen-1786738507-oAugvjKSzNXKrvb8SC3Z,2026-08-14 20:15:07.968,0.000009,,,,0,125,7,0,0,qwen/qwen3.5-flash-20260224,Alibaba,standard,false,true,,stop,stop,517,517,MSCodeBase 1-L live arm,test567,false
gen-1786738506-WcH2Rrm1iX57EYKecPGf,2026-08-14 20:15:06.672,0.000009,,,,0,123,7,0,0,qwen/qwen3.5-flash-20260224,Alibaba,standard,false,true,,stop,stop,674,674,MSCodeBase 1-L live arm,test567,false
gen-1786738505-m8mV444ViWnQBoOsngWj,2026-08-14 20:15:05.334,0.000009,,,,0,125,7,0,0,qwen/qwen3.5-flash-20260224,Alibaba,standard,false,true,,stop,stop,720,720,MSCodeBase 1-L live arm,test567,false
gen-1786738504-tvuCp5KvM9wv8kDo9zXc,2026-08-14 20:15:04.181,0.000009,,,,0,124,7,0,0,qwen/qwen3.5-flash-20260224,Alibaba,standard,false,true,,stop,stop,555,555,MSCodeBase 1-L live arm,test567,false
gen-1786738502-jmkX1GDbfnWCk4I8kBJj,2026-08-14 20:15:02.810,0.000009,,,,0,124,7,0,0,qwen/qwen3.5-flash-20260224,Alibaba,standard,false,true,,stop,stop,767,767,MSCodeBase 1-L live arm,test567,false
gen-1786738501-MT9UAPkqaiOD21ziUJl3,2026-08-14 20:15:01.684,0.000009,,,,0,125,7,0,0,qwen/qwen3.5-flash-20260224,Alibaba,standard,false,true,,stop,stop,513,513,MSCodeBase 1-L live arm,test567,false
gen-1786738500-xux9vloI3cfqy3plQrP9,2026-08-14 20:15:00.391,0.000009,,,,0,121,7,0,0,qwen/qwen3.5-flash-20260224,Alibaba,standard,false,true,,stop,stop,694,694,MSCodeBase 1-L live arm,test567,false
gen-1786738499-0D32XhxA2H5EoSGq6GC7,2026-08-14 20:14:59.305,0.000009,,,,0,125,7,0,0,qwen/qwen3.5-flash-20260224,Alibaba,standard,false,true,,stop,stop,461,461,MSCodeBase 1-L live arm,test567,false
gen-1786738497-YdZhKG5JHJG6JHaPMDGI,2026-08-14 20:14:57.958,0.000009,,,,0,121,7,0,0,qwen/qwen3.5-flash-20260224,Alibaba,standard,false,true,,stop,stop,763,763,MSCodeBase 1-L live arm,test567,false
gen-1786738496-0I1cmS6uWtAKGaV0ejNb,2026-08-14 20:14:56.907,0.000009,,,,0,123,7,0,0,qwen/qwen3.5-flash-20260224,Alibaba,standard,false,true,,stop,stop,429,429,MSCodeBase 1-L live arm,test567,false
gen-1786738495-DQZbKZEbV7UjBt1LwrFs,2026-08-14 20:14:55.581,0.000009,,,,0,121,7,0,0,qwen/qwen3.5-flash-20260224,Alibaba,standard,false,true,,stop,stop,728,728,MSCodeBase 1-L live arm,test567,false
gen-1786738494-5LhKo2APGASqA9FlFy3q,2026-08-14 20:14:54.186,0.000009,,,,0,124,7,0,0,qwen/qwen3.5-flash-20260224,Alibaba,standard,false,true,,stop,stop,763,763,MSCodeBase 1-L live arm,test567,false
gen-1786738492-OiDPf5hBwSE1oAhTxPsI,2026-08-14 20:14:52.870,0.000009,,,,0,122,7,0,0,qwen/qwen3.5-flash-20260224,Alibaba,standard,false,true,,stop,stop,684,684,MSCodeBase 1-L live arm,test567,false
gen-1786738491-3Jnmasni5G7VksIfpzrz,2026-08-14 20:14:51.824,0.000009,,,,0,125,7,0,0,qwen/qwen3.5-flash-20260224,Alibaba,standard,false,true,,stop,stop,434,434,MSCodeBase 1-L live arm,test567,false
gen-1786738490-pR7s0TbkMhtcrk3xqnkm,2026-08-14 20:14:50.702,0.000009,,,,0,126,7,0,0,qwen/qwen3.5-flash-20260224,Alibaba,standard,false,true,,stop,stop,497,497,MSCodeBase 1-L live arm,test567,false
gen-1786738489-Ha0Wyuk2dT85sQozeuCn,2026-08-14 20:14:49.595,0.000009,,,,0,125,7,0,0,qwen/qwen3.5-flash-20260224,Alibaba,standard,false,true,,stop,stop,480,480,MSCodeBase 1-L live arm,test567,false
gen-1786738488-Qr2rFAhM26Wh6sw0IZAX,2026-08-14 20:14:48.515,0.000009,,,,0,124,7,0,0,qwen/qwen3.5-flash-20260224,Alibaba,standard,false,true,,stop,stop,461,461,MSCodeBase 1-L live arm,test567,false
gen-1786738487-3LQF8ccdD9j0aMyOH7gB,2026-08-14 20:14:47.433,0.000009,,,,0,125,7,0,0,qwen/qwen3.5-flash-20260224,Alibaba,standard,false,true,,stop,stop,453,453,MSCodeBase 1-L live arm,test567,false
gen-1786738486-kvN7ULcjNAVkiUXNtqDU,2026-08-14 20:14:46.175,0.000009,,,,0,125,7,0,0,qwen/qwen3.5-flash-20260224,Alibaba,standard,false,true,,stop,stop,641,641,MSCodeBase 1-L live arm,test567,false
gen-1786738484-ECDuTkUgKZZy4laz8gBP,2026-08-14 20:14:44.896,0.000009,,,,0,123,7,0,0,qwen/qwen3.5-flash-20260224,Alibaba,standard,false,true,,stop,stop,667,667,MSCodeBase 1-L live arm,test567,false
gen-1786738483-qPh2KVVeMIYaDrAp44ye,2026-08-14 20:14:43.552,0.00001,,,,0,129,7,0,0,qwen/qwen3.5-flash-20260224,Alibaba,standard,false,true,,stop,stop,741,741,MSCodeBase 1-L live arm,test567,false
gen-1786738482-5aNA0JTRUk3sBLseQkrN,2026-08-14 20:14:42.432,0.000009,,,,0,123,7,0,0,qwen/qwen3.5-flash-20260224,Alibaba,standard,false,true,,stop,stop,518,518,MSCodeBase 1-L live arm,test567,false
gen-1786738480-0cUJqwtlMdFz9ckpiNGY,2026-08-14 20:14:40.801,0.000009,,,,0,125,7,0,0,qwen/qwen3.5-flash-20260224,Alibaba,standard,false,true,,stop,stop,533,533,MSCodeBase 1-L live arm,test567,false
gen-1786738479-Mgon6gxQ2qSteW2ca8dS,2026-08-14 20:14:39.722,0.000009,,,,0,126,7,0,0,qwen/qwen3.5-flash-20260224,Alibaba,standard,false,true,,stop,stop,463,463,MSCodeBase 1-L live arm,test567,false
gen-1786738478-Su4EpF3NxrWdEAohav5u,2026-08-14 20:14:38.392,0.000009,,,,0,123,7,0,0,qwen/qwen3.5-flash-20260224,Alibaba,standard,false,true,,stop,stop,727,727,MSCodeBase 1-L live arm,test567,false
gen-1786738477-KRqn04369jMOSJdydboO,2026-08-14 20:14:37.252,0.000009,,,,0,125,7,0,0,qwen/qwen3.5-flash-20260224,Alibaba,standard,false,true,,stop,stop,521,521,MSCodeBase 1-L live arm,test567,false
gen-1786738476-VhvXZoOgrnfVEp93VcC1,2026-08-14 20:14:36.361,0.000006,,,,0,176,12,0,0,qwen/qwen3.7-flash-20260727,Alibaba,standard,false,true,,stop,stop,592,592,MSCodeBase 1-L live arm,test567,false
gen-1786738475-WYttWwL57IxMCNAxz959,2026-08-14 20:14:35.084,0.000006,,,,0,181,12,0,0,qwen/qwen3.7-flash-20260727,Alibaba,standard,false,true,,stop,stop,657,657,MSCodeBase 1-L live arm,test567,false
gen-1786738473-5lRCduqodSk6EDFEgLLV,2026-08-14 20:14:33.679,0.000006,,,,0,181,12,0,0,qwen/qwen3.7-flash-20260727,Alibaba,standard,false,true,,stop,stop,803,803,MSCodeBase 1-L live arm,test567,false
gen-1786738472-hyGvJMj3PtQNTNeIO1yD,2026-08-14 20:14:32.212,0.000006,,,,0,178,12,0,0,qwen/qwen3.7-flash-20260727,Alibaba,standard,false,true,,stop,stop,861,861,MSCodeBase 1-L live arm,test567,false
gen-1786738470-nD8mA8pEIOGQzhMAhuR7,2026-08-14 20:14:30.794,0.000006,,,,0,179,12,0,0,qwen/qwen3.7-flash-20260727,Alibaba,standard,false,true,,stop,stop,799,799,MSCodeBase 1-L live arm,test567,false
gen-1786738469-v8Gm77UQAp7XyGX6n2GJ,2026-08-14 20:14:29.381,0.000006,,,,0,178,12,0,0,qwen/qwen3.7-flash-20260727,Alibaba,standard,false,true,,stop,stop,801,801,MSCodeBase 1-L live arm,test567,false
gen-1786738468-2vCnw5tM2EXzsX5vSgBl,2026-08-14 20:14:28.146,0.000006,,,,0,181,12,0,0,qwen/qwen3.7-flash-20260727,Alibaba,standard,false,true,,stop,stop,594,594,MSCodeBase 1-L live arm,test567,false
gen-1786738466-hbKm8MWTODxbyTrifnh1,2026-08-14 20:14:26.651,0.000006,,,,0,175,12,0,0,qwen/qwen3.7-flash-20260727,Alibaba,standard,false,true,,stop,stop,902,902,MSCodeBase 1-L live arm,test567,false
gen-1786738465-ChvZDHjBxnMjh9tSSwV0,2026-08-14 20:14:25.429,0.000006,,,,0,180,12,0,0,qwen/qwen3.7-flash-20260727,Alibaba,standard,false,true,,stop,stop,599,599,MSCodeBase 1-L live arm,test567,false
gen-1786738464-cGPu5E9cyloUFiaQ1kq5,2026-08-14 20:14:24.142,0.000006,,,,0,178,7,0,0,qwen/qwen3.7-flash-20260727,Alibaba,standard,false,true,,stop,stop,632,632,MSCodeBase 1-L live arm,test567,false
gen-1786738462-XCLlDTtBQDtO8nDj9qMt,2026-08-14 20:14:22.706,0.000006,,,,0,178,12,0,0,qwen/qwen3.7-flash-20260727,Alibaba,standard,false,true,,stop,stop,846,846,MSCodeBase 1-L live arm,test567,false
gen-1786738461-FGrqB8dbAzsZFPbNUTzJ,2026-08-14 20:14:21.379,0.000006,,,,0,180,12,0,0,qwen/qwen3.7-flash-20260727,Alibaba,standard,false,true,,stop,stop,652,652,MSCodeBase 1-L live arm,test567,false
gen-1786738459-BfJoItbeoIhaKauiFood,2026-08-14 20:14:19.969,0.000006,,,,0,178,12,0,0,qwen/qwen3.7-flash-20260727,Alibaba,standard,false,true,,stop,stop,799,799,MSCodeBase 1-L live arm,test567,false
gen-1786738458-zyDyYPY8jhMIQHDMtzY0,2026-08-14 20:14:18.600,0.000006,,,,0,179,12,0,0,qwen/qwen3.7-flash-20260727,Alibaba,standard,false,true,,stop,stop,760,760,MSCodeBase 1-L live arm,test567,false
gen-1786738457-qTS6xwmAAP0FOxTIlmdQ,2026-08-14 20:14:17.187,0.000006,,,,0,181,12,0,0,qwen/qwen3.7-flash-20260727,Alibaba,standard,false,true,,stop,stop,791,791,MSCodeBase 1-L live arm,test567,false
gen-1786738455-4me4nekaLCvEinmCv3Qk,2026-08-14 20:14:15.989,0.000006,,,,0,178,12,0,0,qwen/qwen3.7-flash-20260727,Alibaba,standard,false,true,,stop,stop,572,572,MSCodeBase 1-L live arm,test567,false
gen-1786738454-oSFmsBPl5nvz0kNUR06Q,2026-08-14 20:14:14.769,0.000006,,,,0,180,12,0,0,qwen/qwen3.7-flash-20260727,Alibaba,standard,false,true,,stop,stop,589,589,MSCodeBase 1-L live arm,test567,false
gen-1786738453-ERzyedBYtvJGRdc8b0Pv,2026-08-14 20:14:13.351,0.000006,,,,0,180,12,0,0,qwen/qwen3.7-flash-20260727,Alibaba,standard,false,true,,stop,stop,807,807,MSCodeBase 1-L live arm,test567,false
gen-1786738452-DsKFJCL1PigzNptfUmUP,2026-08-14 20:14:12.107,0.000006,,,,0,176,12,0,0,qwen/qwen3.7-flash-20260727,Alibaba,standard,false,true,,stop,stop,645,645,MSCodeBase 1-L live arm,test567,false
gen-1786738450-4UdRBTvya5onJpHcbbUb,2026-08-14 20:14:10.847,0.000006,,,,0,178,12,0,0,qwen/qwen3.7-flash-20260727,Alibaba,standard,false,true,,stop,stop,647,647,MSCodeBase 1-L live arm,test567,false
gen-1786738449-w363jC5Tu1bnDc7aiksf,2026-08-14 20:14:09.626,0.000006,,,,0,178,12,0,0,qwen/qwen3.7-flash-20260727,Alibaba,standard,false,true,,stop,stop,577,577,MSCodeBase 1-L live arm,test567,false
gen-1786738448-5wHDsa2G6AxCRHKZ0z0E,2026-08-14 20:14:08.245,0.000006,,,,0,181,12,0,0,qwen/qwen3.7-flash-20260727,Alibaba,standard,false,true,,stop,stop,763,763,MSCodeBase 1-L live arm,test567,false
gen-1786738446-weBuwYJCso5F6JEZGSck,2026-08-14 20:14:06.833,0.000006,,,,0,180,12,0,0,qwen/qwen3.7-flash-20260727,Alibaba,standard,false,true,,stop,stop,620,620,MSCodeBase 1-L live arm,test567,false
gen-1786738445-JmUTvLw2ZjRevmlE1Rpk,2026-08-14 20:14:05.551,0.000006,,,,0,181,12,0,0,qwen/qwen3.7-flash-20260727,Alibaba,standard,false,true,,stop,stop,641,641,MSCodeBase 1-L live arm,test567,false
gen-1786738444-RGnmvqc3t9y9fBGvdcfZ,2026-08-14 20:14:04.271,0.000006,,,,0,179,12,0,0,qwen/qwen3.7-flash-20260727,Alibaba,standard,false,true,,stop,stop,674,674,MSCodeBase 1-L live arm,test567,false
gen-1786738442-IKfPr4djmo36BoKscinr,2026-08-14 20:14:02.990,0.000006,,,,0,178,12,0,0,qwen/qwen3.7-flash-20260727,Alibaba,standard,false,true,,stop,stop,654,654,MSCodeBase 1-L live arm,test567,false
gen-1786738441-HCWuc9xxgAfZJT9ACLn6,2026-08-14 20:14:01.756,0.000006,,,,0,181,12,0,0,qwen/qwen3.7-flash-20260727,Alibaba,standard,false,true,,stop,stop,598,598,MSCodeBase 1-L live arm,test567,false
gen-1786738440-YUEkGiCrINsQDSTQc6TH,2026-08-14 20:14:00.546,0.000006,,,,0,181,12,0,0,qwen/qwen3.7-flash-20260727,Alibaba,standard,false,true,,stop,stop,594,594,MSCodeBase 1-L live arm,test567,false
gen-1786738439-cfqCq13dtCKiOLexv62d,2026-08-14 20:13:59.118,0.000006,,,,0,180,7,0,0,qwen/qwen3.7-flash-20260727,Alibaba,standard,false,true,,stop,stop,795,795,MSCodeBase 1-L live arm,test567,false
gen-1786738437-wYjK7vsqeN2S1RoeGqzN,2026-08-14 20:13:57.869,0.000006,,,,0,180,12,0,0,qwen/qwen3.7-flash-20260727,Alibaba,standard,false,true,,stop,stop,635,635,MSCodeBase 1-L live arm,test567,false
gen-1786738436-ur8RF1QroyMm2Kc40DA4,2026-08-14 20:13:56.702,0.000006,,,,0,176,12,0,0,qwen/qwen3.7-flash-20260727,Alibaba,standard,false,true,,stop,stop,560,560,MSCodeBase 1-L live arm,test567,false
gen-1786738435-o2JwCu0HMw3qYkgaZJBP,2026-08-14 20:13:55.458,0.000006,,,,0,181,12,0,0,qwen/qwen3.7-flash-20260727,Alibaba,standard,false,true,,stop,stop,650,650,MSCodeBase 1-L live arm,test567,false
gen-1786738434-QSYgM0rdFUdPLMSudLvy,2026-08-14 20:13:54.221,0.000006,,,,0,176,12,0,0,qwen/qwen3.7-flash-20260727,Alibaba,standard,false,true,,stop,stop,658,658,MSCodeBase 1-L live arm,test567,false
gen-1786738432-VA9mCvxmC44BO85SYRXQ,2026-08-14 20:13:52.634,0.000006,,,,0,178,7,0,0,qwen/qwen3.7-flash-20260727,Alibaba,standard,false,true,,stop,stop,723,723,MSCodeBase 1-L live arm,test567,false
gen-1786738431-WTrNqBPhUYCoxzAGONHm,2026-08-14 20:13:51.189,0.000006,,,,0,175,12,0,0,qwen/qwen3.7-flash-20260727,Alibaba,standard,false,true,,stop,stop,820,820,MSCodeBase 1-L live arm,test567,false
gen-1786738429-pzwdaMSaEPSSg5Vqiju7,2026-08-14 20:13:49.458,0.000006,,,,0,179,12,0,0,qwen/qwen3.7-flash-20260727,Alibaba,standard,false,true,,stop,stop,885,885,MSCodeBase 1-L live arm,test567,false
gen-1786738428-0sVVsblMMwKOThR0EsNc,2026-08-14 20:13:47.992,0.000006,,,,0,178,12,0,0,qwen/qwen3.7-flash-20260727,Alibaba,standard,false,true,,stop,stop,734,734,MSCodeBase 1-L live arm,test567,false
gen-1786738426-k5BYznQij2Rd8ErLL77l,2026-08-14 20:13:46.684,0.000006,,,,0,179,12,0,0,qwen/qwen3.7-flash-20260727,Alibaba,standard,false,true,,stop,stop,709,709,MSCodeBase 1-L live arm,test567,false
gen-1786738425-0y1PXGzy95GZNKgpscus,2026-08-14 20:13:45.468,0.000006,,,,0,183,12,0,0,qwen/qwen3.7-flash-20260727,Alibaba,standard,false,true,,stop,stop,584,584,MSCodeBase 1-L live arm,test567,false
gen-1786738424-ZSCE9Eykt8hndIhvz9h7,2026-08-14 20:13:44.091,0.000006,,,,0,179,12,0,0,qwen/qwen3.7-flash-20260727,Alibaba,standard,false,true,,stop,stop,723,723,MSCodeBase 1-L live arm,test567,false
gen-1786738422-TNgHKbx4x6AgXwxGEOAI,2026-08-14 20:13:42.761,0.000006,,,,0,178,12,0,0,qwen/qwen3.7-flash-20260727,Alibaba,standard,false,true,,stop,stop,691,691,MSCodeBase 1-L live arm,test567,false
gen-1786738421-VjZs6aCpnqcuCFbCwwFN,2026-08-14 20:13:41.395,0.000006,,,,0,180,12,0,0,qwen/qwen3.7-flash-20260727,Alibaba,standard,false,true,,stop,stop,750,750,MSCodeBase 1-L live arm,test567,false
gen-1786738420-mximwQygZ3qjoRRVQ2gs,2026-08-14 20:13:40.131,0.000006,,,,0,183,12,0,0,qwen/qwen3.7-flash-20260727,Alibaba,standard,false,true,,stop,stop,658,658,MSCodeBase 1-L live arm,test567,false
gen-1786738418-AwlpWy0gn7nOipvQednP,2026-08-14 20:13:38.705,0.000006,,,,0,181,12,0,0,qwen/qwen3.7-flash-20260727,Alibaba,standard,false,true,,stop,stop,810,810,MSCodeBase 1-L live arm,test567,false
gen-1786738417-DssAXO5ydHa5IvAXvSO7,2026-08-14 20:13:37.330,0.000007,,,,0,192,12,0,0,qwen/qwen3.7-flash-20260727,Alibaba,standard,false,true,,stop,stop,758,758,MSCodeBase 1-L live arm,test567,false
gen-1786738416-1JBVXUKJx7FbTsT16Ywo,2026-08-14 20:13:36.073,0.000007,,,,0,185,12,0,0,qwen/qwen3.7-flash-20260727,Alibaba,standard,false,true,,stop,stop,630,630,MSCodeBase 1-L live arm,test567,false
gen-1786738414-FNuCaWuoIxJ4PSnl4YTe,2026-08-14 20:13:34.840,0.000007,,,,0,186,12,0,0,qwen/qwen3.7-flash-20260727,Alibaba,standard,false,true,,stop,stop,618,618,MSCodeBase 1-L live arm,test567,false
gen-1786738413-VMDfn7Usft7XZftRduFn,2026-08-14 20:13:33.669,0.000007,,,,0,190,12,0,0,qwen/qwen3.7-flash-20260727,Alibaba,standard,false,true,,stop,stop,563,563,MSCodeBase 1-L live arm,test567,false
gen-1786738412-qns1gBUQZw72oUaLRBwU,2026-08-14 20:13:32.209,0.000007,,,,0,184,12,0,0,qwen/qwen3.7-flash-20260727,Alibaba,standard,false,true,,stop,stop,839,839,MSCodeBase 1-L live arm,test567,false
gen-1786738408-LGJDgH6ZzaP2sguy621p,2026-08-14 20:13:28.302,0.000007,,,,0,186,12,0,0,qwen/qwen3.7-flash-20260727,Alibaba,standard,false,true,,stop,stop,789,789,MSCodeBase 1-L live arm,test567,false
gen-1786738407-qQrluO3Y2BxoM1d6nQzc,2026-08-14 20:13:27.014,0.000004,,,,0,121,7,0,0,qwen/qwen3.7-flash-20260727,Alibaba,standard,false,true,,stop,stop,737,737,MSCodeBase 1-L live arm,test567,false
gen-1786738405-UJ6br1Y4YiYcFtmlknkb,2026-08-14 20:13:25.623,0.000005,,,,0,126,12,0,0,qwen/qwen3.7-flash-20260727,Alibaba,standard,false,true,,stop,stop,807,807,MSCodeBase 1-L live arm,test567,false
gen-1786738403-n6k23Hi98Xh96g9AFZoV,2026-08-14 20:13:23.966,0.000004,,,,0,126,7,0,0,qwen/qwen3.7-flash-20260727,Alibaba,standard,false,true,,stop,stop,1052,1052,MSCodeBase 1-L live arm,test567,false
gen-1786738402-pj9fstHi6UlifrkwwyWG,2026-08-14 20:13:22.728,0.000005,,,,0,123,12,0,0,qwen/qwen3.7-flash-20260727,Alibaba,standard,false,true,,stop,stop,647,647,MSCodeBase 1-L live arm,test567,false
gen-1786738401-v47IOIKZivVTxKlRdLx6,2026-08-14 20:13:21.357,0.000005,,,,0,124,12,0,0,qwen/qwen3.7-flash-20260727,Alibaba,standard,false,true,,stop,stop,773,773,MSCodeBase 1-L live arm,test567,false
gen-1786738399-u5GU7zVEfnHQWO4fHoo0,2026-08-14 20:13:19.990,0.000005,,,,0,123,12,0,0,qwen/qwen3.7-flash-20260727,Alibaba,standard,false,true,,stop,stop,789,789,MSCodeBase 1-L live arm,test567,false
gen-1786738398-POA5rYKWjTGlqD6Fpq7c,2026-08-14 20:13:18.605,0.000005,,,,0,126,12,0,0,qwen/qwen3.7-flash-20260727,Alibaba,standard,false,true,,stop,stop,780,780,MSCodeBase 1-L live arm,test567,false
gen-1786738397-ho83e34HkYZ8d4YdXG3t,2026-08-14 20:13:17.318,0.000004,,,,0,120,7,0,0,qwen/qwen3.7-flash-20260727,Alibaba,standard,false,true,,stop,stop,701,701,MSCodeBase 1-L live arm,test567,false
gen-1786738396-JKhFzvgTsJnGFJjsyvRN,2026-08-14 20:13:16.084,0.000005,,,,0,124,12,0,0,qwen/qwen3.7-flash-20260727,Alibaba,standard,false,true,,stop,stop,648,648,MSCodeBase 1-L live arm,test567,false
gen-1786738394-9kDjfT5hh7bO2MhBw5ZY,2026-08-14 20:13:14.849,0.000005,,,,0,123,12,0,0,qwen/qwen3.7-flash-20260727,Alibaba,standard,false,true,,stop,stop,656,656,MSCodeBase 1-L live arm,test567,false
gen-1786738393-xXX6IpU2sVktDKi6mgw6,2026-08-14 20:13:13.690,0.000005,,,,0,124,12,0,0,qwen/qwen3.7-flash-20260727,Alibaba,standard,false,true,,stop,stop,571,571,MSCodeBase 1-L live arm,test567,false
gen-1786738389-hOB1bfeteMtaSIIfprb0,2026-08-14 20:13:09.907,0.000004,,,,0,124,7,0,0,qwen/qwen3.7-flash-20260727,Alibaba,standard,false,true,,stop,stop,561,561,MSCodeBase 1-L live arm,test567,false
gen-1786738388-qIbu2hN2EyBss9gGnXcn,2026-08-14 20:13:08.714,0.000005,,,,0,123,12,0,0,qwen/qwen3.7-flash-20260727,Alibaba,standard,false,true,,stop,stop,588,588,MSCodeBase 1-L live arm,test567,false
gen-1786738387-kOw7hfoJB4VrMydTrYPV,2026-08-14 20:13:07.373,0.000004,,,,0,124,7,0,0,qwen/qwen3.7-flash-20260727,Alibaba,standard,false,true,,stop,stop,715,715,MSCodeBase 1-L live arm,test567,false
gen-1786738383-pU69Oioo98P3uXt2xSkE,2026-08-14 20:13:03.402,0.000005,,,,0,126,12,0,0,qwen/qwen3.7-flash-20260727,Alibaba,standard,false,true,,stop,stop,836,836,MSCodeBase 1-L live arm,test567,false
gen-1786738382-Yvo0Vd0k994l2ovBXBXf,2026-08-14 20:13:01.731,0.000005,,,,0,123,12,0,0,qwen/qwen3.7-flash-20260727,Alibaba,standard,false,true,,stop,stop,753,753,MSCodeBase 1-L live arm,test567,false
gen-1786738380-mYcehaa7xYhjtDLKVyUG,2026-08-14 20:13:00.477,0.000005,,,,0,125,12,0,0,qwen/qwen3.7-flash-20260727,Alibaba,standard,false,true,,stop,stop,675,675,MSCodeBase 1-L live arm,test567,false
gen-1786738379-BVNdVTa4rO8BfSnaa2dc,2026-08-14 20:12:59.108,0.000005,,,,0,125,12,0,0,qwen/qwen3.7-flash-20260727,Alibaba,standard,false,true,,stop,stop,781,781,MSCodeBase 1-L live arm,test567,false
gen-1786738377-QKRt8D317pTHNATzKbgR,2026-08-14 20:12:57.904,0.000005,,,,0,121,12,0,0,qwen/qwen3.7-flash-20260727,Alibaba,standard,false,true,,stop,stop,626,626,MSCodeBase 1-L live arm,test567,false
gen-1786738376-KgeeBRSVR1BY3Nyz90nq,2026-08-14 20:12:56.607,0.000004,,,,0,123,7,0,0,qwen/qwen3.7-flash-20260727,Alibaba,standard,false,true,,stop,stop,710,710,MSCodeBase 1-L live arm,test567,false
gen-1786738375-1ueIsIgEJtQwsRiANQyu,2026-08-14 20:12:55.453,0.000005,,,,0,123,12,0,0,qwen/qwen3.7-flash-20260727,Alibaba,standard,false,true,,stop,stop,578,578,MSCodeBase 1-L live arm,test567,false
gen-1786738374-e0ROU8dV3gAxedKXkGgq,2026-08-14 20:12:54.271,0.000005,,,,0,125,12,0,0,qwen/qwen3.7-flash-20260727,Alibaba,standard,false,true,,stop,stop,606,606,MSCodeBase 1-L live arm,test567,false
gen-1786738373-aPHAVjUTbGpg8IRo5k27,2026-08-14 20:12:53.060,0.000005,,,,0,125,12,0,0,qwen/qwen3.7-flash-20260727,Alibaba,standard,false,true,,stop,stop,635,635,MSCodeBase 1-L live arm,test567,false
gen-1786738371-3JMa47PDl8jwgTR90r8Z,2026-08-14 20:12:51.664,0.000005,,,,0,125,12,0,0,qwen/qwen3.7-flash-20260727,Alibaba,standard,false,true,,stop,stop,815,815,MSCodeBase 1-L live arm,test567,false
gen-1786738369-Wi80XHgRuNF4FLYy5voJ,2026-08-14 20:12:49.878,0.000005,,,,0,125,12,0,0,qwen/qwen3.7-flash-20260727,Alibaba,standard,false,true,,stop,stop,1021,1021,MSCodeBase 1-L live arm,test567,false
gen-1786738368-UlSUUqGL7TfpIirWYDIt,2026-08-14 20:12:48.513,0.000005,,,,0,123,12,0,0,qwen/qwen3.7-flash-20260727,Alibaba,standard,false,true,,stop,stop,771,771,MSCodeBase 1-L live arm,test567,false
gen-1786738367-0ACFvB3U0yVrQGohn1Kr,2026-08-14 20:12:47.146,0.000005,,,,0,125,12,0,0,qwen/qwen3.7-flash-20260727,Alibaba,standard,false,true,,stop,stop,762,762,MSCodeBase 1-L live arm,test567,false
gen-1786738365-3DgTyjX1iUVDAJpRaO9F,2026-08-14 20:12:45.854,0.000005,,,,0,124,12,0,0,qwen/qwen3.7-flash-20260727,Alibaba,standard,false,true,,stop,stop,684,684,MSCodeBase 1-L live arm,test567,false
gen-1786738364-amWN6MrxqfNuPJKoa2PG,2026-08-14 20:12:44.602,0.000005,,,,0,124,12,0,0,qwen/qwen3.7-flash-20260727,Alibaba,standard,false,true,,stop,stop,637,637,MSCodeBase 1-L live arm,test567,false
gen-1786738363-ZEdratR4LwfOc0J9wkux,2026-08-14 20:12:43.335,0.000005,,,,0,125,12,0,0,qwen/qwen3.7-flash-20260727,Alibaba,standard,false,true,,stop,stop,641,641,MSCodeBase 1-L live arm,test567,false
gen-1786738362-GJ5avZX0Eu8HnnQFSNRp,2026-08-14 20:12:42.038,0.000005,,,,0,121,12,0,0,qwen/qwen3.7-flash-20260727,Alibaba,standard,false,true,,stop,stop,667,667,MSCodeBase 1-L live arm,test567,false
gen-1786738360-WBCrbTbGsRnOAYGYxpzX,2026-08-14 20:12:40.771,0.000005,,,,0,125,12,0,0,qwen/qwen3.7-flash-20260727,Alibaba,standard,false,true,,stop,stop,641,641,MSCodeBase 1-L live arm,test567,false
gen-1786738359-2G0Jpos1LESSt5ZgCfbS,2026-08-14 20:12:39.363,0.000005,,,,0,121,12,0,0,qwen/qwen3.7-flash-20260727,Alibaba,standard,false,true,,stop,stop,790,790,MSCodeBase 1-L live arm,test567,false
gen-1786738358-nHU6uduFcrUy2wTxsg3O,2026-08-14 20:12:37.998,0.000005,,,,0,123,12,0,0,qwen/qwen3.7-flash-20260727,Alibaba,standard,false,true,,stop,stop,670,670,MSCodeBase 1-L live arm,test567,false
gen-1786738356-T3a3gY5ClcA5qX9qF8RE,2026-08-14 20:12:36.483,0.000005,,,,0,121,12,0,0,qwen/qwen3.7-flash-20260727,Alibaba,standard,false,true,,stop,stop,913,913,MSCodeBase 1-L live arm,test567,false
gen-1786738355-t88JKNfe9F4EJFGQfauC,2026-08-14 20:12:35.217,0.000005,,,,0,124,11,0,0,qwen/qwen3.7-flash-20260727,Alibaba,standard,false,true,,stop,stop,586,586,MSCodeBase 1-L live arm,test567,false
gen-1786738353-gJfJioKBMAXKMB9EHezR,2026-08-14 20:12:33.975,0.000005,,,,0,122,12,0,0,qwen/qwen3.7-flash-20260727,Alibaba,standard,false,true,,stop,stop,606,606,MSCodeBase 1-L live arm,test567,false
gen-1786738352-5WbgIR5ForYKO38pePfH,2026-08-14 20:12:32.654,0.000005,,,,0,125,12,0,0,qwen/qwen3.7-flash-20260727,Alibaba,standard,false,true,,stop,stop,712,712,MSCodeBase 1-L live arm,test567,false
gen-1786738351-B0tp2yVzSDbRJ0Ah5wbZ,2026-08-14 20:12:31.254,0.000005,,,,0,126,12,0,0,qwen/qwen3.7-flash-20260727,Alibaba,standard,false,true,,stop,stop,795,795,MSCodeBase 1-L live arm,test567,false
gen-1786738349-yVdIZsVXgp6CbC6umzwv,2026-08-14 20:12:29.912,0.000005,,,,0,125,12,0,0,qwen/qwen3.7-flash-20260727,Alibaba,standard,false,true,,stop,stop,737,737,MSCodeBase 1-L live arm,test567,false
gen-1786738348-OICTi0UUppW9kqEwRSrJ,2026-08-14 20:12:28.657,0.000005,,,,0,124,12,0,0,qwen/qwen3.7-flash-20260727,Alibaba,standard,false,true,,stop,stop,638,638,MSCodeBase 1-L live arm,test567,false
gen-1786738347-RGjiu8gi7KorS0nVBOWk,2026-08-14 20:12:27.424,0.000005,,,,0,125,12,0,0,qwen/qwen3.7-flash-20260727,Alibaba,standard,false,true,,stop,stop,633,633,MSCodeBase 1-L live arm,test567,false
gen-1786738345-GgbcJ9BXTi1ZVIKrml3p,2026-08-14 20:12:25.868,0.000005,,,,0,125,12,0,0,qwen/qwen3.7-flash-20260727,Alibaba,standard,false,true,,stop,stop,742,742,MSCodeBase 1-L live arm,test567,false
gen-1786738341-Pz7t9AeNxb5a92QQ1QOA,2026-08-14 20:12:21.878,0.000005,,,,0,123,12,0,0,qwen/qwen3.7-flash-20260727,Alibaba,standard,false,true,,stop,stop,773,773,MSCodeBase 1-L live arm,test567,false
gen-1786738340-Q2hHcO8LiNHuOWfsLSMr,2026-08-14 20:12:20.670,0.000005,,,,0,129,12,0,0,qwen/qwen3.7-flash-20260727,Alibaba,standard,false,true,,stop,stop,567,567,MSCodeBase 1-L live arm,test567,false
gen-1786738339-keCEQed0NdoHowSHietO,2026-08-14 20:12:19.233,0.000005,,,,0,123,12,0,0,qwen/qwen3.7-flash-20260727,Alibaba,standard,false,true,,stop,stop,815,815,MSCodeBase 1-L live arm,test567,false
gen-1786738337-LZptG4J1qtt58tOwlZ2s,2026-08-14 20:12:17.803,0.000005,,,,0,125,12,0,0,qwen/qwen3.7-flash-20260727,Alibaba,standard,false,true,,stop,stop,797,797,MSCodeBase 1-L live arm,test567,false
gen-1786738336-PR1jK6jujYz1Wd6BlRoR,2026-08-14 20:12:16.431,0.000005,,,,0,126,12,0,0,qwen/qwen3.7-flash-20260727,Alibaba,standard,false,true,,stop,stop,752,752,MSCodeBase 1-L live arm,test567,false
gen-1786738334-yHHXkNOyEeo3fejnzqLE,2026-08-14 20:12:14.984,0.000005,,,,0,123,12,0,0,qwen/qwen3.7-flash-20260727,Alibaba,standard,false,true,,stop,stop,834,834,MSCodeBase 1-L live arm,test567,false
gen-1786738333-gT3auPV40NpvHWdIqhcD,2026-08-14 20:12:13.640,0.000005,,,,0,125,12,0,0,qwen/qwen3.7-flash-20260727,Alibaba,standard,false,true,,stop,stop,730,730,MSCodeBase 1-L live arm,test567,false
gen-1786738318-3ANsSBX0jMlHl4nbSJVa,2026-08-14 20:11:58.914,0.000033,,,,0,141,7,0,0,qwen/qwen3.6-flash,Alibaba,standard,false,true,,stop,stop,497,497,MSCodeBase 1-L live arm,test567,false
gen-1786738317-ZqJLE9MGyJnmaigTGdiD,2026-08-14 20:11:57.808,0.000039,,,,0,146,11,0,0,qwen/qwen3.6-flash,Alibaba,standard,false,true,,stop,stop,501,501,MSCodeBase 1-L live arm,test567,false
gen-1786738316-B9vOOovaVdLeGkxLQrc4,2026-08-14 20:11:56.692,0.000039,,,,0,146,11,0,0,qwen/qwen3.6-flash,Alibaba,standard,false,true,,stop,stop,524,524,MSCodeBase 1-L live arm,test567,false
gen-1786738315-vRnPmROtGVWQEkPsWY38,2026-08-14 20:11:55.273,0.000039,,,,0,143,12,0,0,qwen/qwen3.6-flash,Alibaba,standard,false,true,,stop,stop,831,831,MSCodeBase 1-L live arm,test567,false
gen-1786738314-wXqhATAd7fQU44JGGy7M,2026-08-14 20:11:54.111,0.00004,,,,0,144,12,0,0,qwen/qwen3.6-flash,Alibaba,standard,false,true,,stop,stop,542,542,MSCodeBase 1-L live arm,test567,false
gen-1786738312-PJNbn5Ek1tItdUjcXJ14,2026-08-14 20:11:52.995,0.000038,,,,0,143,11,0,0,qwen/qwen3.6-flash,Alibaba,standard,false,true,,stop,stop,505,505,MSCodeBase 1-L live arm,test567,false
gen-1786738311-pAuaIwYK2qMX5zF9AS7K,2026-08-14 20:11:51.882,0.000039,,,,0,146,11,0,0,qwen/qwen3.6-flash,Alibaba,standard,false,true,,stop,stop,491,491,MSCodeBase 1-L live arm,test567,false
gen-1786738310-2kXosoSvyUSH8TaYaVmj,2026-08-14 20:11:50.779,0.000039,,,,0,140,12,0,0,qwen/qwen3.6-flash,Alibaba,standard,false,true,,stop,stop,508,508,MSCodeBase 1-L live arm,test567,false
gen-1786738309-XLshyy7H7rtLqkgXWHA1,2026-08-14 20:11:49.455,0.000039,,,,0,145,11,0,0,qwen/qwen3.6-flash,Alibaba,standard,false,true,,stop,stop,525,525,MSCodeBase 1-L live arm,test567,false
gen-1786738308-NRqPCfc8Bm2xz0u2eFiG,2026-08-14 20:11:48.382,0.000034,,,,0,143,7,0,0,qwen/qwen3.6-flash,Alibaba,standard,false,true,,stop,stop,475,475,MSCodeBase 1-L live arm,test567,false
gen-1786738307-K81062qY6LfjQEnhUMg6,2026-08-14 20:11:47.257,0.000038,,,,0,143,11,0,0,qwen/qwen3.6-flash,Alibaba,standard,false,true,,stop,stop,520,520,MSCodeBase 1-L live arm,test567,false
gen-1786738306-3gfgQKJfuvNXFOSlrtl5,2026-08-14 20:11:46.167,0.000039,,,,0,145,11,0,0,qwen/qwen3.6-flash,Alibaba,standard,false,true,,stop,stop,498,498,MSCodeBase 1-L live arm,test567,false
gen-1786738305-4Fcp7iuHg73kM61O2cU6,2026-08-14 20:11:45.084,0.000034,,,,0,143,7,0,0,qwen/qwen3.6-flash,Alibaba,standard,false,true,,stop,stop,474,474,MSCodeBase 1-L live arm,test567,false
gen-1786738303-24QEMEJ2dCBYjSPT7VN3,2026-08-14 20:11:43.957,0.00004,,,,0,144,12,0,0,qwen/qwen3.6-flash,Alibaba,standard,false,true,,stop,stop,509,509,MSCodeBase 1-L live arm,test567,false
gen-1786738302-GmVNMVPSRYlEBGgFyLKS,2026-08-14 20:11:42.877,0.000039,,,,0,146,11,0,0,qwen/qwen3.6-flash,Alibaba,standard,false,true,,stop,stop,490,490,MSCodeBase 1-L live arm,test567,false
gen-1786738301-hDP2UBCX4g9uuJY9XVGW,2026-08-14 20:11:41.743,0.000038,,,,0,143,11,0,0,qwen/qwen3.6-flash,Alibaba,standard,false,true,,stop,stop,518,518,MSCodeBase 1-L live arm,test567,false
gen-1786738300-qNIGPzh5sgonyeXhPWrq,2026-08-14 20:11:40.588,0.000039,,,,0,145,11,0,0,qwen/qwen3.6-flash,Alibaba,standard,false,true,,stop,stop,526,526,MSCodeBase 1-L live arm,test567,false
gen-1786738299-DHg8GKPodRiJ3pp9X8kl,2026-08-14 20:11:39.473,0.000039,,,,0,145,11,0,0,qwen/qwen3.6-flash,Alibaba,standard,false,true,,stop,stop,500,500,MSCodeBase 1-L live arm,test567,false
gen-1786738298-jJlRvpb6FRoFoDSSupuW,2026-08-14 20:11:38.322,0.000039,,,,0,141,12,0,0,qwen/qwen3.6-flash,Alibaba,standard,false,true,,stop,stop,522,522,MSCodeBase 1-L live arm,test567,false
gen-1786738297-lnvGcOOLC0bEK1xioVIw,2026-08-14 20:11:37.122,0.000039,,,,0,143,12,0,0,qwen/qwen3.6-flash,Alibaba,standard,false,true,,stop,stop,510,510,MSCodeBase 1-L live arm,test567,false
gen-1786738295-8S9UuQk7NbGchJRxGjjc,2026-08-14 20:11:35.981,0.000039,,,,0,143,12,0,0,qwen/qwen3.6-flash,Alibaba,standard,false,true,,stop,stop,526,526,MSCodeBase 1-L live arm,test567,false
gen-1786738294-IzGsXEeN4LCcfEFV6Qti,2026-08-14 20:11:34.876,0.000034,,,,0,146,7,0,0,qwen/qwen3.6-flash,Alibaba,standard,false,true,,stop,stop,475,475,MSCodeBase 1-L live arm,test567,false
gen-1786738293-XT8F1k2g6zv5lLWV61Rn,2026-08-14 20:11:33.710,0.00004,,,,0,145,12,0,0,qwen/qwen3.6-flash,Alibaba,standard,false,true,,stop,stop,536,536,MSCodeBase 1-L live arm,test567,false
gen-1786738292-bx6tXOlxWh9JqhGRSvSJ,2026-08-14 20:11:32.400,0.000039,,,,0,146,11,0,0,qwen/qwen3.6-flash,Alibaba,standard,false,true,,stop,stop,690,690,MSCodeBase 1-L live arm,test567,false
gen-1786738291-pzRDcYoDvpAiYG8vftYm,2026-08-14 20:11:31.313,0.000034,,,,0,144,7,0,0,qwen/qwen3.6-flash,Alibaba,standard,false,true,,stop,stop,484,484,MSCodeBase 1-L live arm,test567,false
gen-1786738290-T71YGMyXIoujFldWtONE,2026-08-14 20:11:30.169,0.000038,,,,0,143,11,0,0,qwen/qwen3.6-flash,Alibaba,standard,false,true,,stop,stop,529,529,MSCodeBase 1-L live arm,test567,false
gen-1786738289-l2cZZwDIoKme8njlInRM,2026-08-14 20:11:29.071,0.00004,,,,0,146,12,0,0,qwen/qwen3.6-flash,Alibaba,standard,false,true,,stop,stop,503,503,MSCodeBase 1-L live arm,test567,false
gen-1786738287-zzjV6uTVTbiKtLWHoI21,2026-08-14 20:11:27.961,0.00004,,,,0,146,12,0,0,qwen/qwen3.6-flash,Alibaba,standard,false,true,,stop,stop,516,516,MSCodeBase 1-L live arm,test567,false
gen-1786738286-tXRkWDU2fCCwIv2UTyP7,2026-08-14 20:11:26.903,0.000034,,,,0,145,7,0,0,qwen/qwen3.6-flash,Alibaba,standard,false,true,,stop,stop,463,463,MSCodeBase 1-L live arm,test567,false
gen-1786738285-OJ48FG9OqB667ZVweF7b,2026-08-14 20:11:25.781,0.00004,,,,0,145,12,0,0,qwen/qwen3.6-flash,Alibaba,standard,false,true,,stop,stop,516,516,MSCodeBase 1-L live arm,test567,false
gen-1786738284-SQc1iptVfWOXWVBDmSAP,2026-08-14 20:11:24.717,0.000033,,,,0,141,7,0,0,qwen/qwen3.6-flash,Alibaba,standard,false,true,,stop,stop,466,466,MSCodeBase 1-L live arm,test567,false
gen-1786738283-ECHGEvsantglXsKCACfZ,2026-08-14 20:11:23.612,0.000039,,,,0,146,11,0,0,qwen/qwen3.6-flash,Alibaba,standard,false,true,,stop,stop,503,503,MSCodeBase 1-L live arm,test567,false
gen-1786738282-o1xMl5AImIVpIMHn1TMM,2026-08-14 20:11:22.454,0.000039,,,,0,141,12,0,0,qwen/qwen3.6-flash,Alibaba,standard,false,true,,stop,stop,507,507,MSCodeBase 1-L live arm,test567,false
gen-1786738281-LsAhDURPORJmnxJ2ft38,2026-08-14 20:11:21.265,0.000039,,,,0,143,12,0,0,qwen/qwen3.6-flash,Alibaba,standard,false,true,,stop,stop,498,498,MSCodeBase 1-L live arm,test567,false
gen-1786738280-0JTgOB0e6TgGhG2MHdwD,2026-08-14 20:11:20.129,0.000039,,,,0,140,12,0,0,qwen/qwen3.6-flash,Alibaba,standard,false,true,,stop,stop,522,522,MSCodeBase 1-L live arm,test567,false
gen-1786738278-Z2RGXGs8SfxN1r22xwgP,2026-08-14 20:11:18.793,0.00004,,,,0,144,12,0,0,qwen/qwen3.6-flash,Alibaba,standard,false,true,,stop,stop,509,509,MSCodeBase 1-L live arm,test567,false
gen-1786738277-nWfRz4vAkQ5t0Fw9JTdZ,2026-08-14 20:11:17.668,0.000038,,,,0,143,11,0,0,qwen/qwen3.6-flash,Alibaba,standard,false,true,,stop,stop,515,515,MSCodeBase 1-L live arm,test567,false
gen-1786738276-y5WwctXOjgUVlkSozuVy,2026-08-14 20:11:16.512,0.00004,,,,0,144,12,0,0,qwen/qwen3.6-flash,Alibaba,standard,false,true,,stop,stop,525,525,MSCodeBase 1-L live arm,test567,false
gen-1786738275-WNZZCL3PcfP0oPvDHq4Y,2026-08-14 20:11:15.441,0.000035,,,,0,148,7,0,0,qwen/qwen3.6-flash,Alibaba,standard,false,true,,stop,stop,487,487,MSCodeBase 1-L live arm,test567,false
gen-1786738274-s47d1mnHUdMeyG9ChMhr,2026-08-14 20:11:14.311,0.00004,,,,0,144,12,0,0,qwen/qwen3.6-flash,Alibaba,standard,false,true,,stop,stop,516,516,MSCodeBase 1-L live arm,test567,false
gen-1786738273-zDA27YD1UDX05TkYcl7I,2026-08-14 20:11:13.172,0.000039,,,,0,143,12,0,0,qwen/qwen3.6-flash,Alibaba,standard,false,true,,stop,stop,526,526,MSCodeBase 1-L live arm,test567,false
gen-1786738272-F78wMie6lfY8yBplNMSy,2026-08-14 20:11:12.036,0.000039,,,,0,145,11,0,0,qwen/qwen3.6-flash,Alibaba,standard,false,true,,stop,stop,519,519,MSCodeBase 1-L live arm,test567,false
gen-1786738270-bAXOASNQAI7tD9FJSiGH,2026-08-14 20:11:10.900,0.00004,,,,0,148,12,0,0,qwen/qwen3.6-flash,Alibaba,standard,false,true,,stop,stop,534,534,MSCodeBase 1-L live arm,test567,false
gen-1786738269-IzIsWrpiI8MsWEbnGs5v,2026-08-14 20:11:09.752,0.00004,,,,0,146,12,0,0,qwen/qwen3.6-flash,Alibaba,standard,false,true,,stop,stop,522,522,MSCodeBase 1-L live arm,test567,false
gen-1786738268-0skpq6QCCMkrffeIt9V2,2026-08-14 20:11:08.509,0.000041,,,,0,157,11,0,0,qwen/qwen3.6-flash,Alibaba,standard,false,true,,stop,stop,646,646,MSCodeBase 1-L live arm,test567,false
gen-1786738267-4ewVN5Q4CyX67REEMCyS,2026-08-14 20:11:07.390,0.000041,,,,0,150,12,0,0,qwen/qwen3.6-flash,Alibaba,standard,false,true,,stop,stop,510,510,MSCodeBase 1-L live arm,test567,false
gen-1786738266-d6BfIkiLObP0TdMl9dfo,2026-08-14 20:11:06.245,0.000041,,,,0,151,12,0,0,qwen/qwen3.6-flash,Alibaba,standard,false,true,,stop,stop,534,534,MSCodeBase 1-L live arm,test567,false
gen-1786738265-E0kKkVgaRxFPrrUkqY5U,2026-08-14 20:11:05.117,0.000042,,,,0,155,12,0,0,qwen/qwen3.6-flash,Alibaba,standard,false,true,,stop,stop,518,518,MSCodeBase 1-L live arm,test567,false
gen-1786738264-Nq3jRbSGl9uIUWoF8956,2026-08-14 20:11:03.999,0.000039,,,,0,149,11,0,0,qwen/qwen3.6-flash,Alibaba,standard,false,true,,stop,stop,505,505,MSCodeBase 1-L live arm,test567,false
gen-1786738262-06SJ86rPGP6faNqdHGyg,2026-08-14 20:11:02.851,0.00004,,,,0,151,11,0,0,qwen/qwen3.6-flash,Alibaba,standard,false,true,,stop,stop,519,519,MSCodeBase 1-L live arm,test567,false
gen-1786738262-ywtyVU6gfUb5mdPAupnX,2026-08-14 20:11:02.056,0.000027,,,,0,104,7,0,0,qwen/qwen3.6-flash,Alibaba,standard,false,true,,stop,stop,494,494,MSCodeBase 1-L live arm,test567,false
gen-1786738260-FHOKM0jdSvrFW4I6kVyN,2026-08-14 20:11:00.936,0.000033,,,,0,109,12,0,0,qwen/qwen3.6-flash,Alibaba,standard,false,true,,stop,stop,503,503,MSCodeBase 1-L live arm,test567,false
gen-1786738259-jJ3Fmi0E3nVIFZpYukQU,2026-08-14 20:10:59.778,0.000033,,,,0,109,12,0,0,qwen/qwen3.6-flash,Alibaba,standard,false,true,,stop,stop,527,527,MSCodeBase 1-L live arm,test567,false
gen-1786738258-jR4nmQMA3wqRSAHnqBhs,2026-08-14 20:10:58.630,0.000031,,,,0,106,11,0,0,qwen/qwen3.6-flash,Alibaba,standard,false,true,,stop,stop,507,507,MSCodeBase 1-L live arm,test567,false
gen-1786738257-yntA7uSsZij8z8tkMMX9,2026-08-14 20:10:57.502,0.000033,,,,0,107,12,0,0,qwen/qwen3.6-flash,Alibaba,standard,false,true,,stop,stop,526,526,MSCodeBase 1-L live arm,test567,false
gen-1786738256-T61X8OYmN80ssUxZIWHC,2026-08-14 20:10:56.389,0.000033,,,,0,106,12,0,0,qwen/qwen3.6-flash,Alibaba,standard,false,true,,stop,stop,506,506,MSCodeBase 1-L live arm,test567,false
gen-1786738255-e4l0Btd0WNbZimc56zr7,2026-08-14 20:10:55.214,0.000033,,,,0,109,12,0,0,qwen/qwen3.6-flash,Alibaba,standard,false,true,,stop,stop,521,521,MSCodeBase 1-L live arm,test567,false
gen-1786738253-8qmFcWmuRfZhpEVP7koT,2026-08-14 20:10:53.714,0.000031,,,,0,103,11,0,0,qwen/qwen3.6-flash,Alibaba,standard,false,true,,stop,stop,766,766,MSCodeBase 1-L live arm,test567,false
gen-1786738252-eiqmomxfyy75U0acmZJ1,2026-08-14 20:10:52.607,0.000027,,,,0,107,7,0,0,qwen/qwen3.6-flash,Alibaba,standard,false,true,,stop,stop,499,499,MSCodeBase 1-L live arm,test567,false
gen-1786738251-5LSkQj5WCveatVCNFLE2,2026-08-14 20:10:51.401,0.000033,,,,0,106,12,0,0,qwen/qwen3.6-flash,Alibaba,standard,false,true,,stop,stop,583,583,MSCodeBase 1-L live arm,test567,false
gen-1786738250-DPu0Eusydh1LrmaIGCwy,2026-08-14 20:10:50.260,0.000033,,,,0,107,12,0,0,qwen/qwen3.6-flash,Alibaba,standard,false,true,,stop,stop,525,525,MSCodeBase 1-L live arm,test567,false
gen-1786738249-ydk5D7j3pXB26UyB8p3W,2026-08-14 20:10:49.137,0.000032,,,,0,107,11,0,0,qwen/qwen3.6-flash,Alibaba,standard,false,true,,stop,stop,508,508,MSCodeBase 1-L live arm,test567,false
gen-1786738248-nMhOhdQRKKjCehUXKarE,2026-08-14 20:10:48.039,0.000031,,,,0,106,11,0,0,qwen/qwen3.6-flash,Alibaba,standard,false,true,,stop,stop,496,496,MSCodeBase 1-L live arm,test567,false
gen-1786738246-V1WoHHoLOCByhRssIoTr,2026-08-14 20:10:46.894,0.000027,,,,0,107,7,0,0,qwen/qwen3.6-flash,Alibaba,standard,false,true,,stop,stop,529,529,MSCodeBase 1-L live arm,test567,false
gen-1786738245-QSZuceIhm4VRvQIxCk5a,2026-08-14 20:10:45.785,0.000033,,,,0,109,12,0,0,qwen/qwen3.6-flash,Alibaba,standard,false,true,,stop,stop,508,508,MSCodeBase 1-L live arm,test567,false
gen-1786738244-a76OLD0awZCULkCpJImf,2026-08-14 20:10:44.721,0.000027,,,,0,106,7,0,0,qwen/qwen3.6-flash,Alibaba,standard,false,true,,stop,stop,477,477,MSCodeBase 1-L live arm,test567,false
gen-1786738243-q7B8udHyRQAucMYbeMl9,2026-08-14 20:10:43.610,0.000033,,,,0,108,12,0,0,qwen/qwen3.6-flash,Alibaba,standard,false,true,,stop,stop,301,301,MSCodeBase 1-L live arm,test567,false
gen-1786738242-zBMxhobtogdZm0LD2BuX,2026-08-14 20:10:42.485,0.000033,,,,0,108,12,0,0,qwen/qwen3.6-flash,Alibaba,standard,false,true,,stop,stop,516,516,MSCodeBase 1-L live arm,test567,false
gen-1786738241-YBukGae4SPmaBFnb08dn,2026-08-14 20:10:41.383,0.000032,,,,0,104,12,0,0,qwen/qwen3.6-flash,Alibaba,standard,false,true,,stop,stop,510,510,MSCodeBase 1-L live arm,test567,false
gen-1786738240-u982ThwNf6dBESZiKg68,2026-08-14 20:10:40.278,0.000027,,,,0,106,7,0,0,qwen/qwen3.6-flash,Alibaba,standard,false,true,,stop,stop,473,473,MSCodeBase 1-L live arm,test567,false
gen-1786738239-gnOm0cBJ85vluf0zQbyi,2026-08-14 20:10:39.074,0.000033,,,,0,106,12,0,0,qwen/qwen3.6-flash,Alibaba,standard,false,true,,stop,stop,578,578,MSCodeBase 1-L live arm,test567,false
gen-1786738237-B590aBIj8mpPfkMARBA5,2026-08-14 20:10:37.967,0.000033,,,,0,108,12,0,0,qwen/qwen3.6-flash,Alibaba,standard,false,true,,stop,stop,509,509,MSCodeBase 1-L live arm,test567,false
gen-1786738236-mUe5fBHfihHpLqDVU2yx,2026-08-14 20:10:36.860,0.000033,,,,0,108,12,0,0,qwen/qwen3.6-flash,Alibaba,standard,false,true,,stop,stop,519,519,MSCodeBase 1-L live arm,test567,false
gen-1786738235-WpNlgwMwtEaqaUMxM60r,2026-08-14 20:10:35.698,0.000033,,,,0,108,12,0,0,qwen/qwen3.6-flash,Alibaba,standard,false,true,,stop,stop,520,520,MSCodeBase 1-L live arm,test567,false
gen-1786738234-LB4zzAhj8zulXQtGkwfu,2026-08-14 20:10:34.592,0.000032,,,,0,108,11,0,0,qwen/qwen3.6-flash,Alibaba,standard,false,true,,stop,stop,508,508,MSCodeBase 1-L live arm,test567,false
gen-1786738233-qH3v1wfThVmONLplt5WG,2026-08-14 20:10:33.511,0.000027,,,,0,106,7,0,0,qwen/qwen3.6-flash,Alibaba,standard,false,true,,stop,stop,479,479,MSCodeBase 1-L live arm,test567,false
gen-1786738232-Aj4S0vF7dj9NoYevUZxu,2026-08-14 20:10:32.376,0.000033,,,,0,108,12,0,0,qwen/qwen3.6-flash,Alibaba,standard,false,true,,stop,stop,505,505,MSCodeBase 1-L live arm,test567,false
gen-1786738231-QpLKSyYNNCHFLUha4BVk,2026-08-14 20:10:31.260,0.000032,,,,0,107,11,0,0,qwen/qwen3.6-flash,Alibaba,standard,false,true,,stop,stop,506,506,MSCodeBase 1-L live arm,test567,false
gen-1786738230-cD65cRM0fxjW6ZlIX20w,2026-08-14 20:10:30.096,0.000033,,,,0,107,12,0,0,qwen/qwen3.6-flash,Alibaba,standard,false,true,,stop,stop,523,523,MSCodeBase 1-L live arm,test567,false
gen-1786738228-aZqHoseeT2e0Sro4WmxB,2026-08-14 20:10:28.962,0.000032,,,,0,108,11,0,0,qwen/qwen3.6-flash,Alibaba,standard,false,true,,stop,stop,521,521,MSCodeBase 1-L live arm,test567,false
gen-1786738227-Ld3zcMghiVpwzP256E2S,2026-08-14 20:10:27.780,0.000032,,,,0,104,12,0,0,qwen/qwen3.6-flash,Alibaba,standard,false,true,,stop,stop,574,574,MSCodeBase 1-L live arm,test567,false
gen-1786738226-F0xQz5JHJqcm6oY42x7Z,2026-08-14 20:10:26.648,0.000033,,,,0,108,12,0,0,qwen/qwen3.6-flash,Alibaba,standard,false,true,,stop,stop,510,510,MSCodeBase 1-L live arm,test567,false
gen-1786738225-rGJ2Sd011u1ETtuw2mXE,2026-08-14 20:10:25.513,0.000032,,,,0,104,12,0,0,qwen/qwen3.6-flash,Alibaba,standard,false,true,,stop,stop,516,516,MSCodeBase 1-L live arm,test567,false
gen-1786738224-WaEtmKrZBuIJUnsbAvZk,2026-08-14 20:10:24.396,0.000027,,,,0,106,7,0,0,qwen/qwen3.6-flash,Alibaba,standard,false,true,,stop,stop,501,501,MSCodeBase 1-L live arm,test567,false
gen-1786738223-pf2EeMZm4YtjT5698aAr,2026-08-14 20:10:23.269,0.000031,,,,0,104,11,0,0,qwen/qwen3.6-flash,Alibaba,standard,false,true,,stop,stop,491,491,MSCodeBase 1-L live arm,test567,false
gen-1786738222-8POb5onSYTsjBAyMF200,2026-08-14 20:10:22.155,0.000032,,,,0,107,11,0,0,qwen/qwen3.6-flash,Alibaba,standard,false,true,,stop,stop,506,506,MSCodeBase 1-L live arm,test567,false
gen-1786738221-0WsM2i4JzgXdmKkvOmTC,2026-08-14 20:10:21.032,0.000032,,,,0,105,12,0,0,qwen/qwen3.6-flash,Alibaba,standard,false,true,,stop,stop,505,505,MSCodeBase 1-L live arm,test567,false
gen-1786738219-gc8L1CnV4VCBcJv1Wuqd,2026-08-14 20:10:19.886,0.000027,,,,0,108,7,0,0,qwen/qwen3.6-flash,Alibaba,standard,false,true,,stop,stop,532,532,MSCodeBase 1-L live arm,test567,false
gen-1786738218-dZ8ZXAIVgmGKdn3tF0VD,2026-08-14 20:10:18.815,0.000028,,,,0,109,7,0,0,qwen/qwen3.6-flash,Alibaba,standard,false,true,,stop,stop,474,474,MSCodeBase 1-L live arm,test567,false
gen-1786738217-z6IRVBobUG3kZh5UX4RJ,2026-08-14 20:10:16.619,0.000032,,,,0,108,11,0,0,qwen/qwen3.6-flash,Alibaba,standard,false,true,,stop,stop,587,587,MSCodeBase 1-L live arm,test567,false
gen-1786738215-ViWK3vJj07pqMYv3RchH,2026-08-14 20:10:15.519,0.000032,,,,0,107,11,0,0,qwen/qwen3.6-flash,Alibaba,standard,false,true,,stop,stop,507,507,MSCodeBase 1-L live arm,test567,false
gen-1786738214-K2FREiTD6RhfyCImHjl3,2026-08-14 20:10:14.409,0.000032,,,,0,108,11,0,0,qwen/qwen3.6-flash,Alibaba,standard,false,true,,stop,stop,490,490,MSCodeBase 1-L live arm,test567,false
gen-1786738213-lUitbjHfL2vV4oDCmUVk,2026-08-14 20:10:13.302,0.000033,,,,0,108,12,0,0,qwen/qwen3.6-flash,Alibaba,standard,false,true,,stop,stop,488,488,MSCodeBase 1-L live arm,test567,false
gen-1786738212-hMReh6xLUG9IqFoL2ts4,2026-08-14 20:10:12.051,0.000033,,,,0,106,12,0,0,qwen/qwen3.6-flash,Alibaba,standard,false,true,,stop,stop,624,624,MSCodeBase 1-L live arm,test567,false
gen-1786738210-ZQ8c9LTuo5wDdv8c7RmN,2026-08-14 20:10:10.963,0.000033,,,,0,112,11,0,0,qwen/qwen3.6-flash,Alibaba,standard,false,true,,stop,stop,484,484,MSCodeBase 1-L live arm,test567,false
gen-1786738209-p2PTslYxLRtQ0ciK74k4,2026-08-14 20:10:09.819,0.000031,,,,0,106,11,0,0,qwen/qwen3.6-flash,Alibaba,standard,false,true,,stop,stop,514,514,MSCodeBase 1-L live arm,test567,false
gen-1786738208-siDwXGrTjKLdzXomkc3X,2026-08-14 20:10:08.709,0.000033,,,,0,108,12,0,0,qwen/qwen3.6-flash,Alibaba,standard,false,true,,stop,stop,478,478,MSCodeBase 1-L live arm,test567,false
gen-1786738207-eMy7ll3RSQchs91ZI9nB,2026-08-14 20:10:07.546,0.000033,,,,0,109,12,0,0,qwen/qwen3.6-flash,Alibaba,standard,false,true,,stop,stop,540,540,MSCodeBase 1-L live arm,test567,false
gen-1786738206-O3cKOu1WuPKvImh7fRT9,2026-08-14 20:10:06.417,0.000033,,,,0,106,12,0,0,qwen/qwen3.6-flash,Alibaba,standard,false,true,,stop,stop,516,516,MSCodeBase 1-L live arm,test567,false
gen-1786738205-6zRkFj8MJEyMQUNRkXeL,2026-08-14 20:10:05.298,0.000033,,,,0,108,12,0,0,qwen/qwen3.6-flash,Alibaba,standard,false,true,,stop,stop,495,495,MSCodeBase 1-L live arm,test567,false
gen-1786738202-J1BXowpv2J45xdJN1VRY,2026-08-14 20:10:02.409,0.000009,,,,0,128,8,0,0,deepseek/deepseek-v4-flash-20260423,DigitalOcean,standard,false,true,,stop,stop,2582,2582,MSCodeBase 1-L live arm,test567,false
gen-1786738200-9NQUhMkOYbUiD7OCHuBM,2026-08-14 20:10:00.923,0.00001,,,,0,134,8,0,0,deepseek/deepseek-v4-flash-20260423,DigitalOcean,standard,false,true,,stop,stop,857,857,MSCodeBase 1-L live arm,test567,false
gen-1786738199-bAWai5MunhTfuJ6baK5N,2026-08-14 20:09:59.234,0.00001,,,,0,135,8,0,0,deepseek/deepseek-v4-flash-20260423,DigitalOcean,standard,false,true,,stop,stop,1066,1066,MSCodeBase 1-L live arm,test567,false
gen-1786738197-4lTmp1o4EkP3jFT079Tz,2026-08-14 20:09:57.726,0.00001,,,,0,134,8,0,0,deepseek/deepseek-v4-flash-20260423,DigitalOcean,standard,false,true,,stop,stop,896,896,MSCodeBase 1-L live arm,test567,false
gen-1786738195-humtAHkSkP7CGe8b9soH,2026-08-14 20:09:55.886,0.00001,,,,0,132,8,0,0,deepseek/deepseek-v4-flash-20260423,DigitalOcean,standard,false,true,,stop,stop,1214,1214,MSCodeBase 1-L live arm,test567,false
gen-1786738193-Yc2Vz6fLV245l4oWnx0r,2026-08-14 20:09:53.733,0.00001,,,,0,130,8,0,0,deepseek/deepseek-v4-flash-20260423,DigitalOcean,standard,false,true,,stop,stop,1531,1531,MSCodeBase 1-L live arm,test567,false
gen-1786738191-Yz0xatBPQNeMT0C6sSk8,2026-08-14 20:09:51.151,0.00001,,,,0,135,8,0,0,deepseek/deepseek-v4-flash-20260423,DigitalOcean,standard,false,true,,stop,stop,1959,1959,MSCodeBase 1-L live arm,test567,false
gen-1786738187-rXNhn0TOoe0hDvlIlUdm,2026-08-14 20:09:47.548,0.000009,,,,0,127,8,0,0,deepseek/deepseek-v4-flash-20260423,DigitalOcean,standard,false,true,,stop,stop,3008,3008,MSCodeBase 1-L live arm,test567,false
gen-1786738185-3vXU1Y7XolFOMhU0wsYD,2026-08-14 20:09:45.303,0.00001,,,,0,134,8,0,0,deepseek/deepseek-v4-flash-20260423,DigitalOcean,standard,false,true,,stop,stop,1534,1534,MSCodeBase 1-L live arm,test567,false
gen-1786738181-g42g8KZTVq8TDWgJcoHU,2026-08-14 20:09:41.431,0.00001,,,,0,131,8,0,0,deepseek/deepseek-v4-flash-20260423,DigitalOcean,standard,false,true,,stop,stop,3279,3279,MSCodeBase 1-L live arm,test567,false
gen-1786738179-DU8irD79fmmcExiiAtO9,2026-08-14 20:09:39.727,0.00001,,,,0,132,8,0,0,deepseek/deepseek-v4-flash-20260423,DigitalOcean,standard,false,true,,stop,stop,1127,1127,MSCodeBase 1-L live arm,test567,false
gen-1786738175-55yfCVabOevqnlYXgueu,2026-08-14 20:09:35.586,0.00001,,,,0,133,9,0,0,deepseek/deepseek-v4-flash-20260423,DigitalOcean,standard,false,true,,stop,stop,3549,3549,MSCodeBase 1-L live arm,test567,false
gen-1786738170-fL83E3aiChKISJHaKrTM,2026-08-14 20:09:30.737,0.00001,,,,0,133,8,0,0,deepseek/deepseek-v4-flash-20260423,DigitalOcean,standard,false,true,,stop,stop,4274,4274,MSCodeBase 1-L live arm,test567,false
gen-1786738169-w1y4UrvOTOHlrEginKEJ,2026-08-14 20:09:29.498,0.00001,,,,0,132,8,0,0,deepseek/deepseek-v4-flash-20260423,DigitalOcean,standard,false,true,,stop,stop,656,656,MSCodeBase 1-L live arm,test567,false
gen-1786738165-toUqopttZ3xKcnksjGYe,2026-08-14 20:09:25.574,0.00001,,,,0,135,8,0,0,deepseek/deepseek-v4-flash-20260423,DigitalOcean,standard,false,true,,stop,stop,3349,3349,MSCodeBase 1-L live arm,test567,false
gen-1786738161-fzQBxKy2JCwBfgHBjCBS,2026-08-14 20:09:21.434,0.00001,,,,0,131,8,0,0,deepseek/deepseek-v4-flash-20260423,DigitalOcean,standard,false,true,,stop,stop,3567,3567,MSCodeBase 1-L live arm,test567,false
gen-1786738159-Vg4tSZD5vItCqoFfMmRp,2026-08-14 20:09:19.321,0.00001,,,,0,133,8,0,0,deepseek/deepseek-v4-flash-20260423,DigitalOcean,standard,false,true,,stop,stop,1536,1536,MSCodeBase 1-L live arm,test567,false
gen-1786738157-0rFPXxZxS4zMju8X6gSU,2026-08-14 20:09:17.548,0.00001,,,,0,135,8,0,0,deepseek/deepseek-v4-flash-20260423,DigitalOcean,standard,false,true,,stop,stop,1183,1183,MSCodeBase 1-L live arm,test567,false
gen-1786738152-IWEzx8IiVjqjiK5P1JWl,2026-08-14 20:09:12.704,0.00001,,,,0,130,8,0,0,deepseek/deepseek-v4-flash-20260423,DigitalOcean,standard,false,true,,stop,stop,4262,4262,MSCodeBase 1-L live arm,test567,false
gen-1786738148-pJzMFpX24jOhXgqGgfSb,2026-08-14 20:09:08.026,0.00001,,,,0,131,8,0,0,deepseek/deepseek-v4-flash-20260423,DigitalOcean,standard,false,true,,stop,stop,4105,4105,MSCodeBase 1-L live arm,test567,false
gen-1786738139-mCzD9Dr4KwLIvznv3T0b,2026-08-14 20:08:59.327,0.00001,,,,0,132,8,0,0,deepseek/deepseek-v4-flash-20260423,DigitalOcean,standard,false,true,,stop,stop,8121,8121,MSCodeBase 1-L live arm,test567,false
gen-1786738137-BtRCekMuP2HdsZn6naA4,2026-08-14 20:08:57.588,0.00001,,,,0,136,8,0,0,deepseek/deepseek-v4-flash-20260423,DigitalOcean,standard,false,true,,stop,stop,1166,1166,MSCodeBase 1-L live arm,test567,false
gen-1786738135-GLJFkJOG7mKVlvPPFJQm,2026-08-14 20:08:55.047,0.00001,,,,0,133,8,0,0,deepseek/deepseek-v4-flash-20260423,DigitalOcean,standard,false,true,,stop,stop,1972,1972,MSCodeBase 1-L live arm,test567,false
gen-1786738133-ZvszbIeuqhuQEj7ta1mw,2026-08-14 20:08:53.087,0.00001,,,,0,135,8,0,0,deepseek/deepseek-v4-flash-20260423,DigitalOcean,standard,false,true,,stop,stop,1368,1368,MSCodeBase 1-L live arm,test567,false
gen-1786738131-js55e7eHbhshBWXK6EGK,2026-08-14 20:08:51.396,0.00001,,,,0,133,8,0,0,deepseek/deepseek-v4-flash-20260423,DigitalOcean,standard,false,true,,stop,stop,1119,1119,MSCodeBase 1-L live arm,test567,false
gen-1786738126-RUbPEiUGRM6mhoUNhV5L,2026-08-14 20:08:46.935,0.00001,,,,0,131,8,0,0,deepseek/deepseek-v4-flash-20260423,DigitalOcean,standard,false,true,,stop,stop,3879,3879,MSCodeBase 1-L live arm,test567,false
gen-1786738123-VPqVpVrQrHBwUzUGZQ2H,2026-08-14 20:08:43.889,0.00001,,,,0,133,8,0,0,deepseek/deepseek-v4-flash-20260423,DigitalOcean,standard,false,true,,stop,stop,2454,2454,MSCodeBase 1-L live arm,test567,false
gen-1786738122-Ylkv0fKJxSFzoVZDL0pw,2026-08-14 20:08:42.477,0.00001,,,,0,135,8,0,0,deepseek/deepseek-v4-flash-20260423,DigitalOcean,standard,false,true,,stop,stop,819,819,MSCodeBase 1-L live arm,test567,false
gen-1786738119-LLQkdiIMhfPAaEou0O5P,2026-08-14 20:08:39.005,0.00001,,,,0,132,8,0,0,deepseek/deepseek-v4-flash-20260423,DigitalOcean,standard,false,true,,stop,stop,2879,2879,MSCodeBase 1-L live arm,test567,false
gen-1786738115-gCEnh8cb3tavsseSzOia,2026-08-14 20:08:35.094,0.00001,,,,0,133,8,0,0,deepseek/deepseek-v4-flash-20260423,DigitalOcean,standard,false,true,,stop,stop,3325,3325,MSCodeBase 1-L live arm,test567,false
gen-1786738110-bcL2hsTLT5OsktdCZ0EV,2026-08-14 20:08:30.219,0.00001,,,,0,129,8,0,0,deepseek/deepseek-v4-flash-20260423,DigitalOcean,standard,false,true,,stop,stop,4295,4295,MSCodeBase 1-L live arm,test567,false
gen-1786738108-q6V0iJJVY4HfIk3vsAxx,2026-08-14 20:08:28.541,0.00001,,,,0,133,8,0,0,deepseek/deepseek-v4-flash-20260423,DigitalOcean,standard,false,true,,stop,stop,1101,1101,MSCodeBase 1-L live arm,test567,false
gen-1786738105-PI6gJOLfo4I9Nt0iW8LO,2026-08-14 20:08:25.068,0.000009,,,,0,128,8,0,0,deepseek/deepseek-v4-flash-20260423,DigitalOcean,standard,false,true,,stop,stop,2895,2895,MSCodeBase 1-L live arm,test567,false
gen-1786738103-hJGqhr6yOl7lZyEv336Y,2026-08-14 20:08:23.693,0.00001,,,,0,131,8,0,0,deepseek/deepseek-v4-flash-20260423,DigitalOcean,standard,false,true,,stop,stop,677,677,MSCodeBase 1-L live arm,test567,false
gen-1786738101-SXVpYt9GYKbsrrO7NjFm,2026-08-14 20:08:21.963,0.000009,,,,0,128,8,0,0,deepseek/deepseek-v4-flash-20260423,DigitalOcean,standard,false,true,,stop,stop,1139,1139,MSCodeBase 1-L live arm,test567,false
gen-1786738100-kUfdo4FWQebWeeezqwBa,2026-08-14 20:08:20.430,0.00001,,,,0,130,8,0,0,deepseek/deepseek-v4-flash-20260423,DigitalOcean,standard,false,true,,stop,stop,956,956,MSCodeBase 1-L live arm,test567,false
gen-1786738098-S2A3Jlh2zVm6H4KSljvN,2026-08-14 20:08:18.204,0.00001,,,,0,131,8,0,0,deepseek/deepseek-v4-flash-20260423,DigitalOcean,standard,false,true,,stop,stop,1645,1645,MSCodeBase 1-L live arm,test567,false
gen-1786738096-5UVS8M0sHbjWtKcwg4cX,2026-08-14 20:08:16.096,0.00001,,,,0,134,8,0,0,deepseek/deepseek-v4-flash-20260423,DigitalOcean,standard,false,true,,stop,stop,1538,1538,MSCodeBase 1-L live arm,test567,false
gen-1786738093-U2jClbCqqPgb45sQyD40,2026-08-14 20:08:13.348,0.00001,,,,0,137,8,0,0,deepseek/deepseek-v4-flash-20260423,DigitalOcean,standard,false,true,,stop,stop,2156,2156,MSCodeBase 1-L live arm,test567,false
gen-1786738087-dQlpEruTZBVNfGpd30cC,2026-08-14 20:08:07.719,0.00001,,,,0,132,8,0,0,deepseek/deepseek-v4-flash-20260423,DigitalOcean,standard,false,true,,stop,stop,5041,5041,MSCodeBase 1-L live arm,test567,false
gen-1786738082-1QbFx1d4woy2DMUW7sVS,2026-08-14 20:08:02.322,0.00001,,,,0,131,8,0,0,deepseek/deepseek-v4-flash-20260423,DigitalOcean,standard,false,true,,stop,stop,4803,4803,MSCodeBase 1-L live arm,test567,false
gen-1786738080-VKk5ehqvl1ulkdP3aEKV,2026-08-14 20:08:00.934,0.00001,,,,0,132,8,0,0,deepseek/deepseek-v4-flash-20260423,DigitalOcean,standard,false,true,,stop,stop,777,777,MSCodeBase 1-L live arm,test567,false
gen-1786738079-ykd6DH0VF94MfLYx1js6,2026-08-14 20:07:59.343,0.00001,,,,0,140,8,0,0,deepseek/deepseek-v4-flash-20260423,DigitalOcean,standard,false,true,,stop,stop,976,976,MSCodeBase 1-L live arm,test567,false
gen-1786738077-tYc3mOuXfnnpRbN85RMm,2026-08-14 20:07:57.647,0.00001,,,,0,136,8,0,0,deepseek/deepseek-v4-flash-20260423,DigitalOcean,standard,false,true,,stop,stop,1018,1018,MSCodeBase 1-L live arm,test567,false
gen-1786738071-BMjQvMgKklGsyK5IlaQ9,2026-08-14 20:07:51.669,0.000011,,,,0,145,8,0,0,deepseek/deepseek-v4-flash-20260423,DigitalOcean,standard,false,true,,stop,stop,5366,5366,MSCodeBase 1-L live arm,test567,false
gen-1786738068-P5UOdFnRVurUbwvxp938,2026-08-14 20:07:48.334,0.00001,,,,0,138,8,0,0,deepseek/deepseek-v4-flash-20260423,DigitalOcean,standard,false,true,,stop,stop,2720,2720,MSCodeBase 1-L live arm,test567,false
gen-1786738066-C6YKLzpdkw4cUL25EaOr,2026-08-14 20:07:46.852,0.00001,,,,0,140,8,0,0,deepseek/deepseek-v4-flash-20260423,DigitalOcean,standard,false,true,,stop,stop,865,865,MSCodeBase 1-L live arm,test567,false
gen-1786738059-n8LFZSzExlzuv0fhtUi5,2026-08-14 20:07:39.061,0.00001,,,,0,142,8,0,0,deepseek/deepseek-v4-flash-20260423,DigitalOcean,standard,false,true,,stop,stop,7210,7210,MSCodeBase 1-L live arm,test567,false
gen-1786738056-juBQw5Ulfu5X779vDUBY,2026-08-14 20:07:36.241,0.00001,,,,0,137,8,0,0,deepseek/deepseek-v4-flash-20260423,DigitalOcean,standard,false,true,,stop,stop,2052,2052,MSCodeBase 1-L live arm,test567,false
gen-1786738051-GAL33GJQqGAYVQYfyAL6,2026-08-14 20:07:31.142,0.00001,,,,0,140,8,0,0,deepseek/deepseek-v4-flash-20260423,DigitalOcean,standard,false,true,,stop,stop,4426,4426,MSCodeBase 1-L live arm,test567,false
gen-1786738048-MdYvZAzlMNEuf0mTJLBP,2026-08-14 20:07:28.873,0.000007,,,,0,89,8,0,0,deepseek/deepseek-v4-flash-20260423,DigitalOcean,standard,false,true,,stop,stop,1950,1950,MSCodeBase 1-L live arm,test567,false
gen-1786738047-YgoyZ9hQ9dQ3zWPG0DBw,2026-08-14 20:07:27.167,0.000007,,,,0,95,8,0,0,deepseek/deepseek-v4-flash-20260423,DigitalOcean,standard,false,true,,stop,stop,1099,1099,MSCodeBase 1-L live arm,test567,false
gen-1786738045-fAlfo7TEkZsQncuj15KE,2026-08-14 20:07:25.545,0.000007,,,,0,96,8,0,0,deepseek/deepseek-v4-flash-20260423,DigitalOcean,standard,false,true,,stop,stop,1005,1005,MSCodeBase 1-L live arm,test567,false
gen-1786738040-HnMk4RdaRR0QyOyf0p9U,2026-08-14 20:07:20.115,0.000007,,,,0,95,8,0,0,deepseek/deepseek-v4-flash-20260423,DigitalOcean,standard,false,true,,stop,stop,4824,4824,MSCodeBase 1-L live arm,test567,false
gen-1786738038-6pqTNnm8NbIKKUsKq2V9,2026-08-14 20:07:18.698,0.000007,,,,0,94,7,0,0,deepseek/deepseek-v4-flash-20260423,DigitalOcean,standard,false,true,,stop,stop,827,827,MSCodeBase 1-L live arm,test567,false
gen-1786738033-9yUgKG9g5uRKeyi549zS,2026-08-14 20:07:13.433,0.000007,,,,0,93,8,0,0,deepseek/deepseek-v4-flash-20260423,DigitalOcean,standard,false,true,,stop,stop,4668,4668,MSCodeBase 1-L live arm,test567,false
gen-1786738030-riIr5LkaxongQhY1xFdR,2026-08-14 20:07:10.655,0.000007,,,,0,96,8,0,0,deepseek/deepseek-v4-flash-20260423,DigitalOcean,standard,false,true,,stop,stop,2178,2178,MSCodeBase 1-L live arm,test567,false
gen-1786738028-G3vrP0ZDl1Tlcs6OWYbq,2026-08-14 20:07:08.928,0.000007,,,,0,90,8,0,0,deepseek/deepseek-v4-flash-20260423,DigitalOcean,standard,false,true,,stop,stop,1132,1132,MSCodeBase 1-L live arm,test567,false
gen-1786738026-n1kTXWGPe8nnqnRqpqU5,2026-08-14 20:07:06.355,0.000007,,,,0,95,8,0,0,deepseek/deepseek-v4-flash-20260423,DigitalOcean,standard,false,true,,stop,stop,1971,1971,MSCodeBase 1-L live arm,test567,false
gen-1786738021-4SmQslHzyKJpv1s2xEe8,2026-08-14 20:07:01.490,0.000007,,,,0,92,8,0,0,deepseek/deepseek-v4-flash-20260423,DigitalOcean,standard,false,true,,stop,stop,4264,4264,MSCodeBase 1-L live arm,test567,false
gen-1786738019-UtDg90o3VgKzh4EjlOHJ,2026-08-14 20:06:59.819,0.000007,,,,0,93,8,0,0,deepseek/deepseek-v4-flash-20260423,DigitalOcean,standard,false,true,,stop,stop,1030,1030,MSCodeBase 1-L live arm,test567,false
gen-1786738017-JsdnVIxsgn9EAkiEgrQ9,2026-08-14 20:06:57.231,0.000007,,,,0,93,8,0,0,deepseek/deepseek-v4-flash-20260423,DigitalOcean,standard,false,true,,stop,stop,1978,1978,MSCodeBase 1-L live arm,test567,false
gen-1786738012-1pRAJDdiZNBZn0aFvEc7,2026-08-14 20:06:52.802,0.000007,,,,0,93,8,0,0,deepseek/deepseek-v4-flash-20260423,DigitalOcean,standard,false,true,,stop,stop,3788,3788,MSCodeBase 1-L live arm,test567,false
gen-1786738010-sK39uxm9hhf89tLsOBQF,2026-08-14 20:06:50.138,0.000007,,,,0,94,8,0,0,deepseek/deepseek-v4-flash-20260423,DigitalOcean,standard,false,true,,stop,stop,2091,2091,MSCodeBase 1-L live arm,test567,false
gen-1786738006-ZeGQTiTEdA0zoLfNZTtu,2026-08-14 20:06:46.839,0.000007,,,,0,96,8,0,0,deepseek/deepseek-v4-flash-20260423,DigitalOcean,standard,false,true,,stop,stop,2721,2721,MSCodeBase 1-L live arm,test567,false
gen-1786738003-jCAvJLsNSAJsyHFsPwaI,2026-08-14 20:06:43.702,0.000007,,,,0,92,8,0,0,deepseek/deepseek-v4-flash-20260423,DigitalOcean,standard,false,true,,stop,stop,2515,2515,MSCodeBase 1-L live arm,test567,false
gen-1786737998-fkI1pglGhRC5KJSYPNS0,2026-08-14 20:06:38.465,0.000007,,,,0,94,8,0,0,deepseek/deepseek-v4-flash-20260423,DigitalOcean,standard,false,true,,stop,stop,4633,4633,MSCodeBase 1-L live arm,test567,false
gen-1786737993-VoRklbCAxce8a5yyN0mk,2026-08-14 20:06:33.720,0.000007,,,,0,95,8,0,0,deepseek/deepseek-v4-flash-20260423,DigitalOcean,standard,false,true,,stop,stop,4153,4153,MSCodeBase 1-L live arm,test567,false
gen-1786737991-kHlFAkslZlz8ScqMpyvW,2026-08-14 20:06:31.332,0.000007,,,,0,91,8,0,0,deepseek/deepseek-v4-flash-20260423,DigitalOcean,standard,false,true,,stop,stop,1772,1772,MSCodeBase 1-L live arm,test567,false
gen-1786737989-r0EOjgz5tJmjHgQ9v9CC,2026-08-14 20:06:29.420,0.000007,,,,0,92,8,0,0,deepseek/deepseek-v4-flash-20260423,DigitalOcean,standard,false,true,,stop,stop,1307,1307,MSCodeBase 1-L live arm,test567,false
gen-1786737985-ps1XUDx4l4Vzg0U1YBHR,2026-08-14 20:06:25.400,0.000007,,,,0,93,8,0,0,deepseek/deepseek-v4-flash-20260423,DigitalOcean,standard,false,true,,stop,stop,3418,3418,MSCodeBase 1-L live arm,test567,false
gen-1786737980-ORCLf2aiYklW8rW9Fbfz,2026-08-14 20:06:20.922,0.000007,,,,0,96,8,0,0,deepseek/deepseek-v4-flash-20260423,DigitalOcean,standard,false,true,,stop,stop,3862,3862,MSCodeBase 1-L live arm,test567,false
gen-1786737978-J63y89ia96ZLOcTRIYR2,2026-08-14 20:06:18.150,0.000007,,,,0,94,8,0,0,deepseek/deepseek-v4-flash-20260423,DigitalOcean,standard,false,true,,stop,stop,2150,2150,MSCodeBase 1-L live arm,test567,false
gen-1786737975-VLF0t5p2xZthcmeahYio,2026-08-14 20:06:15.824,0.000007,,,,0,95,8,0,0,deepseek/deepseek-v4-flash-20260423,DigitalOcean,standard,false,true,,stop,stop,1727,1727,MSCodeBase 1-L live arm,test567,false
gen-1786737971-KiwzorRt94iNBk4XJuKk,2026-08-14 20:06:11.646,0.000007,,,,0,93,8,0,0,deepseek/deepseek-v4-flash-20260423,DigitalOcean,standard,false,true,,stop,stop,3564,3564,MSCodeBase 1-L live arm,test567,false
gen-1786737965-q61wIOxNcx2Ext6QEyuM,2026-08-14 20:06:05.722,0.000007,,,,0,94,8,0,0,deepseek/deepseek-v4-flash-20260423,DigitalOcean,standard,false,true,,stop,stop,5328,5328,MSCodeBase 1-L live arm,test567,false
gen-1786737963-SbpgoQipDk05DjpYQlwx,2026-08-14 20:06:03.838,0.000007,,,,0,94,8,0,0,deepseek/deepseek-v4-flash-20260423,DigitalOcean,standard,false,true,,stop,stop,1129,1129,MSCodeBase 1-L live arm,test567,false
gen-1786737961-LhA7h4TrueowqPH85nC3,2026-08-14 20:06:01.730,0.000007,,,,0,95,8,0,0,deepseek/deepseek-v4-flash-20260423,DigitalOcean,standard,false,true,,stop,stop,1483,1483,MSCodeBase 1-L live arm,test567,false
gen-1786737955-rAHZQzvknn27ltzhK6Lv,2026-08-14 20:05:55.988,0.000007,,,,0,93,8,0,0,deepseek/deepseek-v4-flash-20260423,DigitalOcean,standard,false,true,,stop,stop,4060,4060,MSCodeBase 1-L live arm,test567,false
gen-1786737953-BtpmCofdC6eelPob0hkT,2026-08-14 20:05:53.718,0.000007,,,,0,95,8,0,0,deepseek/deepseek-v4-flash-20260423,DigitalOcean,standard,false,true,,stop,stop,1685,1685,MSCodeBase 1-L live arm,test567,false
gen-1786737951-zqeVsBqOAFl0IVgm448Q,2026-08-14 20:05:51.987,0.000007,,,,0,91,8,0,0,deepseek/deepseek-v4-flash-20260423,DigitalOcean,standard,false,true,,stop,stop,1116,1116,MSCodeBase 1-L live arm,test567,false
gen-1786737949-a8XrT55bpfQOjWUsBcTa,2026-08-14 20:05:49.474,0.000007,,,,0,95,8,0,0,deepseek/deepseek-v4-flash-20260423,DigitalOcean,standard,false,true,,stop,stop,1917,1917,MSCodeBase 1-L live arm,test567,false
gen-1786737945-Exvt8G6uoLq4W1ulgqdE,2026-08-14 20:05:45.505,0.000007,,,,0,91,8,0,0,deepseek/deepseek-v4-flash-20260423,DigitalOcean,standard,false,true,,stop,stop,2976,2976,MSCodeBase 1-L live arm,test567,false
gen-1786737942-Kz7XqsjQpB1I3ebR4GgR,2026-08-14 20:05:42.398,0.000007,,,,0,93,8,0,0,deepseek/deepseek-v4-flash-20260423,DigitalOcean,standard,false,true,,stop,stop,2345,2345,MSCodeBase 1-L live arm,test567,false
gen-1786737936-k5E0sErqScCo7uMQMpPE,2026-08-14 20:05:36.347,0.000007,,,,0,90,8,0,0,deepseek/deepseek-v4-flash-20260423,DigitalOcean,standard,false,true,,stop,stop,3851,3851,MSCodeBase 1-L live arm,test567,false
gen-1786737934-SqpSMQ7yXKthVFwR772F,2026-08-14 20:05:34.033,0.000007,,,,0,92,8,0,0,deepseek/deepseek-v4-flash-20260423,DigitalOcean,standard,false,true,,stop,stop,1729,1729,MSCodeBase 1-L live arm,test567,false
gen-1786737932-ZhQjDhKinE8RGuLD3RPl,2026-08-14 20:05:32.304,0.000007,,,,0,92,8,0,0,deepseek/deepseek-v4-flash-20260423,DigitalOcean,standard,false,true,,stop,stop,1113,1113,MSCodeBase 1-L live arm,test567,false
gen-1786737928-9eWceQChDkChWfZS1QpM,2026-08-14 20:05:28.838,0.000007,,,,0,96,8,0,0,deepseek/deepseek-v4-flash-20260423,DigitalOcean,standard,false,true,,stop,stop,2870,2870,MSCodeBase 1-L live arm,test567,false
gen-1786737925-28NCNc33Bc9vmnOebpvi,2026-08-14 20:05:25.108,0.000007,,,,0,97,8,0,0,deepseek/deepseek-v4-flash-20260423,DigitalOcean,standard,false,true,,stop,stop,2962,2962,MSCodeBase 1-L live arm,test567,false
gen-1786737923-FW2gIZ2fWbHJ3zP7I62z,2026-08-14 20:05:23.562,0.000007,,,,0,93,8,0,0,deepseek/deepseek-v4-flash-20260423,DigitalOcean,standard,false,true,,stop,stop,929,929,MSCodeBase 1-L live arm,test567,false
gen-1786737922-4uY1e2KZq3vNreqHLvgr,2026-08-14 20:05:22.094,0.000007,,,,0,93,8,0,0,deepseek/deepseek-v4-flash-20260423,DigitalOcean,standard,false,true,,stop,stop,880,880,MSCodeBase 1-L live arm,test567,false
gen-1786737920-LHHmbZ2W6ZBlgIL1eqWp,2026-08-14 20:05:20.014,0.000007,,,,0,95,8,0,0,deepseek/deepseek-v4-flash-20260423,DigitalOcean,standard,false,true,,stop,stop,1499,1499,MSCodeBase 1-L live arm,test567,false
gen-1786737918-BNLSPmzzOMLPUDZOeiHT,2026-08-14 20:05:18.567,0.000007,,,,0,96,8,0,0,deepseek/deepseek-v4-flash-20260423,DigitalOcean,standard,false,true,,stop,stop,841,841,MSCodeBase 1-L live arm,test567,false
gen-1786737916-BM2vb5b4ITmLTMKKUSkh,2026-08-14 20:05:16.083,0.000007,,,,0,93,8,0,0,deepseek/deepseek-v4-flash-20260423,DigitalOcean,standard,false,true,,stop,stop,1861,1861,MSCodeBase 1-L live arm,test567,false
gen-1786737914-b7ekb49lDzMgvjM5Gumv,2026-08-14 20:05:14.099,0.000007,,,,0,98,8,0,0,deepseek/deepseek-v4-flash-20260423,DigitalOcean,standard,false,true,,stop,stop,1383,1383,MSCodeBase 1-L live arm,test567,false
gen-1786737911-FjlqZetFOdFpEJEKTv95,2026-08-14 20:05:11.857,0.000007,,,,0,92,8,0,0,deepseek/deepseek-v4-flash-20260423,DigitalOcean,standard,false,true,,stop,stop,1630,1630,MSCodeBase 1-L live arm,test567,false
gen-1786737910-2A7Rvhv7ZXh15OgENgVu,2026-08-14 20:05:10.193,0.000007,,,,0,95,8,0,0,deepseek/deepseek-v4-flash-20260423,DigitalOcean,standard,false,true,,stop,stop,1043,1043,MSCodeBase 1-L live arm,test567,false
gen-1786737908-G4y2IrCzXmKO0JoHdiu4,2026-08-14 20:05:08.302,0.000007,,,,0,95,8,0,0,deepseek/deepseek-v4-flash-20260423,DigitalOcean,standard,false,true,,stop,stop,1255,1255,MSCodeBase 1-L live arm,test567,false
gen-1786737903-acuWl06xzUivXjznW2R2,2026-08-14 20:05:03.428,0.000007,,,,0,92,8,0,0,deepseek/deepseek-v4-flash-20260423,DigitalOcean,standard,false,true,,stop,stop,4267,4267,MSCodeBase 1-L live arm,test567,false
gen-1786737898-cf2Erzt0Nn6MhaoiiEvl,2026-08-14 20:04:58.297,0.000007,,,,0,96,8,0,0,deepseek/deepseek-v4-flash-20260423,DigitalOcean,standard,false,true,,stop,stop,4535,4535,MSCodeBase 1-L live arm,test567,false
gen-1786737897-7xaCLZxQJwjq83GTuMmm,2026-08-14 20:04:57.664,0.000012,,,,0,140,8,0,0,nvidia/nemotron-3.5-lightning-20260807,DeepInfra,standard,false,true,,stop,stop,311,311,MSCodeBase 1-L live arm,test567,false
gen-1786737896-WQKPvUAakDIszWlw7GNe,2026-08-14 20:04:56.739,0.000013,,,,0,145,8,0,0,nvidia/nemotron-3.5-lightning-20260807,DeepInfra,standard,false,true,,stop,stop,306,306,MSCodeBase 1-L live arm,test567,false
gen-1786737895-E46NnJagijSBgXYkGlHQ,2026-08-14 20:04:55.746,0.000012,,,,0,144,8,0,0,nvidia/nemotron-3.5-lightning-20260807,DeepInfra,standard,false,true,,stop,stop,385,385,MSCodeBase 1-L live arm,test567,false
gen-1786737894-8nnbwqiMHWYRYTEPuqb8,2026-08-14 20:04:54.779,0.000013,,,,0,146,8,0,0,nvidia/nemotron-3.5-lightning-20260807,DeepInfra,standard,false,true,,stop,stop,354,354,MSCodeBase 1-L live arm,test567,false
gen-1786737893-ZoPXmrzafVDKzoCwm77Q,2026-08-14 20:04:53.773,0.000012,,,,0,143,8,0,0,nvidia/nemotron-3.5-lightning-20260807,DeepInfra,standard,false,true,,stop,stop,406,406,MSCodeBase 1-L live arm,test567,false
gen-1786737892-LKmKA6ZpQY1mzlmJi2FD,2026-08-14 20:04:52.691,0.000012,,,,0,142,8,0,0,nvidia/nemotron-3.5-lightning-20260807,DeepInfra,standard,false,true,,stop,stop,451,451,MSCodeBase 1-L live arm,test567,false
gen-1786737891-MDWvtcpnQDJB8EXhjSWv,2026-08-14 20:04:51.502,0.000013,,,,0,147,8,0,0,nvidia/nemotron-3.5-lightning-20260807,DeepInfra,standard,false,true,,stop,stop,567,567,MSCodeBase 1-L live arm,test567,false
gen-1786737890-OLO8VaOGVXn2riJ0jQFf,2026-08-14 20:04:50.583,0.000012,,,,0,141,8,0,0,nvidia/nemotron-3.5-lightning-20260807,DeepInfra,standard,false,true,,stop,stop,282,282,MSCodeBase 1-L live arm,test567,false
gen-1786737889-oRamohLhUKVnJiuP5FzW,2026-08-14 20:04:49.610,0.000013,,,,0,146,8,0,0,nvidia/nemotron-3.5-lightning-20260807,DeepInfra,standard,false,true,,stop,stop,346,346,MSCodeBase 1-L live arm,test567,false
gen-1786737888-kwoiMEBYWmDy9PWP4dM9,2026-08-14 20:04:48.237,0.000012,,,,0,143,8,0,0,nvidia/nemotron-3.5-lightning-20260807,DeepInfra,standard,false,true,,stop,stop,295,295,MSCodeBase 1-L live arm,test567,false
gen-1786737887-9muGts4LVrQ6GkO2s7NE,2026-08-14 20:04:47.364,0.000012,,,,0,143,8,0,0,nvidia/nemotron-3.5-lightning-20260807,DeepInfra,standard,false,true,,stop,stop,270,270,MSCodeBase 1-L live arm,test567,false
gen-1786737886-xJokOokQKl0E6HNJ98gF,2026-08-14 20:04:46.515,0.000013,,,,0,146,8,0,0,nvidia/nemotron-3.5-lightning-20260807,DeepInfra,standard,false,true,,stop,stop,253,253,MSCodeBase 1-L live arm,test567,false
gen-1786737885-WyAo9WB5n7g6l7HYMEtp,2026-08-14 20:04:45.596,0.000013,,,,0,146,8,0,0,nvidia/nemotron-3.5-lightning-20260807,DeepInfra,standard,false,true,,stop,stop,274,274,MSCodeBase 1-L live arm,test567,false
gen-1786737884-w1LH9dk8ICcLfdMIL8Ym,2026-08-14 20:04:44.569,0.000012,,,,0,144,8,0,0,nvidia/nemotron-3.5-lightning-20260807,DeepInfra,standard,false,true,,stop,stop,420,420,MSCodeBase 1-L live arm,test567,false
gen-1786737883-i1TVF587nWF4cCWSMtPs,2026-08-14 20:04:43.238,0.000013,,,,0,147,8,0,0,nvidia/nemotron-3.5-lightning-20260807,DeepInfra,standard,false,true,,stop,stop,722,722,MSCodeBase 1-L live arm,test567,false
gen-1786737882-IXyBfukv4lPVBbOYbhW3,2026-08-14 20:04:42.318,0.000012,,,,0,144,8,0,0,nvidia/nemotron-3.5-lightning-20260807,DeepInfra,standard,false,true,,stop,stop,295,295,MSCodeBase 1-L live arm,test567,false
gen-1786737881-QCadcYPfL72quRRMWeSU,2026-08-14 20:04:41.450,0.000013,,,,0,146,8,0,0,nvidia/nemotron-3.5-lightning-20260807,DeepInfra,standard,false,true,,stop,stop,263,263,MSCodeBase 1-L live arm,test567,false
gen-1786737880-35UwLCMeGU4fraMySo39,2026-08-14 20:04:40.531,0.000013,,,,0,148,8,0,0,nvidia/nemotron-3.5-lightning-20260807,DeepInfra,standard,false,true,,stop,stop,297,297,MSCodeBase 1-L live arm,test567,false
gen-1786737879-FANBYYshG8VThfWshLAE,2026-08-14 20:04:39.297,0.000012,,,,0,143,8,0,0,nvidia/nemotron-3.5-lightning-20260807,DeepInfra,standard,false,true,,stop,stop,601,601,MSCodeBase 1-L live arm,test567,false
gen-1786737877-HTAXwNUA45h9KIw1ORSM,2026-08-14 20:04:37.706,0.000012,,,,0,144,8,0,0,nvidia/nemotron-3.5-lightning-20260807,DeepInfra,standard,false,true,,stop,stop,928,928,MSCodeBase 1-L live arm,test567,false
gen-1786737876-HlbVq4x8qrYWZcxiWuqu,2026-08-14 20:04:36.317,0.000013,,,,0,145,8,0,0,nvidia/nemotron-3.5-lightning-20260807,DeepInfra,standard,false,true,,stop,stop,788,788,MSCodeBase 1-L live arm,test567,false
gen-1786737875-wLOG0dTBAmW38xd1xJai,2026-08-14 20:04:35.293,0.000013,,,,0,148,8,0,0,nvidia/nemotron-3.5-lightning-20260807,DeepInfra,standard,false,true,,stop,stop,405,405,MSCodeBase 1-L live arm,test567,false
gen-1786737874-ycbHsyv5U41h5EGOUQEO,2026-08-14 20:04:34.408,0.000013,,,,0,146,8,0,0,nvidia/nemotron-3.5-lightning-20260807,DeepInfra,standard,false,true,,stop,stop,271,271,MSCodeBase 1-L live arm,test567,false
gen-1786737873-YDxp8ZA74YBp8ay2j1LC,2026-08-14 20:04:33.492,0.000013,,,,0,147,8,0,0,nvidia/nemotron-3.5-lightning-20260807,DeepInfra,standard,false,true,,stop,stop,290,290,MSCodeBase 1-L live arm,test567,false
gen-1786737872-JQ7JqXdTH9EMR2AexaCQ,2026-08-14 20:04:32.342,0.000013,,,,0,147,8,0,0,nvidia/nemotron-3.5-lightning-20260807,DeepInfra,standard,false,true,,stop,stop,309,309,MSCodeBase 1-L live arm,test567,false
gen-1786737870-QDHr5oWxGQJwkHmQbT7K,2026-08-14 20:04:30.972,0.000012,,,,0,143,8,0,0,nvidia/nemotron-3.5-lightning-20260807,DeepInfra,standard,false,true,,stop,stop,749,749,MSCodeBase 1-L live arm,test567,false
gen-1786737870-2KWzfSlOCEYxk4CrWi0P,2026-08-14 20:04:30.087,0.000013,,,,0,145,8,0,0,nvidia/nemotron-3.5-lightning-20260807,DeepInfra,standard,false,true,,stop,stop,264,264,MSCodeBase 1-L live arm,test567,false
gen-1786737869-yKcp7WjU2ruGqhHCf6Q4,2026-08-14 20:04:29.177,0.000013,,,,0,146,8,0,0,nvidia/nemotron-3.5-lightning-20260807,DeepInfra,standard,false,true,,stop,stop,301,301,MSCodeBase 1-L live arm,test567,false
gen-1786737868-AY7GQweSPNAcowfx2Prm,2026-08-14 20:04:28.238,0.000012,,,,0,144,8,0,0,nvidia/nemotron-3.5-lightning-20260807,DeepInfra,standard,false,true,,stop,stop,320,320,MSCodeBase 1-L live arm,test567,false
gen-1786737867-x6a5pEKbeW8n1t2x7pnG,2026-08-14 20:04:27.366,0.000012,,,,0,144,8,0,0,nvidia/nemotron-3.5-lightning-20260807,DeepInfra,standard,false,true,,stop,stop,257,257,MSCodeBase 1-L live arm,test567,false
gen-1786737866-lWCX4l4SKbhNPPov3jBo,2026-08-14 20:04:26.491,0.000012,,,,0,141,8,0,0,nvidia/nemotron-3.5-lightning-20260807,DeepInfra,standard,false,true,,stop,stop,269,269,MSCodeBase 1-L live arm,test567,false
gen-1786737865-0YWvwaYYTTJxIj0BtZ3q,2026-08-14 20:04:25.327,0.000013,,,,0,145,8,0,0,nvidia/nemotron-3.5-lightning-20260807,DeepInfra,standard,false,true,,stop,stop,560,560,MSCodeBase 1-L live arm,test567,false
gen-1786737864-kyd698fEkvxq1XiNpWUg,2026-08-14 20:04:24.451,0.000012,,,,0,142,8,0,0,nvidia/nemotron-3.5-lightning-20260807,DeepInfra,standard,false,true,,stop,stop,264,264,MSCodeBase 1-L live arm,test567,false
gen-1786737862-d5437FpRC1HTXVpbJdV2,2026-08-14 20:04:22.437,0.000012,,,,0,144,8,0,0,nvidia/nemotron-3.5-lightning-20260807,DeepInfra,standard,false,true,,stop,stop,1377,1377,MSCodeBase 1-L live arm,test567,false
gen-1786737861-hOTWNjcCgAg5V30nz0PF,2026-08-14 20:04:21.525,0.000012,,,,0,139,8,0,0,nvidia/nemotron-3.5-lightning-20260807,DeepInfra,standard,false,true,,stop,stop,282,282,MSCodeBase 1-L live arm,test567,false
gen-1786737860-BD6TF6B8zfo6QwTCLTUc,2026-08-14 20:04:20.608,0.000012,,,,0,141,8,0,0,nvidia/nemotron-3.5-lightning-20260807,DeepInfra,standard,false,true,,stop,stop,297,297,MSCodeBase 1-L live arm,test567,false
gen-1786737859-KrUI7dexmE1ejsFu3qXq,2026-08-14 20:04:19.307,0.000012,,,,0,144,8,0,0,nvidia/nemotron-3.5-lightning-20260807,DeepInfra,standard,false,true,,stop,stop,687,687,MSCodeBase 1-L live arm,test567,false
gen-1786737858-8rLHzb8HUX526yRJtKsL,2026-08-14 20:04:18.440,0.000013,,,,0,146,8,0,0,nvidia/nemotron-3.5-lightning-20260807,DeepInfra,standard,false,true,,stop,stop,257,257,MSCodeBase 1-L live arm,test567,false
gen-1786737857-9M9F5S8wODwkotRhuJrf,2026-08-14 20:04:17.170,0.000013,,,,0,151,8,0,0,nvidia/nemotron-3.5-lightning-20260807,DeepInfra,standard,false,true,,stop,stop,658,658,MSCodeBase 1-L live arm,test567,false
gen-1786737856-He0vY0p4LIlk086grVHT,2026-08-14 20:04:16.307,0.000013,,,,0,146,8,0,0,nvidia/nemotron-3.5-lightning-20260807,DeepInfra,standard,false,true,,stop,stop,257,257,MSCodeBase 1-L live arm,test567,false
gen-1786737855-P7jFu6sY73bCWzvfAQAO,2026-08-14 20:04:15.405,0.000012,,,,0,144,8,0,0,nvidia/nemotron-3.5-lightning-20260807,DeepInfra,standard,false,true,,stop,stop,274,274,MSCodeBase 1-L live arm,test567,false
gen-1786737854-Pv6UCd8CIcUKxNh1Tnt7,2026-08-14 20:04:14.490,0.000012,,,,0,144,8,0,0,nvidia/nemotron-3.5-lightning-20260807,DeepInfra,standard,false,true,,stop,stop,278,278,MSCodeBase 1-L live arm,test567,false
gen-1786737853-dvpMcTFFvIOJIjdnK7JY,2026-08-14 20:04:13.314,0.000013,,,,0,150,8,0,0,nvidia/nemotron-3.5-lightning-20260807,DeepInfra,standard,false,true,,stop,stop,563,563,MSCodeBase 1-L live arm,test567,false
gen-1786737852-oAWpk6MoRMwyVd3KdE6w,2026-08-14 20:04:12.058,0.000013,,,,0,150,8,0,0,nvidia/nemotron-3.5-lightning-20260807,DeepInfra,standard,false,true,,stop,stop,611,611,MSCodeBase 1-L live arm,test567,false
gen-1786737851-O8TbxPcoNQcKZorb1gR0,2026-08-14 20:04:11.166,0.000013,,,,0,156,8,0,0,nvidia/nemotron-3.5-lightning-20260807,DeepInfra,standard,false,true,,stop,stop,254,254,MSCodeBase 1-L live arm,test567,false
gen-1786737850-FKOhXRhfIpifDQOSvjEF,2026-08-14 20:04:10.263,0.000013,,,,0,149,8,0,0,nvidia/nemotron-3.5-lightning-20260807,DeepInfra,standard,false,true,,stop,stop,255,255,MSCodeBase 1-L live arm,test567,false
gen-1786737849-AGRIHnXMi73RN1OpVWEZ,2026-08-14 20:04:09.382,0.000013,,,,0,149,8,0,0,nvidia/nemotron-3.5-lightning-20260807,DeepInfra,standard,false,true,,stop,stop,250,250,MSCodeBase 1-L live arm,test567,false
gen-1786737848-52ud8L3XOsG6HCM8lOQl,2026-08-14 20:04:08.479,0.000013,,,,0,155,8,0,0,nvidia/nemotron-3.5-lightning-20260807,DeepInfra,standard,false,true,,stop,stop,272,272,MSCodeBase 1-L live arm,test567,false
gen-1786737847-YmLTUVUhHjqUGptlujpe,2026-08-14 20:04:07.514,0.000013,,,,0,149,8,0,0,nvidia/nemotron-3.5-lightning-20260807,DeepInfra,standard,false,true,,stop,stop,338,338,MSCodeBase 1-L live arm,test567,false
gen-1786737846-kKf8K3UYTRro27dRHwPb,2026-08-14 20:04:06.523,0.000013,,,,0,154,8,0,0,nvidia/nemotron-3.5-lightning-20260807,DeepInfra,standard,false,true,,stop,stop,369,369,MSCodeBase 1-L live arm,test567,false
gen-1786737845-AxW9jug1bS22XLNNjwtU,2026-08-14 20:04:05.646,0.000009,,,,0,101,8,0,0,nvidia/nemotron-3.5-lightning-20260807,DeepInfra,standard,false,true,,stop,stop,501,501,MSCodeBase 1-L live arm,test567,false
gen-1786737844-6fYdrxuYkwg6Sk3Jj7v0,2026-08-14 20:04:04.611,0.00001,,,,0,107,8,0,0,nvidia/nemotron-3.5-lightning-20260807,DeepInfra,standard,false,true,,stop,stop,391,391,MSCodeBase 1-L live arm,test567,false
gen-1786737843-PrsMh5PD5La0EFE4vsAc,2026-08-14 20:04:03.734,0.000009,,,,0,105,8,0,0,nvidia/nemotron-3.5-lightning-20260807,DeepInfra,standard,false,true,,stop,stop,261,261,MSCodeBase 1-L live arm,test567,false
gen-1786737842-wi4q5fGNIwto0Etyd0fE,2026-08-14 20:04:02.459,0.00001,,,,0,107,8,0,0,nvidia/nemotron-3.5-lightning-20260807,DeepInfra,standard,false,true,,stop,stop,675,675,MSCodeBase 1-L live arm,test567,false
gen-1786737841-IpQMC7NtAJsfgZMpMifA,2026-08-14 20:04:01.488,0.000009,,,,0,105,8,0,0,nvidia/nemotron-3.5-lightning-20260807,DeepInfra,standard,false,true,,stop,stop,328,328,MSCodeBase 1-L live arm,test567,false
gen-1786737840-qPQQYweQpZevXvubYALv,2026-08-14 20:04:00.581,0.000009,,,,0,105,8,0,0,nvidia/nemotron-3.5-lightning-20260807,DeepInfra,standard,false,true,,stop,stop,281,281,MSCodeBase 1-L live arm,test567,false
gen-1786737839-R32yAYBb20YTIabafuZ0,2026-08-14 20:03:59.669,0.00001,,,,0,108,8,0,0,nvidia/nemotron-3.5-lightning-20260807,DeepInfra,standard,false,true,,stop,stop,268,268,MSCodeBase 1-L live arm,test567,false
gen-1786737838-mC8CX3QOTMZfMHw3lm9u,2026-08-14 20:03:58.612,0.000009,,,,0,104,8,0,0,nvidia/nemotron-3.5-lightning-20260807,DeepInfra,standard,false,true,,stop,stop,439,439,MSCodeBase 1-L live arm,test567,false
gen-1786737837-woAZSrABfZHZR5ddSUf8,2026-08-14 20:03:57.606,0.00001,,,,0,107,8,0,0,nvidia/nemotron-3.5-lightning-20260807,DeepInfra,standard,false,true,,stop,stop,361,361,MSCodeBase 1-L live arm,test567,false
gen-1786737836-SqdaF9qSwMd0TCYYpF8N,2026-08-14 20:03:56.743,0.000009,,,,0,105,8,0,0,nvidia/nemotron-3.5-lightning-20260807,DeepInfra,standard,false,true,,stop,stop,256,256,MSCodeBase 1-L live arm,test567,false
gen-1786737835-FPKfjt5poCqrTfjpzD2b,2026-08-14 20:03:55.859,0.000009,,,,0,104,8,0,0,nvidia/nemotron-3.5-lightning-20260807,DeepInfra,standard,false,true,,stop,stop,269,269,MSCodeBase 1-L live arm,test567,false
gen-1786737834-CiM1g186jf66NCinvlJ7,2026-08-14 20:03:54.911,0.000009,,,,0,106,8,0,0,nvidia/nemotron-3.5-lightning-20260807,DeepInfra,standard,false,true,,stop,stop,282,282,MSCodeBase 1-L live arm,test567,false
gen-1786737833-KVJASpHq9AEM2UXlExuG,2026-08-14 20:03:53.938,0.000009,,,,0,106,8,0,0,nvidia/nemotron-3.5-lightning-20260807,DeepInfra,standard,false,true,,stop,stop,318,318,MSCodeBase 1-L live arm,test567,false
gen-1786737832-SauVE5pW7B1VI9JcbcEr,2026-08-14 20:03:52.939,0.000009,,,,0,106,8,0,0,nvidia/nemotron-3.5-lightning-20260807,DeepInfra,standard,false,true,,stop,stop,385,385,MSCodeBase 1-L live arm,test567,false
gen-1786737831-aXogGqoDNECKcANfG42Y,2026-08-14 20:03:51.915,0.00001,,,,0,108,8,0,0,nvidia/nemotron-3.5-lightning-20260807,DeepInfra,standard,false,true,,stop,stop,385,385,MSCodeBase 1-L live arm,test567,false
gen-1786737830-hETLs82MP6AVQH5aOnXf,2026-08-14 20:03:50.946,0.000009,,,,0,105,8,0,0,nvidia/nemotron-3.5-lightning-20260807,DeepInfra,standard,false,true,,stop,stop,281,281,MSCodeBase 1-L live arm,test567,false
gen-1786737830-BYctQnSlWAf3bjMkyaqx,2026-08-14 20:03:50.002,0.00001,,,,0,107,8,0,0,nvidia/nemotron-3.5-lightning-20260807,DeepInfra,standard,false,true,,stop,stop,310,310,MSCodeBase 1-L live arm,test567,false
gen-1786737828-4swrIEGEg1BIYxfP2SZP,2026-08-14 20:03:48.905,0.00001,,,,0,108,8,0,0,nvidia/nemotron-3.5-lightning-20260807,DeepInfra,standard,false,true,,stop,stop,472,472,MSCodeBase 1-L live arm,test567,false
gen-1786737828-bCVJNKoRF4sAC8qtbrZ7,2026-08-14 20:03:48.035,0.000009,,,,0,104,8,0,0,nvidia/nemotron-3.5-lightning-20260807,DeepInfra,standard,false,true,,stop,stop,256,256,MSCodeBase 1-L live arm,test567,false
gen-1786737827-NA6gtfeP4dqXgQyzdSWL,2026-08-14 20:03:47.000,0.000009,,,,0,105,8,0,0,nvidia/nemotron-3.5-lightning-20260807,DeepInfra,standard,false,true,,stop,stop,416,416,MSCodeBase 1-L live arm,test567,false
gen-1786737825-w8Dr6te3cMVWtKdVpPiL,2026-08-14 20:03:45.973,0.000009,,,,0,106,8,0,0,nvidia/nemotron-3.5-lightning-20260807,DeepInfra,standard,false,true,,stop,stop,403,403,MSCodeBase 1-L live arm,test567,false
gen-1786737825-UGj9AhfCSlhBPcoHXYX5,2026-08-14 20:03:45.064,0.00001,,,,0,108,8,0,0,nvidia/nemotron-3.5-lightning-20260807,DeepInfra,standard,false,true,,stop,stop,279,279,MSCodeBase 1-L live arm,test567,false
gen-1786737823-Lp8a3qvTwNHtABxQ8vTG,2026-08-14 20:03:43.963,0.00001,,,,0,107,8,0,0,nvidia/nemotron-3.5-lightning-20260807,DeepInfra,standard,false,true,,stop,stop,489,489,MSCodeBase 1-L live arm,test567,false
gen-1786737823-SYayfP3OGJyP3RgZbQNo,2026-08-14 20:03:43.045,0.00001,,,,0,107,8,0,0,nvidia/nemotron-3.5-lightning-20260807,DeepInfra,standard,false,true,,stop,stop,307,307,MSCodeBase 1-L live arm,test567,false
gen-1786737822-Cpbr9FBLO5kIoeqBirJZ,2026-08-14 20:03:42.061,0.00001,,,,0,107,8,0,0,nvidia/nemotron-3.5-lightning-20260807,DeepInfra,standard,false,true,,stop,stop,374,374,MSCodeBase 1-L live arm,test567,false
gen-1786737820-tOPeOMMy8Os61eclPkG4,2026-08-14 20:03:40.579,0.000009,,,,0,106,8,0,0,nvidia/nemotron-3.5-lightning-20260807,DeepInfra,standard,false,true,,stop,stop,861,861,MSCodeBase 1-L live arm,test567,false
gen-1786737818-Gk2e1MMf3ck7c2M3IiQ0,2026-08-14 20:03:38.896,0.00001,,,,0,107,8,0,0,nvidia/nemotron-3.5-lightning-20260807,DeepInfra,standard,false,true,,stop,stop,989,989,MSCodeBase 1-L live arm,test567,false
gen-1786737817-6gQTvVpcxOnrqvixeY0K,2026-08-14 20:03:37.986,0.000009,,,,0,106,8,0,0,nvidia/nemotron-3.5-lightning-20260807,DeepInfra,standard,false,true,,stop,stop,270,270,MSCodeBase 1-L live arm,test567,false
gen-1786737817-2dax4FLCgvw4cwuaR4jg,2026-08-14 20:03:37.087,0.000009,,,,0,105,8,0,0,nvidia/nemotron-3.5-lightning-20260807,DeepInfra,standard,false,true,,stop,stop,294,294,MSCodeBase 1-L live arm,test567,false
gen-1786737815-o9w2WdkcYIW0sGjIv4VJ,2026-08-14 20:03:35.289,0.000009,,,,0,106,8,0,0,nvidia/nemotron-3.5-lightning-20260807,DeepInfra,standard,false,true,,stop,stop,1201,1201,MSCodeBase 1-L live arm,test567,false
gen-1786737814-XhPyNn4RXcUsnA90HHMg,2026-08-14 20:03:34.117,0.000009,,,,0,103,8,0,0,nvidia/nemotron-3.5-lightning-20260807,DeepInfra,standard,false,true,,stop,stop,294,294,MSCodeBase 1-L live arm,test567,false
gen-1786737813-CGcB80GoANxZBBB17qjF,2026-08-14 20:03:33.025,0.00001,,,,0,107,8,0,0,nvidia/nemotron-3.5-lightning-20260807,DeepInfra,standard,false,true,,stop,stop,485,485,MSCodeBase 1-L live arm,test567,false
gen-1786737811-2WdSETF3ipZyELjEsNAl,2026-08-14 20:03:31.984,0.000009,,,,0,105,8,0,0,nvidia/nemotron-3.5-lightning-20260807,DeepInfra,standard,false,true,,stop,stop,404,404,MSCodeBase 1-L live arm,test567,false
gen-1786737811-mRZJ7Sz3qq1G8inVtD6b,2026-08-14 20:03:31.131,0.000009,,,,0,106,8,0,0,nvidia/nemotron-3.5-lightning-20260807,DeepInfra,standard,false,true,,stop,stop,245,245,MSCodeBase 1-L live arm,test567,false
gen-1786737810-ycfHVZed8NmBKS3Ea1G5,2026-08-14 20:03:30.117,0.000009,,,,0,102,8,0,0,nvidia/nemotron-3.5-lightning-20260807,DeepInfra,standard,false,true,,stop,stop,401,401,MSCodeBase 1-L live arm,test567,false
gen-1786737808-293YKn9EDV6iwZ9lKQKy,2026-08-14 20:03:28.991,0.000009,,,,0,103,8,0,0,nvidia/nemotron-3.5-lightning-20260807,DeepInfra,standard,false,true,,stop,stop,490,490,MSCodeBase 1-L live arm,test567,false
gen-1786737808-pcyAWol1986X4gfhvRjW,2026-08-14 20:03:28.139,0.000009,,,,0,105,8,0,0,nvidia/nemotron-3.5-lightning-20260807,DeepInfra,standard,false,true,,stop,stop,266,266,MSCodeBase 1-L live arm,test567,false
gen-1786737806-ngYz3RVIjd3DXk4EUNBQ,2026-08-14 20:03:26.757,0.00001,,,,0,108,8,0,0,nvidia/nemotron-3.5-lightning-20260807,DeepInfra,standard,false,true,,stop,stop,760,760,MSCodeBase 1-L live arm,test567,false
gen-1786737805-CE9NIwT7zf9snRHJfmxB,2026-08-14 20:03:25.802,0.00001,,,,0,110,8,0,0,nvidia/nemotron-3.5-lightning-20260807,DeepInfra,standard,false,true,,stop,stop,344,344,MSCodeBase 1-L live arm,test567,false
gen-1786737804-Szpr7Rh8L6ltQUYCPnSG,2026-08-14 20:03:24.763,0.00001,,,,0,107,8,0,0,nvidia/nemotron-3.5-lightning-20260807,DeepInfra,standard,false,true,,stop,stop,403,403,MSCodeBase 1-L live arm,test567,false
gen-1786737803-JGA4reatFyLqMkC3pLi7,2026-08-14 20:03:23.632,0.000009,,,,0,105,8,0,0,nvidia/nemotron-3.5-lightning-20260807,DeepInfra,standard,false,true,,stop,stop,389,389,MSCodeBase 1-L live arm,test567,false
gen-1786737802-AX9gTzCrknhiuYNOlL49,2026-08-14 20:03:22.711,0.00001,,,,0,107,8,0,0,nvidia/nemotron-3.5-lightning-20260807,DeepInfra,standard,false,true,,stop,stop,288,288,MSCodeBase 1-L live arm,test567,false
gen-1786737800-87aGo1VAqxSwJ9u9vBrx,2026-08-14 20:03:20.989,0.00001,,,,0,107,8,0,0,nvidia/nemotron-3.5-lightning-20260807,DeepInfra,standard,false,true,,stop,stop,1115,1115,MSCodeBase 1-L live arm,test567,false
gen-1786737799-0cbeco8kZUEyPBtFtCU1,2026-08-14 20:03:19.945,0.000009,,,,0,106,8,0,0,nvidia/nemotron-3.5-lightning-20260807,DeepInfra,standard,false,true,,stop,stop,440,440,MSCodeBase 1-L live arm,test567,false
gen-1786737799-wdoEokugGtD8enilBus2,2026-08-14 20:03:19.005,0.00001,,,,0,110,8,0,0,nvidia/nemotron-3.5-lightning-20260807,DeepInfra,standard,false,true,,stop,stop,329,329,MSCodeBase 1-L live arm,test567,false
gen-1786737797-3epXdgtmJ146fjcWLt2L,2026-08-14 20:03:17.654,0.000009,,,,0,105,8,0,0,nvidia/nemotron-3.5-lightning-20260807,DeepInfra,standard,false,true,,stop,stop,738,738,MSCodeBase 1-L live arm,test567,false
gen-1786737796-QQNUnsfyMNiUK5nYTFi9,2026-08-14 20:03:16.768,0.000009,,,,0,106,8,0,0,nvidia/nemotron-3.5-lightning-20260807,DeepInfra,standard,false,true,,stop,stop,256,256,MSCodeBase 1-L live arm,test567,false
gen-1786737795-eJqkf69BdBipTAIGo2xG,2026-08-14 20:03:15.909,0.00001,,,,0,108,8,0,0,nvidia/nemotron-3.5-lightning-20260807,DeepInfra,standard,false,true,,stop,stop,255,255,MSCodeBase 1-L live arm,test567,false
gen-1786737794-cvQexvS6MrXmbdnq7Aa5,2026-08-14 20:03:14.981,0.000009,,,,0,105,8,0,0,nvidia/nemotron-3.5-lightning-20260807,DeepInfra,standard,false,true,,stop,stop,318,318,MSCodeBase 1-L live arm,test567,false
gen-1786737794-DpdcmUdam9CrHWGnDN66,2026-08-14 20:03:14.048,0.00001,,,,0,109,8,0,0,nvidia/nemotron-3.5-lightning-20260807,DeepInfra,standard,false,true,,stop,stop,310,310,MSCodeBase 1-L live arm,test567,false
gen-1786737793-byoSKk5GuwVGN9zpBIoM,2026-08-14 20:03:13.459,0.00001,,,,0,126,8,0,0,z-ai/glm-4.7-flash-20260119,Cloudflare,standard,false,true,,stop,stop,270,270,MSCodeBase 1-L live arm,test567,false
gen-1786737792-wVOkMat2Bw6ywzHoKaMx,2026-08-14 20:03:12.337,0.000007,,-0.000003,,0,132,8,0,64,z-ai/glm-4.7-flash-20260119,DeepInfra,standard,false,true,,stop,stop,517,517,MSCodeBase 1-L live arm,test567,false
gen-1786737791-CM2NBHMbTqFUh7B8VWXB,2026-08-14 20:03:11.546,0.000011,,,,0,133,8,0,0,z-ai/glm-4.7-flash-20260119,Cloudflare,standard,false,true,,stop,stop,175,175,MSCodeBase 1-L live arm,test567,false
gen-1786737790-20TqscIeM8yqzEufXHZ0,2026-08-14 20:03:10.755,0.000011,,,,0,131,8,0,0,z-ai/glm-4.7-flash-20260119,Cloudflare,standard,false,true,,stop,stop,164,164,MSCodeBase 1-L live arm,test567,false
gen-1786737789-qx1AbIqtYDTWwfd64aoQ,2026-08-14 20:03:09.256,0.000009,,-0.000007,,0,181,12,0,126,z-ai/glm-4.7-flash-20260119,Novita,standard,false,true,,stop,stop,866,866,MSCodeBase 1-L live arm,test567,false
gen-1786737787-hmO1y9rtelKgiPwUY8AQ,2026-08-14 20:03:07.898,0.000009,,-0.000007,,0,183,12,0,128,z-ai/glm-4.7-flash-20260119,Novita,standard,false,true,,stop,stop,748,748,MSCodeBase 1-L live arm,test567,false
gen-1786737786-2NRWNft8IlqHoENDf5oW,2026-08-14 20:03:06.910,0.000011,,,,0,131,8,0,0,z-ai/glm-4.7-flash-20260119,Cloudflare,standard,false,true,,stop,stop,365,365,MSCodeBase 1-L live arm,test567,false
gen-1786737785-pEHKwMNe5odeU7REu73G,2026-08-14 20:03:05.540,0.000009,,-0.000007,,0,178,12,0,123,z-ai/glm-4.7-flash-20260119,Novita,standard,false,true,,stop,stop,758,758,MSCodeBase 1-L live arm,test567,false
gen-1786737784-TJFEUU36aUaWgHo92NGN,2026-08-14 20:03:04.268,0.000011,,,,0,133,8,0,0,z-ai/glm-4.7-flash-20260119,Cloudflare,standard,false,true,,stop,stop,645,645,MSCodeBase 1-L live arm,test567,false
gen-1786737783-GCcf43o2FC1qmQxpzeh9,2026-08-14 20:03:03.453,0.00001,,,,0,129,8,0,0,z-ai/glm-4.7-flash-20260119,Cloudflare,standard,false,true,,stop,stop,217,217,MSCodeBase 1-L live arm,test567,false
gen-1786737772-kg89RbGIMICX8DWrJiio,2026-08-14 20:02:52.526,0.00001,,,,0,128,8,0,0,z-ai/glm-4.7-flash-20260119,Cloudflare,standard,false,true,,stop,stop,196,196,MSCodeBase 1-L live arm,test567,false
gen-1786737771-heFMNx4gBztS9GJ1vWYM,2026-08-14 20:02:51.225,0.00001,,-0.000007,,0,185,12,0,119,z-ai/glm-4.7-flash-20260119,Novita,standard,false,true,,stop,stop,701,701,MSCodeBase 1-L live arm,test567,false
gen-1786737770-pAy4FmEn2zWg51xURac4,2026-08-14 20:02:50.174,0.00001,,,,0,129,8,0,0,z-ai/glm-4.7-flash-20260119,Cloudflare,standard,false,true,,stop,stop,443,443,MSCodeBase 1-L live arm,test567,false
gen-1786737769-yVcjZTDsD6giAk9bDWdp,2026-08-14 20:02:49.377,0.000011,,,,0,132,8,0,0,z-ai/glm-4.7-flash-20260119,Cloudflare,standard,false,true,,stop,stop,195,195,MSCodeBase 1-L live arm,test567,false
gen-1786737768-LzYnVjFAlOfsFQd0A0F1,2026-08-14 20:02:48.028,0.000017,,0,,0,184,12,0,2,z-ai/glm-4.7-flash-20260119,Novita,standard,false,true,,stop,stop,766,766,MSCodeBase 1-L live arm,test567,false
gen-1786737766-Mk1JnFg5p5pS1Jr0LHMq,2026-08-14 20:02:46.718,0.000009,,-0.000007,,0,181,12,0,125,z-ai/glm-4.7-flash-20260119,Novita,standard,false,true,,stop,stop,720,720,MSCodeBase 1-L live arm,test567,false
gen-1786737765-kS2ztgVG3lNTBdFvROIV,2026-08-14 20:02:45.911,0.000011,,,,0,132,8,0,0,z-ai/glm-4.7-flash-20260119,Cloudflare,standard,false,true,,stop,stop,196,196,MSCodeBase 1-L live arm,test567,false
gen-1786737764-6fF8uWOpDwiQ6Glc8cdz,2026-08-14 20:02:44.915,0.000011,,,,0,132,8,0,0,z-ai/glm-4.7-flash-20260119,Cloudflare,standard,false,true,,stop,stop,319,319,MSCodeBase 1-L live arm,test567,false
gen-1786737763-lTrumCQKXFZ4FuLBeqDw,2026-08-14 20:02:43.556,0.00001,,,,0,127,8,0,0,z-ai/glm-4.7-flash-20260119,Cloudflare,standard,false,true,,stop,stop,758,758,MSCodeBase 1-L live arm,test567,false
gen-1786737761-s3PAHIaTLxKGcFMlh8W2,2026-08-14 20:02:41.857,0.00001,,,,0,129,8,0,0,z-ai/glm-4.7-flash-20260119,Cloudflare,standard,false,true,,stop,stop,1059,1059,MSCodeBase 1-L live arm,test567,false
gen-1786737760-dq90aEspxDh4HxWDXpkD,2026-08-14 20:02:40.387,0.000009,,-0.000007,,0,182,12,0,126,z-ai/glm-4.7-flash-20260119,Novita,standard,false,true,,stop,stop,873,873,MSCodeBase 1-L live arm,test567,false
gen-1786737749-4gqqVQhqq9xu86hMiyfm,2026-08-14 20:02:29.089,0.000007,,-0.000003,,0,134,8,0,64,z-ai/glm-4.7-flash-20260119,DeepInfra,standard,false,true,,stop,stop,519,519,MSCodeBase 1-L live arm,test567,false
gen-1786737748-YPaKezyQx53YspqbnkIe,2026-08-14 20:02:28.061,0.000011,,,,0,132,8,0,0,z-ai/glm-4.7-flash-20260119,Cloudflare,standard,false,true,,stop,stop,427,427,MSCodeBase 1-L live arm,test567,false
gen-1786737747-w9lKDFhHP2BMOmnlXoKT,2026-08-14 20:02:27.183,0.000011,,,,0,133,8,0,0,z-ai/glm-4.7-flash-20260119,Cloudflare,standard,false,true,,stop,stop,212,212,MSCodeBase 1-L live arm,test567,false
gen-1786737745-00eAsGJRHhJGmdUhi92t,2026-08-14 20:02:25.796,0.00001,,-0.000007,,0,185,12,0,119,z-ai/glm-4.7-flash-20260119,Novita,standard,false,true,,stop,stop,787,787,MSCodeBase 1-L live arm,test567,false
gen-1786737744-Ne1nFDQvI7zcMLaPOCQ6,2026-08-14 20:02:24.674,0.000007,,-0.000003,,0,130,8,0,64,z-ai/glm-4.7-flash-20260119,DeepInfra,standard,false,true,,stop,stop,507,507,MSCodeBase 1-L live arm,test567,false
gen-1786737743-bDzplsQyD207LsOBkibE,2026-08-14 20:02:23.330,0.00001,,-0.000007,,0,184,12,0,119,z-ai/glm-4.7-flash-20260119,Novita,standard,false,true,,stop,stop,743,743,MSCodeBase 1-L live arm,test567,false
gen-1786737741-yN00CteHe02CZV22L022,2026-08-14 20:02:21.973,0.00001,,-0.000007,,0,184,12,0,119,z-ai/glm-4.7-flash-20260119,Novita,standard,false,true,,stop,stop,757,757,MSCodeBase 1-L live arm,test567,false
gen-1786737740-xUPzANFREC0Uon0FTkrs,2026-08-14 20:02:20.752,0.000007,,-0.000003,,0,132,8,0,64,z-ai/glm-4.7-flash-20260119,DeepInfra,standard,false,true,,stop,stop,625,625,MSCodeBase 1-L live arm,test567,false
gen-1786737739-r7c6kA0hVu64n79EcgJi,2026-08-14 20:02:19.344,0.00001,,-0.000007,,0,182,12,0,120,z-ai/glm-4.7-flash-20260119,Novita,standard,false,true,,stop,stop,738,738,MSCodeBase 1-L live arm,test567,false
gen-1786737737-qK7TYVj8iO3E4kqFRP9s,2026-08-14 20:02:17.989,0.00001,,-0.000007,,0,179,12,0,119,z-ai/glm-4.7-flash-20260119,Novita,standard,false,true,,stop,stop,732,732,MSCodeBase 1-L live arm,test567,false
gen-1786737736-ZXli2uhPtz5efdmpTAij,2026-08-14 20:02:16.501,0.00001,,-0.000007,,0,186,12,0,119,z-ai/glm-4.7-flash-20260119,Novita,standard,false,true,,stop,stop,883,883,MSCodeBase 1-L live arm,test567,false
gen-1786737734-aEJ72Ba79eKc87vsuJgR,2026-08-14 20:02:14.786,0.000009,,-0.000007,,0,179,12,0,121,z-ai/glm-4.7-flash-20260119,Novita,standard,false,true,,stop,stop,930,930,MSCodeBase 1-L live arm,test567,false
gen-1786737733-ueZYFnUjLTykutgp98Pj,2026-08-14 20:02:13.450,0.00001,,-0.000007,,0,182,12,0,119,z-ai/glm-4.7-flash-20260119,Novita,standard,false,true,,stop,stop,738,738,MSCodeBase 1-L live arm,test567,false
gen-1786737732-WcVUge72ZtX2WGIJNxFV,2026-08-14 20:02:12.271,0.00001,,,,0,126,8,0,0,z-ai/glm-4.7-flash-20260119,Cloudflare,standard,false,true,,stop,stop,548,548,MSCodeBase 1-L live arm,test567,false
gen-1786737730-MzJ638pOxVavN65d7fFD,2026-08-14 20:02:10.626,0.00001,,-0.000007,,0,181,12,0,119,z-ai/glm-4.7-flash-20260119,Novita,standard,false,true,,stop,stop,1050,1050,MSCodeBase 1-L live arm,test567,false
gen-1786737729-flNV1LeYaWaPEwIHc6ZS,2026-08-14 20:02:09.774,0.00001,,,,0,129,8,0,0,z-ai/glm-4.7-flash-20260119,Cloudflare,standard,false,true,,stop,stop,243,243,MSCodeBase 1-L live arm,test567,false
gen-1786737728-NpHwRV3yQi965RqIePsv,2026-08-14 20:02:08.312,0.00001,,-0.000007,,0,183,12,0,119,z-ai/glm-4.7-flash-20260119,Novita,standard,false,true,,stop,stop,855,855,MSCodeBase 1-L live arm,test567,false
gen-1786737727-8zFhq08hVl6wtwu2Tff5,2026-08-14 20:02:07.011,0.00001,,-0.000007,,0,188,12,0,119,z-ai/glm-4.7-flash-20260119,Novita,standard,false,true,,stop,stop,684,684,MSCodeBase 1-L live arm,test567,false
gen-1786737725-gSOzdAHhBf20QEbrfEJS,2026-08-14 20:02:05.665,0.000011,,,,0,131,8,0,0,z-ai/glm-4.7-flash-20260119,Cloudflare,standard,false,true,,stop,stop,615,615,MSCodeBase 1-L live arm,test567,false
gen-1786737724-rOMWzVrDc9W4qYW62BSL,2026-08-14 20:02:04.895,0.00001,,,,0,130,8,0,0,z-ai/glm-4.7-flash-20260119,Cloudflare,standard,false,true,,stop,stop,172,172,MSCodeBase 1-L live arm,test567,false
gen-1786737723-GU75AKSb5tdPAbOSelIy,2026-08-14 20:02:03.583,0.00001,,-0.000007,,0,183,12,0,119,z-ai/glm-4.7-flash-20260119,Novita,standard,false,true,,stop,stop,708,708,MSCodeBase 1-L live arm,test567,false
gen-1786737722-uAqrEjvZXsDOAid5ntkC,2026-08-14 20:02:02.453,0.000011,,,,0,134,8,0,0,z-ai/glm-4.7-flash-20260119,Cloudflare,standard,false,true,,stop,stop,497,497,MSCodeBase 1-L live arm,test567,false
gen-1786737721-T6b3qnvJZ5PPfN4cwX75,2026-08-14 20:02:01.052,0.00001,,-0.000007,,0,183,12,0,117,z-ai/glm-4.7-flash-20260119,Novita,standard,false,true,,stop,stop,773,773,MSCodeBase 1-L live arm,test567,false
gen-1786737720-8SQTa8Q73iTY8JLKle6T,2026-08-14 20:02:00.161,0.000011,,,,0,142,8,0,0,z-ai/glm-4.7-flash-20260119,Cloudflare,standard,false,true,,stop,stop,284,284,MSCodeBase 1-L live arm,test567,false
gen-1786737718-61MojGt586xBQaczSZmw,2026-08-14 20:01:58.778,0.000008,,-0.000003,,0,136,8,0,64,z-ai/glm-4.7-flash-20260119,DeepInfra,standard,false,true,,stop,stop,779,779,MSCodeBase 1-L live arm,test567,false
gen-1786737717-LAqK13GQrRoVUuNXSWtS,2026-08-14 20:01:57.176,0.00001,,-0.000007,,0,188,12,0,119,z-ai/glm-4.7-flash-20260119,Novita,standard,false,true,,stop,stop,1004,1004,MSCodeBase 1-L live arm,test567,false
gen-1786737716-1ucynkb184hbhQL65sgQ,2026-08-14 20:01:56.090,0.000011,,,,0,142,8,0,0,z-ai/glm-4.7-flash-20260119,Cloudflare,standard,false,true,,stop,stop,422,422,MSCodeBase 1-L live arm,test567,false
gen-1786737714-IQDE3RwljIM6iLAfvtXT,2026-08-14 20:01:54.727,0.00001,,-0.000007,,0,187,12,0,117,z-ai/glm-4.7-flash-20260119,Novita,standard,false,true,,stop,stop,769,769,MSCodeBase 1-L live arm,test567,false
gen-1786737713-icWttdZ1Org4w3JtQrFE,2026-08-14 20:01:53.912,0.000011,,,,0,138,8,0,0,z-ai/glm-4.7-flash-20260119,Cloudflare,standard,false,true,,stop,stop,195,195,MSCodeBase 1-L live arm,test567,false
gen-1786737712-AeFBMzRGNNTUFuvJdo20,2026-08-14 20:01:52.883,0.000006,,-0.000007,,0,140,12,0,127,z-ai/glm-4.7-flash-20260119,Novita,standard,false,true,,stop,stop,733,733,MSCodeBase 1-L live arm,test567,false
gen-1786737711-uR20wV33no5COru3q3rO,2026-08-14 20:01:51.435,0.000007,,-0.000007,,0,146,12,0,127,z-ai/glm-4.7-flash-20260119,Novita,standard,false,true,,stop,stop,832,832,MSCodeBase 1-L live arm,test567,false
gen-1786737709-12cK4YOrter6jDIk6eDJ,2026-08-14 20:01:49.838,0.000007,,-0.000007,,0,147,12,0,127,z-ai/glm-4.7-flash-20260119,Novita,standard,false,true,,stop,stop,978,978,MSCodeBase 1-L live arm,test567,false
gen-1786737708-r3GOvmpAaMAHzGhFZErV,2026-08-14 20:01:48.875,0.000008,,,,0,94,8,0,0,z-ai/glm-4.7-flash-20260119,Cloudflare,standard,false,true,,stop,stop,347,347,MSCodeBase 1-L live arm,test567,false
gen-1786737707-UF7O4gff8ouoZEpOu8BG,2026-08-14 20:01:47.540,0.000006,,-0.000008,,0,143,12,0,134,z-ai/glm-4.7-flash-20260119,Novita,standard,false,true,,stop,stop,730,730,MSCodeBase 1-L live arm,test567,false
gen-1786737706-sB9obcZZpWfPWUI3XlH5,2026-08-14 20:01:46.703,0.000008,,,,0,93,8,0,0,z-ai/glm-4.7-flash-20260119,Cloudflare,standard,false,true,,stop,stop,227,227,MSCodeBase 1-L live arm,test567,false
gen-1786737705-K8ZhVasfD4gfthGgkHnh,2026-08-14 20:01:45.871,0.000008,,,,0,93,8,0,0,z-ai/glm-4.7-flash-20260119,Cloudflare,standard,false,true,,stop,stop,214,214,MSCodeBase 1-L live arm,test567,false
gen-1786737704-gC0Qj2Hpb126IqtP6WMr,2026-08-14 20:01:44.575,0.000006,,-0.000007,,0,141,12,0,132,z-ai/glm-4.7-flash-20260119,Novita,standard,false,true,,stop,stop,695,695,MSCodeBase 1-L live arm,test567,false
gen-1786737702-ygJiaXhxKJj6hWrcoVvn,2026-08-14 20:01:42.456,0.000006,,-0.000008,,0,146,12,0,136,z-ai/glm-4.7-flash-20260119,Novita,standard,false,true,,stop,stop,742,742,MSCodeBase 1-L live arm,test567,false
gen-1786737700-TH6Crg5yzbnykw6171ph,2026-08-14 20:01:40.890,0.000007,,-0.000007,,0,143,12,0,127,z-ai/glm-4.7-flash-20260119,Novita,standard,false,true,,stop,stop,748,748,MSCodeBase 1-L live arm,test567,false
gen-1786737699-B4wdk3WVRFiqUfgJTccH,2026-08-14 20:01:39.503,0.000007,,-0.000007,,0,142,12,0,127,z-ai/glm-4.7-flash-20260119,Novita,standard,false,true,,stop,stop,750,750,MSCodeBase 1-L live arm,test567,false
gen-1786737698-9P7DomTcUzwymBGN2nsT,2026-08-14 20:01:38.182,0.000006,,-0.000007,,0,145,12,0,133,z-ai/glm-4.7-flash-20260119,Novita,standard,false,true,,stop,stop,732,732,MSCodeBase 1-L live arm,test567,false
gen-1786737696-bxHiPmMqHGkkfc3xmAVT,2026-08-14 20:01:36.884,0.000006,,-0.000007,,0,143,12,0,133,z-ai/glm-4.7-flash-20260119,Novita,standard,false,true,,stop,stop,710,710,MSCodeBase 1-L live arm,test567,false
gen-1786737695-1QmO44GqjyLaNghsf5nI,2026-08-14 20:01:35.346,0.000007,,-0.000007,,0,146,12,0,128,z-ai/glm-4.7-flash-20260119,Novita,standard,false,true,,stop,stop,949,949,MSCodeBase 1-L live arm,test567,false
gen-1786737693-oOOHLcVscLIZ6b5I9XIG,2026-08-14 20:01:33.963,0.000007,,-0.000007,,0,145,12,0,127,z-ai/glm-4.7-flash-20260119,Novita,standard,false,true,,stop,stop,767,767,MSCodeBase 1-L live arm,test567,false
gen-1786737691-ThJTEc4QhEtRNF52szLV,2026-08-14 20:01:31.265,0.000006,,-0.000007,,0,143,12,0,133,z-ai/glm-4.7-flash-20260119,Novita,standard,false,true,,stop,stop,2095,2095,MSCodeBase 1-L live arm,test567,false
gen-1786737689-TuxUyOWjEmOKjkkT7JvB,2026-08-14 20:01:29.939,0.000005,,-0.000003,,0,94,8,0,64,z-ai/glm-4.7-flash-20260119,Venice,standard,false,true,,stop,stop,721,721,MSCodeBase 1-L live arm,test567,false
gen-1786737687-5LbBjiWOPNW7zCI7JrwA,2026-08-14 20:01:27.173,0.000008,,,,0,94,8,0,0,z-ai/glm-4.7-flash-20260119,Cloudflare,standard,false,true,,stop,stop,2148,2148,MSCodeBase 1-L live arm,test567,false
gen-1786737686-kJVVY1xMuCyy12gqPUVd,2026-08-14 20:01:26.289,0.000008,,,,0,89,8,0,0,z-ai/glm-4.7-flash-20260119,Cloudflare,standard,false,true,,stop,stop,239,239,MSCodeBase 1-L live arm,test567,false
gen-1786737684-bOWSiHA4ojpClP7Hyldg,2026-08-14 20:01:24.902,0.000007,,-0.000007,,0,143,12,0,128,z-ai/glm-4.7-flash-20260119,Novita,standard,false,true,,stop,stop,790,790,MSCodeBase 1-L live arm,test567,false
gen-1786737674-18VG2YGd2jUSPhgpZzsq,2026-08-14 20:01:14.014,0.000008,,,,0,92,8,0,0,z-ai/glm-4.7-flash-20260119,Cloudflare,standard,false,true,,stop,stop,183,183,MSCodeBase 1-L live arm,test567,false
gen-1786737672-B5MXKjvDxDDX5GRkJck4,2026-08-14 20:01:12.898,0.000005,,-0.000003,,0,96,8,0,64,z-ai/glm-4.7-flash-20260119,DeepInfra,standard,false,true,,stop,stop,504,504,MSCodeBase 1-L live arm,test567,false
gen-1786737672-NXT5mdgQyjyI0z4byCJL,2026-08-14 20:01:11.999,0.000008,,,,0,94,8,0,0,z-ai/glm-4.7-flash-20260119,Cloudflare,standard,false,true,,stop,stop,293,293,MSCodeBase 1-L live arm,test567,false
gen-1786737670-3l2nz1qlYMSZMEcuijFB,2026-08-14 20:01:10.934,0.000005,,-0.000003,,0,95,8,0,64,z-ai/glm-4.7-flash-20260119,DeepInfra,standard,false,true,,stop,stop,463,463,MSCodeBase 1-L live arm,test567,false
gen-1786737670-WEPKU7vAeERkl3kl6cFF,2026-08-14 20:01:10.119,0.000008,,,,0,93,8,0,0,z-ai/glm-4.7-flash-20260119,Cloudflare,standard,false,true,,stop,stop,215,215,MSCodeBase 1-L live arm,test567,false
gen-1786737669-sEcvCWVy2sMde4UviUZF,2026-08-14 20:01:09.072,0.000005,,-0.000003,,0,92,8,0,64,z-ai/glm-4.7-flash-20260119,DeepInfra,standard,false,true,,stop,stop,455,455,MSCodeBase 1-L live arm,test567,false
gen-1786737668-CjJdtyVzH86SKyw1LArE,2026-08-14 20:01:08.069,0.000008,,,,0,93,8,0,0,z-ai/glm-4.7-flash-20260119,Cloudflare,standard,false,true,,stop,stop,229,229,MSCodeBase 1-L live arm,test567,false
gen-1786737667-NtcQdrcLIcxsv9yGwv9r,2026-08-14 20:01:07.164,0.000008,,,,0,92,8,0,0,z-ai/glm-4.7-flash-20260119,Cloudflare,standard,false,true,,stop,stop,296,296,MSCodeBase 1-L live arm,test567,false
gen-1786737665-lYDWXMd9KARnpx1k3yxL,2026-08-14 20:01:05.326,0.000007,,-0.000007,,0,145,12,0,127,z-ai/glm-4.7-flash-20260119,Novita,standard,false,true,,stop,stop,1006,1006,MSCodeBase 1-L live arm,test567,false
gen-1786737663-qj0ep8Op9P00YQyaUC8k,2026-08-14 20:01:03.934,0.000007,,-0.000007,,0,144,12,0,127,z-ai/glm-4.7-flash-20260119,Novita,standard,false,true,,stop,stop,791,791,MSCodeBase 1-L live arm,test567,false
gen-1786737661-w26OvUCH2LP3QkqN2AWj,2026-08-14 20:01:01.747,0.000006,,-0.000007,,0,141,12,0,127,z-ai/glm-4.7-flash-20260119,Novita,standard,false,true,,stop,stop,1581,1581,MSCodeBase 1-L live arm,test567,false
gen-1786737660-FmeZIk4g6fwvg5LJcZhg,2026-08-14 20:01:00.335,0.000007,,-0.000007,,0,147,12,0,128,z-ai/glm-4.7-flash-20260119,Novita,standard,false,true,,stop,stop,813,813,MSCodeBase 1-L live arm,test567,false
gen-1786737658-TsJx9Aed2LYkGE2HogFe,2026-08-14 20:00:58.853,0.000007,,-0.000007,,0,142,12,0,127,z-ai/glm-4.7-flash-20260119,Novita,standard,false,true,,stop,stop,877,877,MSCodeBase 1-L live arm,test567,false
gen-1786737656-1bkrYGX3SQI58akLwp0E,2026-08-14 20:00:56.319,0.000007,,-0.000007,,0,144,12,0,127,z-ai/glm-4.7-flash-20260119,Novita,standard,false,true,,stop,stop,1936,1936,MSCodeBase 1-L live arm,test567,false
gen-1786737654-py2iJjTsiAlEGe4ZDWIz,2026-08-14 20:00:54.974,0.000006,,-0.000007,,0,141,12,0,127,z-ai/glm-4.7-flash-20260119,Novita,standard,false,true,,stop,stop,750,750,MSCodeBase 1-L live arm,test567,false
gen-1786737653-LsYyMiyIpZjDK2FHde9j,2026-08-14 20:00:53.715,0.000008,,,,0,91,8,0,0,z-ai/glm-4.7-flash-20260119,DeepInfra,standard,false,true,,stop,stop,552,552,MSCodeBase 1-L live arm,test567,false
gen-1786737652-6hllNXJDiady0hpiDq3r,2026-08-14 20:00:52.935,0.000008,,,,0,90,8,0,0,z-ai/glm-4.7-flash-20260119,Cloudflare,standard,false,true,,stop,stop,163,163,MSCodeBase 1-L live arm,test567,false
gen-1786737652-4ue2zkgTEycQX0u2m6bJ,2026-08-14 20:00:52.105,0.000008,,,,0,95,8,0,0,z-ai/glm-4.7-flash-20260119,Cloudflare,standard,false,true,,stop,stop,182,182,MSCodeBase 1-L live arm,test567,false
gen-1786737651-8smjyI8V6mRwjKkWM0AV,2026-08-14 20:00:51.225,0.000008,,,,0,97,8,0,0,z-ai/glm-4.7-flash-20260119,Cloudflare,standard,false,true,,stop,stop,274,274,MSCodeBase 1-L live arm,test567,false
gen-1786737649-Uw4BRD6mK4pntgmtuQ3U,2026-08-14 20:00:49.850,0.000007,,-0.000007,,0,144,12,0,127,z-ai/glm-4.7-flash-20260119,Novita,standard,false,true,,stop,stop,779,779,MSCodeBase 1-L live arm,test567,false
gen-1786737648-5zLayIscVLkCBSOewn8q,2026-08-14 20:00:48.449,0.000005,,-0.000003,,0,91,8,0,64,z-ai/glm-4.7-flash-20260119,DeepInfra,standard,false,true,,stop,stop,800,800,MSCodeBase 1-L live arm,test567,false
gen-1786737647-gs4Dolk7UkVMuKELS584,2026-08-14 20:00:47.589,0.000008,,,,0,94,8,0,0,z-ai/glm-4.7-flash-20260119,Cloudflare,standard,false,true,,stop,stop,243,243,MSCodeBase 1-L live arm,test567,false
gen-1786737646-e5Nsu2quDRAXVgGosvAV,2026-08-14 20:00:46.268,0.000008,,,,0,92,8,0,0,z-ai/glm-4.7-flash-20260119,Cloudflare,standard,false,true,,stop,stop,579,579,MSCodeBase 1-L live arm,test567,false
gen-1786737644-z6hOcXlZA8egPbDGNS5b,2026-08-14 20:00:44.741,0.000008,,,,0,90,8,0,0,z-ai/glm-4.7-flash-20260119,Cloudflare,standard,false,true,,stop,stop,325,325,MSCodeBase 1-L live arm,test567,false
gen-1786737643-mu6L6EXff3YxEBdZtL5y,2026-08-14 20:00:43.543,0.000008,,,,0,96,8,0,0,z-ai/glm-4.7-flash-20260119,DeepInfra,standard,false,true,,stop,stop,548,548,MSCodeBase 1-L live arm,test567,false
gen-1786737642-m7Ma8mGNXWkPJU8LpWk1,2026-08-14 20:00:42.199,0.000011,,-0.000003,,0,143,12,0,54,z-ai/glm-4.7-flash-20260119,Novita,standard,false,true,,stop,stop,754,754,MSCodeBase 1-L live arm,test567,false
gen-1786737641-qJVY4k1c73rqFMqMG8KN,2026-08-14 20:00:41.356,0.000008,,,,0,93,8,0,0,z-ai/glm-4.7-flash-20260119,Cloudflare,standard,false,true,,stop,stop,230,230,MSCodeBase 1-L live arm,test567,false
gen-1786737640-P9fgfBiHuUkk7LnBTPJS,2026-08-14 20:00:40.484,0.000008,,,,0,95,8,0,0,z-ai/glm-4.7-flash-20260119,Cloudflare,standard,false,true,,stop,stop,276,276,MSCodeBase 1-L live arm,test567,false
gen-1786737638-3Hz9ErW3tVR8vKsybkAu,2026-08-14 20:00:38.861,0.000007,,-0.000007,,0,143,12,0,127,z-ai/glm-4.7-flash-20260119,Novita,standard,false,true,,stop,stop,1019,1019,MSCodeBase 1-L live arm,test567,false
gen-1786737637-s9TQZmhuQUQAuJ4ktwKH,2026-08-14 20:00:37.268,0.000014,,0,,0,146,12,0,2,z-ai/glm-4.7-flash-20260119,Novita,standard,false,true,,stop,stop,1000,1000,MSCodeBase 1-L live arm,test567,false
gen-1786737636-r6xKvMgjbEz74UrSDgrc,2026-08-14 20:00:36.410,0.00001,,,,0,141,7,0,0,qwen/qwen3.5-flash-20260224,Alibaba,standard,false,true,,stop,stop,496,496,MSCodeBase 1-L live arm,test567,false
gen-1786737635-wk9tmVEu7UQMRlw351iP,2026-08-14 20:00:35.389,0.000011,,,,0,146,7,0,0,qwen/qwen3.5-flash-20260224,Alibaba,standard,false,true,,stop,stop,438,438,MSCodeBase 1-L live arm,test567,false
gen-1786737634-snAlZCBQArbJNScmVAlx,2026-08-14 20:00:34.302,0.000011,,,,0,146,7,0,0,qwen/qwen3.5-flash-20260224,Alibaba,standard,false,true,,stop,stop,481,481,MSCodeBase 1-L live arm,test567,false
gen-1786737633-MQtasr8TtJPSqUJmFKoA,2026-08-14 20:00:33.187,0.000011,,,,0,143,7,0,0,qwen/qwen3.5-flash-20260224,Alibaba,standard,false,true,,stop,stop,506,506,MSCodeBase 1-L live arm,test567,false
gen-1786737631-6NXOlDpCbdJapAZOQycq,2026-08-14 20:00:31.841,0.000011,,,,0,144,7,0,0,qwen/qwen3.5-flash-20260224,Alibaba,standard,false,true,,stop,stop,753,753,MSCodeBase 1-L live arm,test567,false
gen-1786737630-cqBR84heuSUZB2JCrYPK,2026-08-14 20:00:30.505,0.000011,,,,0,143,7,0,0,qwen/qwen3.5-flash-20260224,Alibaba,standard,false,true,,stop,stop,734,734,MSCodeBase 1-L live arm,test567,false
gen-1786737629-OIy4loKZRXdoxzItqYHK,2026-08-14 20:00:29.183,0.000011,,,,0,146,7,0,0,qwen/qwen3.5-flash-20260224,Alibaba,standard,false,true,,stop,stop,725,725,MSCodeBase 1-L live arm,test567,false
gen-1786737627-1fX2lVszf2SlDQNsa5nV,2026-08-14 20:00:27.779,0.00001,,,,0,140,7,0,0,qwen/qwen3.5-flash-20260224,Alibaba,standard,false,true,,stop,stop,819,819,MSCodeBase 1-L live arm,test567,false
gen-1786737626-aoQjX14qH9Y6j4lyB5uY,2026-08-14 20:00:26.465,0.000011,,,,0,145,7,0,0,qwen/qwen3.5-flash-20260224,Alibaba,standard,false,true,,stop,stop,716,716,MSCodeBase 1-L live arm,test567,false
gen-1786737625-0sxQdSLIfi7KN2EjlRgF,2026-08-14 20:00:25.105,0.000011,,,,0,143,7,0,0,qwen/qwen3.5-flash-20260224,Alibaba,standard,false,true,,stop,stop,744,744,MSCodeBase 1-L live arm,test567,false
gen-1786737623-Vu8tJRgM8KPvbJX6dw6n,2026-08-14 20:00:23.995,0.000011,,,,0,143,7,0,0,qwen/qwen3.5-flash-20260224,Alibaba,standard,false,true,,stop,stop,485,485,MSCodeBase 1-L live arm,test567,false
gen-1786737622-w5dOtPOzIu5EHrbzPMH7,2026-08-14 20:00:22.733,0.000011,,,,0,145,7,0,0,qwen/qwen3.5-flash-20260224,Alibaba,standard,false,true,,stop,stop,666,666,MSCodeBase 1-L live arm,test567,false
gen-1786737621-6qLz2gkKNpnn8AVU28nq,2026-08-14 20:00:21.145,0.000011,,,,0,143,7,0,0,qwen/qwen3.5-flash-20260224,Alibaba,standard,false,true,,stop,stop,990,990,MSCodeBase 1-L live arm,test567,false
gen-1786737620-neSJAY8sSaTGQD4hS6xY,2026-08-14 20:00:20.001,0.000011,,,,0,144,7,0,0,qwen/qwen3.5-flash-20260224,Alibaba,standard,false,true,,stop,stop,548,548,MSCodeBase 1-L live arm,test567,false
gen-1786737618-epaK10PMbuhJXHILzwtL,2026-08-14 20:00:18.949,0.000011,,,,0,146,7,0,0,qwen/qwen3.5-flash-20260224,Alibaba,standard,false,true,,stop,stop,451,451,MSCodeBase 1-L live arm,test567,false
gen-1786737617-o19NDMHicDFi1W4kwGeJ,2026-08-14 20:00:17.577,0.000011,,,,0,143,7,0,0,qwen/qwen3.5-flash-20260224,Alibaba,standard,false,true,,stop,stop,773,773,MSCodeBase 1-L live arm,test567,false
gen-1786737616-fynaPXG7bQxCMovIILhC,2026-08-14 20:00:16.516,0.000011,,,,0,145,7,0,0,qwen/qwen3.5-flash-20260224,Alibaba,standard,false,true,,stop,stop,465,465,MSCodeBase 1-L live arm,test567,false
gen-1786737612-5QH6l0q6y5nk72nnXERo,2026-08-14 20:00:12.902,0.000011,,,,0,145,7,0,0,qwen/qwen3.5-flash-20260224,Alibaba,standard,false,true,,stop,stop,3015,3015,MSCodeBase 1-L live arm,test567,false
gen-1786737611-2zerJQggXNd222jMIMZS,2026-08-14 20:00:11.693,0.00001,,,,0,141,7,0,0,qwen/qwen3.5-flash-20260224,Alibaba,standard,false,true,,stop,stop,457,457,MSCodeBase 1-L live arm,test567,false
gen-1786737610-Uv9IfR9h8s6nUyzQcMy8,2026-08-14 20:00:10.275,0.000011,,,,0,143,7,0,0,qwen/qwen3.5-flash-20260224,Alibaba,standard,false,true,,stop,stop,789,789,MSCodeBase 1-L live arm,test567,false
gen-1786737609-LFjnwXeWfKCb6r1wqJil,2026-08-14 20:00:09.051,0.000011,,,,0,143,7,0,0,qwen/qwen3.5-flash-20260224,Alibaba,standard,false,true,,stop,stop,510,510,MSCodeBase 1-L live arm,test567,false
gen-1786737607-erFj6Z5RILUxzyNenCRI,2026-08-14 20:00:07.775,0.000011,,,,0,146,7,0,0,qwen/qwen3.5-flash-20260224,Alibaba,standard,false,true,,stop,stop,505,505,MSCodeBase 1-L live arm,test567,false
gen-1786737606-JSdr18DiRJ9mFx9wQKNb,2026-08-14 20:00:06.651,0.000011,,,,0,145,7,0,0,qwen/qwen3.5-flash-20260224,Alibaba,standard,false,true,,stop,stop,419,419,MSCodeBase 1-L live arm,test567,false
gen-1786737605-4AegYTXwMkz7FBoRMIic,2026-08-14 20:00:05.417,0.000011,,,,0,146,7,0,0,qwen/qwen3.5-flash-20260224,Alibaba,standard,false,true,,stop,stop,515,515,MSCodeBase 1-L live arm,test567,false
gen-1786737604-hQat0tPU9BDDXtafhNpq,2026-08-14 20:00:04.198,0.000011,,,,0,144,7,0,0,qwen/qwen3.5-flash-20260224,Alibaba,standard,false,true,,stop,stop,529,529,MSCodeBase 1-L live arm,test567,false
gen-1786737602-gGVjTKKu8YEDTr8nhoNx,2026-08-14 20:00:02.738,0.000011,,,,0,143,7,0,0,qwen/qwen3.5-flash-20260224,Alibaba,standard,false,true,,stop,stop,759,759,MSCodeBase 1-L live arm,test567,false
gen-1786737601-bIt9D2L1wwTim0ZszkIZ,2026-08-14 20:00:01.338,0.000011,,,,0,146,7,0,0,qwen/qwen3.5-flash-20260224,Alibaba,standard,false,true,,stop,stop,718,718,MSCodeBase 1-L live arm,test567,false
gen-1786737599-rGRa0R5sO8aKRinfbZnZ,2026-08-14 19:59:59.530,0.000011,,,,0,146,7,0,0,qwen/qwen3.5-flash-20260224,Alibaba,standard,false,true,,stop,stop,1208,1208,MSCodeBase 1-L live arm,test567,false
gen-1786737598-N9EwnAglY1iSffo9H0xm,2026-08-14 19:59:58.446,0.000011,,,,0,145,7,0,0,qwen/qwen3.5-flash-20260224,Alibaba,standard,false,true,,stop,stop,491,491,MSCodeBase 1-L live arm,test567,false
gen-1786737597-0oll0KmAdoNfMylHH8LH,2026-08-14 19:59:57.344,0.000011,,,,0,145,7,0,0,qwen/qwen3.5-flash-20260224,Alibaba,standard,false,true,,stop,stop,496,496,MSCodeBase 1-L live arm,test567,false
gen-1786737596-h5G3zfjDzhEIMPcnR1Ik,2026-08-14 19:59:56.307,0.00001,,,,0,141,7,0,0,qwen/qwen3.5-flash-20260224,Alibaba,standard,false,true,,stop,stop,447,447,MSCodeBase 1-L live arm,test567,false
gen-1786737595-RFxA8dojBz7loRLVFvsf,2026-08-14 19:59:55.017,0.000011,,,,0,146,7,0,0,qwen/qwen3.5-flash-20260224,Alibaba,standard,false,true,,stop,stop,700,700,MSCodeBase 1-L live arm,test567,false
gen-1786737593-0doFu3CqI4NdWf05gNRI,2026-08-14 19:59:53.755,0.00001,,,,0,141,7,0,0,qwen/qwen3.5-flash-20260224,Alibaba,standard,false,true,,stop,stop,679,679,MSCodeBase 1-L live arm,test567,false
gen-1786737592-tt2xbObRBwrjQzcQhL1p,2026-08-14 19:59:52.697,0.000011,,,,0,143,7,0,0,qwen/qwen3.5-flash-20260224,Alibaba,standard,false,true,,stop,stop,452,452,MSCodeBase 1-L live arm,test567,false
gen-1786737591-syQmmpNrnQX4ceY7bQkS,2026-08-14 19:59:51.561,0.00001,,,,0,140,7,0,0,qwen/qwen3.5-flash-20260224,Alibaba,standard,false,true,,stop,stop,543,543,MSCodeBase 1-L live arm,test567,false
gen-1786737590-dYvqM9rmhBkeViup3h88,2026-08-14 19:59:50.264,0.000011,,,,0,144,7,0,0,qwen/qwen3.5-flash-20260224,Alibaba,standard,false,true,,stop,stop,707,707,MSCodeBase 1-L live arm,test567,false
gen-1786737588-H3fcDtMXjP2Ielprv8oF,2026-08-14 19:59:48.970,0.000011,,,,0,143,7,0,0,qwen/qwen3.5-flash-20260224,Alibaba,standard,false,true,,stop,stop,703,703,MSCodeBase 1-L live arm,test567,false
gen-1786737587-9JPj5dcrNrotVYuabGLt,2026-08-14 19:59:47.620,0.000011,,,,0,144,7,0,0,qwen/qwen3.5-flash-20260224,Alibaba,standard,false,true,,stop,stop,763,763,MSCodeBase 1-L live arm,test567,false
gen-1786737586-7ov5K19g5JCDCNoRzLCk,2026-08-14 19:59:46.271,0.000011,,,,0,148,7,0,0,qwen/qwen3.5-flash-20260224,Alibaba,standard,false,true,,stop,stop,771,771,MSCodeBase 1-L live arm,test567,false
gen-1786737585-TpF1vZ9A5wqQfnssgP8O,2026-08-14 19:59:45.122,0.000011,,,,0,144,7,0,0,qwen/qwen3.5-flash-20260224,Alibaba,standard,false,true,,stop,stop,552,552,MSCodeBase 1-L live arm,test567,false
gen-1786737584-J0vlilIhDEobcuwpYeyv,2026-08-14 19:59:43.997,0.000011,,,,0,143,7,0,0,qwen/qwen3.5-flash-20260224,Alibaba,standard,false,true,,stop,stop,538,538,MSCodeBase 1-L live arm,test567,false
gen-1786737582-m8MEfHiBGD1aPGGXe3Y1,2026-08-14 19:59:42.685,0.000011,,,,0,145,7,0,0,qwen/qwen3.5-flash-20260224,Alibaba,standard,false,true,,stop,stop,713,713,MSCodeBase 1-L live arm,test567,false
gen-1786737581-GsKYqBrJj9fXDx9QLG4e,2026-08-14 19:59:41.370,0.000011,,,,0,148,7,0,0,qwen/qwen3.5-flash-20260224,Alibaba,standard,false,true,,stop,stop,726,726,MSCodeBase 1-L live arm,test567,false
gen-1786737580-Tp5DNeL1mLjQSQo584q1,2026-08-14 19:59:40.077,0.000011,,,,0,146,7,0,0,qwen/qwen3.5-flash-20260224,Alibaba,standard,false,true,,stop,stop,701,701,MSCodeBase 1-L live arm,test567,false
gen-1786737578-BKQqs6mBQaYXtxDWqBqg,2026-08-14 19:59:38.975,0.000011,,,,0,157,7,0,0,qwen/qwen3.5-flash-20260224,Alibaba,standard,false,true,,stop,stop,499,499,MSCodeBase 1-L live arm,test567,false
gen-1786737577-WfB1N9BnKEhl1vMvluqp,2026-08-14 19:59:37.861,0.000011,,,,0,150,7,0,0,qwen/qwen3.5-flash-20260224,Alibaba,standard,false,true,,stop,stop,514,514,MSCodeBase 1-L live arm,test567,false
gen-1786737576-V89SZ0kAUdomYCH1UTnk,2026-08-14 19:59:36.811,0.000011,,,,0,151,7,0,0,qwen/qwen3.5-flash-20260224,Alibaba,standard,false,true,,stop,stop,469,469,MSCodeBase 1-L live arm,test567,false
gen-1786737575-oC9j5UF8ia8AZ9t0g1l5,2026-08-14 19:59:35.791,0.000011,,,,0,155,7,0,0,qwen/qwen3.5-flash-20260224,Alibaba,standard,false,true,,stop,stop,438,438,MSCodeBase 1-L live arm,test567,false
gen-1786737574-Izc61B1ojIa22d4zazRQ,2026-08-14 19:59:34.513,0.000011,,,,0,149,7,0,0,qwen/qwen3.5-flash-20260224,Alibaba,standard,false,true,,stop,stop,702,702,MSCodeBase 1-L live arm,test567,false
gen-1786737573-foWqmgAhXEJlYSVOoOgN,2026-08-14 19:59:33.385,0.000011,,,,0,151,7,0,0,qwen/qwen3.5-flash-20260224,Alibaba,standard,false,true,,stop,stop,524,524,MSCodeBase 1-L live arm,test567,false
gen-1786737572-8R1S8iBLZYVJP4q06Axo,2026-08-14 19:59:32.340,0.000008,,,,0,104,7,0,0,qwen/qwen3.5-flash-20260224,Alibaba,standard,false,true,,stop,stop,710,710,MSCodeBase 1-L live arm,test567,false
gen-1786737571-1UJQklt3z14HFq2lFZbi,2026-08-14 19:59:31.255,0.000008,,,,0,109,7,0,0,qwen/qwen3.5-flash-20260224,Alibaba,standard,false,true,,stop,stop,473,473,MSCodeBase 1-L live arm,test567,false
gen-1786737570-UbcN7xRlNWsjXn1cDY4l,2026-08-14 19:59:30.138,0.000008,,,,0,109,7,0,0,qwen/qwen3.5-flash-20260224,Alibaba,standard,false,true,,stop,stop,459,459,MSCodeBase 1-L live arm,test567,false
gen-1786737568-snfTs0Cjx5ZoRyndR2Kl,2026-08-14 19:59:28.828,0.000008,,,,0,106,7,0,0,qwen/qwen3.5-flash-20260224,Alibaba,standard,false,true,,stop,stop,702,702,MSCodeBase 1-L live arm,test567,false
gen-1786737567-VPCtMs4SLq5dmGaKS5vO,2026-08-14 19:59:27.815,0.000008,,,,0,107,7,0,0,qwen/qwen3.5-flash-20260224,Alibaba,standard,false,true,,stop,stop,420,420,MSCodeBase 1-L live arm,test567,false
gen-1786737566-UmKx54TWIDa8TfMKRBRn,2026-08-14 19:59:26.716,0.000008,,,,0,106,7,0,0,qwen/qwen3.5-flash-20260224,Alibaba,standard,false,true,,stop,stop,477,477,MSCodeBase 1-L live arm,test567,false
gen-1786737565-CNcmmnccxZMcFij9KgFd,2026-08-14 19:59:25.590,0.000008,,,,0,109,7,0,0,qwen/qwen3.5-flash-20260224,Alibaba,standard,false,true,,stop,stop,440,440,MSCodeBase 1-L live arm,test567,false
gen-1786737564-WfxvoFmXNbOdKjMqCl34,2026-08-14 19:59:24.134,0.000008,,,,0,103,7,0,0,qwen/qwen3.5-flash-20260224,Alibaba,standard,false,true,,stop,stop,807,807,MSCodeBase 1-L live arm,test567,false
gen-1786737563-XrLsVaY0dcBrTnSF8fT1,2026-08-14 19:59:23.029,0.000008,,,,0,107,7,0,0,qwen/qwen3.5-flash-20260224,Alibaba,standard,false,true,,stop,stop,499,499,MSCodeBase 1-L live arm,test567,false
gen-1786737561-xEPsLUK1RIqeJuewstTb,2026-08-14 19:59:21.653,0.000008,,,,0,106,7,0,0,qwen/qwen3.5-flash-20260224,Alibaba,standard,false,true,,stop,stop,749,749,MSCodeBase 1-L live arm,test567,false
gen-1786737560-WZHdfVEVSS7F7XBB3iqX,2026-08-14 19:59:20.468,0.000008,,,,0,107,7,0,0,qwen/qwen3.5-flash-20260224,Alibaba,standard,false,true,,stop,stop,568,568,MSCodeBase 1-L live arm,test567,false
gen-1786737559-uvxAS6Hsb3SwKmPZJnzL,2026-08-14 19:59:19.125,0.000008,,,,0,107,7,0,0,qwen/qwen3.5-flash-20260224,Alibaba,standard,false,true,,stop,stop,738,738,MSCodeBase 1-L live arm,test567,false
gen-1786737557-TFKNLoFsV1U9nLXeNaab,2026-08-14 19:59:17.765,0.000008,,,,0,106,7,0,0,qwen/qwen3.5-flash-20260224,Alibaba,standard,false,true,,stop,stop,762,762,MSCodeBase 1-L live arm,test567,false
gen-1786737556-AcFeyJgGzpRGqLlD9m12,2026-08-14 19:59:16.710,0.000008,,,,0,107,7,0,0,qwen/qwen3.5-flash-20260224,Alibaba,standard,false,true,,stop,stop,454,454,MSCodeBase 1-L live arm,test567,false
gen-1786737555-PwgcanhF5mpp0xm8ZYIi,2026-08-14 19:59:15.358,0.000008,,,,0,109,7,0,0,qwen/qwen3.5-flash-20260224,Alibaba,standard,false,true,,stop,stop,729,729,MSCodeBase 1-L live arm,test567,false
gen-1786737554-k6veO2NC96ntYnmq7d1S,2026-08-14 19:59:14.248,0.000008,,,,0,106,7,0,0,qwen/qwen3.5-flash-20260224,Alibaba,standard,false,true,,stop,stop,499,499,MSCodeBase 1-L live arm,test567,false
gen-1786737553-myckfYcRjvbU6tDG4wjh,2026-08-14 19:59:13.130,0.000008,,,,0,108,7,0,0,qwen/qwen3.5-flash-20260224,Alibaba,standard,false,true,,stop,stop,489,489,MSCodeBase 1-L live arm,test567,false
gen-1786737551-rAhDnyP9t6Ma0aaT5Kx8,2026-08-14 19:59:11.976,0.000008,,,,0,108,7,0,0,qwen/qwen3.5-flash-20260224,Alibaba,standard,false,true,,stop,stop,504,504,MSCodeBase 1-L live arm,test567,false
gen-1786737550-LdtuRpdDC46qqWGmCndm,2026-08-14 19:59:10.832,0.000008,,,,0,104,7,0,0,qwen/qwen3.5-flash-20260224,Alibaba,standard,false,true,,stop,stop,547,547,MSCodeBase 1-L live arm,test567,false
gen-1786737549-wGIZLIJbBKao3au6aFmh,2026-08-14 19:59:09.749,0.000008,,,,0,106,7,0,0,qwen/qwen3.5-flash-20260224,Alibaba,standard,false,true,,stop,stop,490,490,MSCodeBase 1-L live arm,test567,false
gen-1786737548-DJcH7MWUfTyqMNpfLdvc,2026-08-14 19:59:08.618,0.000009,,,,0,106,12,0,0,qwen/qwen3.5-flash-20260224,Alibaba,standard,false,true,,stop,stop,530,530,MSCodeBase 1-L live arm,test567,false
gen-1786737547-AF5i8LToQTGJ70G8msnQ,2026-08-14 19:59:07.336,0.000008,,,,0,108,7,0,0,qwen/qwen3.5-flash-20260224,Alibaba,standard,false,true,,stop,stop,675,675,MSCodeBase 1-L live arm,test567,false
gen-1786737546-BqygCpuJvO3uxbzTQJoA,2026-08-14 19:59:06.024,0.000008,,,,0,108,7,0,0,qwen/qwen3.5-flash-20260224,Alibaba,standard,false,true,,stop,stop,712,712,MSCodeBase 1-L live arm,test567,false
gen-1786737544-ljHWNWhdMbJRrA5JwO6T,2026-08-14 19:59:04.697,0.000008,,,,0,108,7,0,0,qwen/qwen3.5-flash-20260224,Alibaba,standard,false,true,,stop,stop,709,709,MSCodeBase 1-L live arm,test567,false
gen-1786737543-aeEiCaT2InQVcjgrQFsC,2026-08-14 19:59:03.302,0.000008,,,,0,108,7,0,0,qwen/qwen3.5-flash-20260224,Alibaba,standard,false,true,,stop,stop,791,791,MSCodeBase 1-L live arm,test567,false
gen-1786737541-KVMXt1vsknjfr0bIW1j5,2026-08-14 19:59:01.995,0.000008,,,,0,106,7,0,0,qwen/qwen3.5-flash-20260224,Alibaba,standard,false,true,,stop,stop,697,697,MSCodeBase 1-L live arm,test567,false
gen-1786737540-qtdVkmxdPJPqNw3vdMWf,2026-08-14 19:59:00.907,0.000008,,,,0,108,7,0,0,qwen/qwen3.5-flash-20260224,Alibaba,standard,false,true,,stop,stop,486,486,MSCodeBase 1-L live arm,test567,false
gen-1786737539-W24NQZx9TMnmHTx7zzGB,2026-08-14 19:58:59.792,0.000008,,,,0,107,7,0,0,qwen/qwen3.5-flash-20260224,Alibaba,standard,false,true,,stop,stop,498,498,MSCodeBase 1-L live arm,test567,false
gen-1786737538-WGbARPClfgdXyRVEcaWx,2026-08-14 19:58:58.297,0.000008,,,,0,107,7,0,0,qwen/qwen3.5-flash-20260224,Alibaba,standard,false,true,,stop,stop,745,745,MSCodeBase 1-L live arm,test567,false
gen-1786737536-FXYBNgNxBUtHQfdwyciI,2026-08-14 19:58:56.862,0.000008,,,,0,108,7,0,0,qwen/qwen3.5-flash-20260224,Alibaba,standard,false,true,,stop,stop,708,708,MSCodeBase 1-L live arm,test567,false
gen-1786737535-dlMWf1CkTPDjrXMQHpp3,2026-08-14 19:58:55.534,0.000008,,,,0,104,7,0,0,qwen/qwen3.5-flash-20260224,Alibaba,standard,false,true,,stop,stop,708,708,MSCodeBase 1-L live arm,test567,false
gen-1786737534-NnQoR6REiY6gbqSdWEvA,2026-08-14 19:58:54.187,0.000008,,,,0,108,7,0,0,qwen/qwen3.5-flash-20260224,Alibaba,standard,false,true,,stop,stop,690,690,MSCodeBase 1-L live arm,test567,false
gen-1786737533-spEd2xok0qKncfWfdoN6,2026-08-14 19:58:53.144,0.000008,,,,0,104,7,0,0,qwen/qwen3.5-flash-20260224,Alibaba,standard,false,true,,stop,stop,431,431,MSCodeBase 1-L live arm,test567,false
gen-1786737532-VgnkFazchCiJgooJhFeX,2026-08-14 19:58:52.071,0.000008,,,,0,106,7,0,0,qwen/qwen3.5-flash-20260224,Alibaba,standard,false,true,,stop,stop,480,480,MSCodeBase 1-L live arm,test567,false
gen-1786737530-Kvx2Gouk9Qj1rXIfnGIj,2026-08-14 19:58:50.700,0.000008,,,,0,104,7,0,0,qwen/qwen3.5-flash-20260224,Alibaba,standard,false,true,,stop,stop,745,745,MSCodeBase 1-L live arm,test567,false
gen-1786737529-LPAWCohVc6xkpuZk3coX,2026-08-14 19:58:49.652,0.000008,,,,0,107,7,0,0,qwen/qwen3.5-flash-20260224,Alibaba,standard,false,true,,stop,stop,444,444,MSCodeBase 1-L live arm,test567,false
gen-1786737528-EGComG7wwUMLhE0o3Dsy,2026-08-14 19:58:48.292,0.000008,,,,0,105,7,0,0,qwen/qwen3.5-flash-20260224,Alibaba,standard,false,true,,stop,stop,736,736,MSCodeBase 1-L live arm,test567,false
gen-1786737526-sXMZaIubLVIuIncewJeg,2026-08-14 19:58:46.961,0.000008,,,,0,108,7,0,0,qwen/qwen3.5-flash-20260224,Alibaba,standard,false,true,,stop,stop,684,684,MSCodeBase 1-L live arm,test567,false
gen-1786737525-lZ7TnILg5GJStgvjoSzA,2026-08-14 19:58:45.555,0.000008,,,,0,109,7,0,0,qwen/qwen3.5-flash-20260224,Alibaba,standard,false,true,,stop,stop,759,759,MSCodeBase 1-L live arm,test567,false
gen-1786737524-Wbl0VswG9pFWDcOnTbOx,2026-08-14 19:58:44.377,0.000008,,,,0,108,7,0,0,qwen/qwen3.5-flash-20260224,Alibaba,standard,false,true,,stop,stop,475,475,MSCodeBase 1-L live arm,test567,false
gen-1786737523-3Swd4US6EkSk1WGnKoYi,2026-08-14 19:58:43.113,0.000008,,,,0,107,7,0,0,qwen/qwen3.5-flash-20260224,Alibaba,standard,false,true,,stop,stop,664,664,MSCodeBase 1-L live arm,test567,false
gen-1786737522-wvg6rMoARUDhmBesJ0Oz,2026-08-14 19:58:42.012,0.000008,,,,0,108,7,0,0,qwen/qwen3.5-flash-20260224,Alibaba,standard,false,true,,stop,stop,432,432,MSCodeBase 1-L live arm,test567,false
gen-1786737520-KvDxoi8vGLx2F7WK87Pe,2026-08-14 19:58:40.744,0.000008,,,,0,108,7,0,0,qwen/qwen3.5-flash-20260224,Alibaba,standard,false,true,,stop,stop,663,663,MSCodeBase 1-L live arm,test567,false
gen-1786737518-Qzej8MadvcmVaZBnlt1K,2026-08-14 19:58:38.837,0.000008,,,,0,106,7,0,0,qwen/qwen3.5-flash-20260224,Alibaba,standard,false,true,,stop,stop,1294,1294,MSCodeBase 1-L live arm,test567,false
gen-1786737517-wsCkoCQm2JLOaS5vGlP6,2026-08-14 19:58:37.520,0.000009,,,,0,112,7,0,0,qwen/qwen3.5-flash-20260224,Alibaba,standard,false,true,,stop,stop,703,703,MSCodeBase 1-L live arm,test567,false
gen-1786737516-gvDYZZtM4La3WeTceAsR,2026-08-14 19:58:36.411,0.000008,,,,0,106,7,0,0,qwen/qwen3.5-flash-20260224,Alibaba,standard,false,true,,stop,stop,471,471,MSCodeBase 1-L live arm,test567,false
gen-1786737515-k7D09YCJNJXRDPwfQ0yF,2026-08-14 19:58:35.314,0.000008,,,,0,108,7,0,0,qwen/qwen3.5-flash-20260224,Alibaba,standard,false,true,,stop,stop,483,483,MSCodeBase 1-L live arm,test567,false
gen-1786737514-AaEcTSj373TXFRIloZfI,2026-08-14 19:58:34.228,0.000008,,,,0,109,7,0,0,qwen/qwen3.5-flash-20260224,Alibaba,standard,false,true,,stop,stop,471,471,MSCodeBase 1-L live arm,test567,false
gen-1786737513-sC7x20jtHeLnmEIpM5Kv,2026-08-14 19:58:33.164,0.000008,,,,0,106,7,0,0,qwen/qwen3.5-flash-20260224,Alibaba,standard,false,true,,stop,stop,421,421,MSCodeBase 1-L live arm,test567,false
gen-1786737512-yB8iQzEiBTcBWR4uXsjj,2026-08-14 19:58:32.075,0.000008,,,,0,108,7,0,0,qwen/qwen3.5-flash-20260224,Alibaba,standard,false,true,,stop,stop,445,445,MSCodeBase 1-L live arm,test567,false
gen-1786737511-7aDGTM7qkAyCpcMekDdc,2026-08-14 19:58:31.009,0.000005,,,,0,141,7,0,0,qwen/qwen3.7-flash-20260727,Alibaba,standard,false,true,,stop,stop,745,745,MSCodeBase 1-L live arm,test567,false
gen-1786737509-X22WGQzib7wnV7OaTZao,2026-08-14 19:58:29.813,0.000005,,,,0,146,7,0,0,qwen/qwen3.7-flash-20260727,Alibaba,standard,false,true,,stop,stop,609,609,MSCodeBase 1-L live arm,test567,false
gen-1786737508-Y3gLbLwZYegUeuasvHFC,2026-08-14 19:58:28.467,0.000005,,,,0,146,7,0,0,qwen/qwen3.7-flash-20260727,Alibaba,standard,false,true,,stop,stop,742,742,MSCodeBase 1-L live arm,test567,false
gen-1786737507-WJFFw88fX7gKDVALaMxW,2026-08-14 19:58:27.295,0.000005,,,,0,143,7,0,0,qwen/qwen3.7-flash-20260727,Alibaba,standard,false,true,,stop,stop,552,552,MSCodeBase 1-L live arm,test567,false
gen-1786737505-HeRpH8403YZT37TbKkro,2026-08-14 19:58:25.962,0.000005,,,,0,144,12,0,0,qwen/qwen3.7-flash-20260727,Alibaba,standard,false,true,,stop,stop,737,737,MSCodeBase 1-L live arm,test567,false
gen-1786737504-ls8atxGuVoEtnxte9wWM,2026-08-14 19:58:24.684,0.000005,,,,0,143,11,0,0,qwen/qwen3.7-flash-20260727,Alibaba,standard,false,true,,stop,stop,682,682,MSCodeBase 1-L live arm,test567,false
gen-1786737503-mGaJTnrkvr6HR99ZCoQh,2026-08-14 19:58:23.224,0.000005,,,,0,146,11,0,0,qwen/qwen3.7-flash-20260727,Alibaba,standard,false,true,,stop,stop,770,770,MSCodeBase 1-L live arm,test567,false
gen-1786737502-hrqRBJTvf4Zn1mYKOPR4,2026-08-14 19:58:22.014,0.000005,,,,0,140,12,0,0,qwen/qwen3.7-flash-20260727,Alibaba,standard,false,true,,stop,stop,592,592,MSCodeBase 1-L live arm,test567,false
gen-1786737500-3XXIIhvSadoakQhA8rAB,2026-08-14 19:58:20.594,0.000005,,,,0,145,7,0,0,qwen/qwen3.7-flash-20260727,Alibaba,standard,false,true,,stop,stop,808,808,MSCodeBase 1-L live arm,test567,false
gen-1786737499-w6GxwvGrtufP0bwI5k3n,2026-08-14 19:58:19.510,0.000005,,,,0,143,7,0,0,qwen/qwen3.7-flash-20260727,Alibaba,standard,false,true,,stop,stop,482,482,MSCodeBase 1-L live arm,test567,false
gen-1786737498-wxaftzESqzkjs08gE69c,2026-08-14 19:58:18.289,0.000005,,,,0,143,7,0,0,qwen/qwen3.7-flash-20260727,Alibaba,standard,false,true,,stop,stop,619,619,MSCodeBase 1-L live arm,test567,false
gen-1786737497-B6ljHa1KJ6chzB3bH1Sw,2026-08-14 19:58:17.020,0.000005,,,,0,145,7,0,0,qwen/qwen3.7-flash-20260727,Alibaba,standard,false,true,,stop,stop,664,664,MSCodeBase 1-L live arm,test567,false
gen-1786737495-xzle7lxUES2DSZEMIulf,2026-08-14 19:58:15.693,0.000005,,,,0,143,7,0,0,qwen/qwen3.7-flash-20260727,Alibaba,standard,false,true,,stop,stop,716,716,MSCodeBase 1-L live arm,test567,false
gen-1786737494-QsXDdQnSzQfGk321xLhs,2026-08-14 19:58:14.365,0.000005,,,,0,144,7,0,0,qwen/qwen3.7-flash-20260727,Alibaba,standard,false,true,,stop,stop,726,726,MSCodeBase 1-L live arm,test567,false
gen-1786737493-dfcE6GR0XKscfCUXHNwP,2026-08-14 19:58:13.187,0.000005,,,,0,146,7,0,0,qwen/qwen3.7-flash-20260727,Alibaba,standard,false,true,,stop,stop,574,574,MSCodeBase 1-L live arm,test567,false
gen-1786737491-GbFIUSQMQ4NUFBceyC4f,2026-08-14 19:58:11.866,0.000005,,,,0,143,12,0,0,qwen/qwen3.7-flash-20260727,Alibaba,standard,false,true,,stop,stop,725,725,MSCodeBase 1-L live arm,test567,false
gen-1786737490-2VSVW6cKDeyJfB0efsFS,2026-08-14 19:58:10.723,0.000005,,,,0,145,7,0,0,qwen/qwen3.7-flash-20260727,Alibaba,standard,false,true,,stop,stop,540,540,MSCodeBase 1-L live arm,test567,false
gen-1786737489-mZ4fHPrSWqkLesBXvQH5,2026-08-14 19:58:09.509,0.000005,,,,0,145,7,0,0,qwen/qwen3.7-flash-20260727,Alibaba,standard,false,true,,stop,stop,618,618,MSCodeBase 1-L live arm,test567,false
gen-1786737488-Isk4d7Adx1WHKCI9XAOW,2026-08-14 19:58:08.188,0.000005,,,,0,141,7,0,0,qwen/qwen3.7-flash-20260727,Alibaba,standard,false,true,,stop,stop,712,712,MSCodeBase 1-L live arm,test567,false
gen-1786737486-juWUpbpOCFrWOmuSmsu4,2026-08-14 19:58:06.745,0.000005,,,,0,143,7,0,0,qwen/qwen3.7-flash-20260727,Alibaba,standard,false,true,,stop,stop,772,772,MSCodeBase 1-L live arm,test567,false
gen-1786737485-T86zUwzfEkY3HNys3uNG,2026-08-14 19:58:05.503,0.000005,,,,0,143,7,0,0,qwen/qwen3.7-flash-20260727,Alibaba,standard,false,true,,stop,stop,623,623,MSCodeBase 1-L live arm,test567,false
gen-1786737484-rCK49CZCUvPzmZd82FeN,2026-08-14 19:58:04.032,0.000005,,,,0,146,7,0,0,qwen/qwen3.7-flash-20260727,Alibaba,standard,false,true,,stop,stop,866,866,MSCodeBase 1-L live arm,test567,false
gen-1786737482-dGhEDDGBr5AsQDfQPF7j,2026-08-14 19:58:02.650,0.000005,,,,0,145,7,0,0,qwen/qwen3.7-flash-20260727,Alibaba,standard,false,true,,stop,stop,623,623,MSCodeBase 1-L live arm,test567,false
gen-1786737481-xbmi25JZE22Gt6uZwYYx,2026-08-14 19:58:01.442,0.000005,,,,0,146,7,0,0,qwen/qwen3.7-flash-20260727,Alibaba,standard,false,true,,stop,stop,601,601,MSCodeBase 1-L live arm,test567,false
gen-1786737479-b2Q08BK0DbMUfWh605dE,2026-08-14 19:57:59.921,0.000005,,,,0,144,7,0,0,qwen/qwen3.7-flash-20260727,Alibaba,standard,false,true,,stop,stop,924,924,MSCodeBase 1-L live arm,test567,false
gen-1786737478-npeWy3SR6E6RHqMZHJio,2026-08-14 19:57:58.623,0.000005,,,,0,143,12,0,0,qwen/qwen3.7-flash-20260727,Alibaba,standard,false,true,,stop,stop,683,683,MSCodeBase 1-L live arm,test567,false
gen-1786737477-8WW2HnI9vM2vx5yWiS1u,2026-08-14 19:57:57.406,0.000005,,,,0,146,7,0,0,qwen/qwen3.7-flash-20260727,Alibaba,standard,false,true,,stop,stop,590,590,MSCodeBase 1-L live arm,test567,false
gen-1786737475-fvdp6eNXSOCriQkMQwd6,2026-08-14 19:57:55.990,0.000005,,,,0,146,7,0,0,qwen/qwen3.7-flash-20260727,Alibaba,standard,false,true,,stop,stop,809,809,MSCodeBase 1-L live arm,test567,false
gen-1786737474-F9Z4QkPF58cIuPfYKpAh,2026-08-14 19:57:54.618,0.000005,,,,0,145,12,0,0,qwen/qwen3.7-flash-20260727,Alibaba,standard,false,true,,stop,stop,769,769,MSCodeBase 1-L live arm,test567,false
gen-1786737473-2cZ6qATl4Kq8q4fvmTTG,2026-08-14 19:57:53.507,0.000005,,,,0,145,7,0,0,qwen/qwen3.7-flash-20260727,Alibaba,standard,false,true,,stop,stop,500,500,MSCodeBase 1-L live arm,test567,false
gen-1786737472-DycfPBT50BiXerRdGHtL,2026-08-14 19:57:52.249,0.000005,,,,0,141,12,0,0,qwen/qwen3.7-flash-20260727,Alibaba,standard,false,true,,stop,stop,669,669,MSCodeBase 1-L live arm,test567,false
gen-1786737471-5IDR0ixdHbawmVQ72H5u,2026-08-14 19:57:51.094,0.000005,,,,0,146,7,0,0,qwen/qwen3.7-flash-20260727,Alibaba,standard,false,true,,stop,stop,560,560,MSCodeBase 1-L live arm,test567,false
gen-1786737469-JPsllyJTGFovY3YktPPY,2026-08-14 19:57:49.760,0.000005,,,,0,141,12,0,0,qwen/qwen3.7-flash-20260727,Alibaba,standard,false,true,,stop,stop,707,707,MSCodeBase 1-L live arm,test567,false
gen-1786737468-gQmWNiRYhjjZ8RG3iADQ,2026-08-14 19:57:48.328,0.000005,,,,0,143,12,0,0,qwen/qwen3.7-flash-20260727,Alibaba,standard,false,true,,stop,stop,808,808,MSCodeBase 1-L live arm,test567,false
gen-1786737467-fsbAzg0mm5vDHNYDFfVh,2026-08-14 19:57:47.087,0.000005,,,,0,140,12,0,0,qwen/qwen3.7-flash-20260727,Alibaba,standard,false,true,,stop,stop,626,626,MSCodeBase 1-L live arm,test567,false
gen-1786737465-3ic7dS1spM6ZJEJQQgoT,2026-08-14 19:57:45.714,0.000005,,,,0,144,7,0,0,qwen/qwen3.7-flash-20260727,Alibaba,standard,false,true,,stop,stop,768,768,MSCodeBase 1-L live arm,test567,false
gen-1786737464-caGnUIW1JNXhObwK9myj,2026-08-14 19:57:44.565,0.000005,,,,0,143,7,0,0,qwen/qwen3.7-flash-20260727,Alibaba,standard,false,true,,stop,stop,519,519,MSCodeBase 1-L live arm,test567,false
gen-1786737463-xWTlK2KTBFGJCm3BB10G,2026-08-14 19:57:43.022,0.000005,,,,0,144,7,0,0,qwen/qwen3.7-flash-20260727,Alibaba,standard,false,true,,stop,stop,838,838,MSCodeBase 1-L live arm,test567,false
gen-1786737461-vy8AxkyydP6nWr59nOq5,2026-08-14 19:57:41.842,0.000005,,,,0,148,7,0,0,qwen/qwen3.7-flash-20260727,Alibaba,standard,false,true,,stop,stop,567,567,MSCodeBase 1-L live arm,test567,false
gen-1786737460-NMtlcW8AxxXFMItdOiYZ,2026-08-14 19:57:40.457,0.000005,,,,0,144,7,0,0,qwen/qwen3.7-flash-20260727,Alibaba,standard,false,true,,stop,stop,766,766,MSCodeBase 1-L live arm,test567,false
gen-1786737459-mL4pcdEX6x0vtBzCMZbn,2026-08-14 19:57:39.145,0.000005,,,,0,143,7,0,0,qwen/qwen3.7-flash-20260727,Alibaba,standard,false,true,,stop,stop,697,697,MSCodeBase 1-L live arm,test567,false
gen-1786737457-1oAzJaoqmP8NA2bSDBpZ,2026-08-14 19:57:37.465,0.000005,,,,0,145,7,0,0,qwen/qwen3.7-flash-20260727,Alibaba,standard,false,true,,stop,stop,969,969,MSCodeBase 1-L live arm,test567,false
gen-1786737456-358hPVojJXNXE4zeWC9s,2026-08-14 19:57:36.346,0.000005,,,,0,148,12,0,0,qwen/qwen3.7-flash-20260727,Alibaba,standard,false,true,,stop,stop,524,524,MSCodeBase 1-L live arm,test567,false
gen-1786737454-1wXCfypKKntZbM7n0m33,2026-08-14 19:57:34.970,0.000005,,,,0,146,7,0,0,qwen/qwen3.7-flash-20260727,Alibaba,standard,false,true,,stop,stop,763,763,MSCodeBase 1-L live arm,test567,false
gen-1786737453-YxPPRgUcicSuM7T8oZWz,2026-08-14 19:57:33.739,0.000005,,,,0,157,7,0,0,qwen/qwen3.7-flash-20260727,Alibaba,standard,false,true,,stop,stop,624,624,MSCodeBase 1-L live arm,test567,false
gen-1786737452-Y4aorSpGPea0A6ICRKhH,2026-08-14 19:57:32.562,0.000005,,,,0,150,12,0,0,qwen/qwen3.7-flash-20260727,Alibaba,standard,false,true,,stop,stop,563,563,MSCodeBase 1-L live arm,test567,false
gen-1786737451-sw1Q14UNT6Ek9dS8raoM,2026-08-14 19:57:31.353,0.000006,,,,0,151,12,0,0,qwen/qwen3.7-flash-20260727,Alibaba,standard,false,true,,stop,stop,577,577,MSCodeBase 1-L live arm,test567,false
gen-1786737450-6V8LIQxNuF5t6NuSV5GR,2026-08-14 19:57:30.143,0.000006,,,,0,155,12,0,0,qwen/qwen3.7-flash-20260727,Alibaba,standard,false,true,,stop,stop,599,599,MSCodeBase 1-L live arm,test567,false
gen-1786737448-2hrfpXpssWOHB7YNgJqj,2026-08-14 19:57:28.840,0.000005,,,,0,149,11,0,0,qwen/qwen3.7-flash-20260727,Alibaba,standard,false,true,,stop,stop,691,691,MSCodeBase 1-L live arm,test567,false
gen-1786737447-92M7tGb4osnQuxWXWI8v,2026-08-14 19:57:27.712,0.000006,,,,0,151,12,0,0,qwen/qwen3.7-flash-20260727,Alibaba,standard,false,true,,stop,stop,507,507,MSCodeBase 1-L live arm,test567,false
gen-1786737446-fFnyIIyFJeZNF6PPGdbK,2026-08-14 19:57:26.797,0.000004,,,,0,104,11,0,0,qwen/qwen3.7-flash-20260727,Alibaba,standard,false,true,,stop,stop,619,619,MSCodeBase 1-L live arm,test567,false
gen-1786737445-qzyxuLt6I8OjiZrB4cC8,2026-08-14 19:57:25.478,0.000004,,,,0,109,12,0,0,qwen/qwen3.7-flash-20260727,Alibaba,standard,false,true,,stop,stop,712,712,MSCodeBase 1-L live arm,test567,false
gen-1786737444-dt3Hq3b6sNM0QbqPOFSm,2026-08-14 19:57:24.337,0.000004,,,,0,109,7,0,0,qwen/qwen3.7-flash-20260727,Alibaba,standard,false,true,,stop,stop,509,509,MSCodeBase 1-L live arm,test567,false
gen-1786737442-je2bd8h1gBi6Doc5Id7z,2026-08-14 19:57:22.987,0.000004,,,,0,106,7,0,0,qwen/qwen3.7-flash-20260727,Alibaba,standard,false,true,,stop,stop,744,744,MSCodeBase 1-L live arm,test567,false
gen-1786737441-cWLC4lSOYQcUOMzz5Me8,2026-08-14 19:57:21.729,0.000004,,,,0,107,12,0,0,qwen/qwen3.7-flash-20260727,Alibaba,standard,false,true,,stop,stop,643,643,MSCodeBase 1-L live arm,test567,false
gen-1786737440-5jYFnczlchVKpxrknKmM,2026-08-14 19:57:20.564,0.000004,,,,0,106,12,0,0,qwen/qwen3.7-flash-20260727,Alibaba,standard,false,true,,stop,stop,549,549,MSCodeBase 1-L live arm,test567,false
gen-1786737439-LXpRE6RO0ORdp18n7kpv,2026-08-14 19:57:19.151,0.000004,,,,0,109,12,0,0,qwen/qwen3.7-flash-20260727,Alibaba,standard,false,true,,stop,stop,791,791,MSCodeBase 1-L live arm,test567,false
gen-1786737438-RH01QUi9NH0f6MFF7jdY,2026-08-14 19:57:18.001,0.000003,,,,0,103,7,0,0,qwen/qwen3.7-flash-20260727,Alibaba,standard,false,true,,stop,stop,528,528,MSCodeBase 1-L live arm,test567,false
gen-1786737436-dxUbCMP5G4C8AbJShoMr,2026-08-14 19:57:16.837,0.000004,,,,0,107,7,0,0,qwen/qwen3.7-flash-20260727,Alibaba,standard,false,true,,stop,stop,555,555,MSCodeBase 1-L live arm,test567,false
gen-1786737435-xbqcaGIXvl8B9TI4VxTU,2026-08-14 19:57:15.614,0.000004,,,,0,106,11,0,0,qwen/qwen3.7-flash-20260727,Alibaba,standard,false,true,,stop,stop,576,576,MSCodeBase 1-L live arm,test567,false
gen-1786737434-Y9s8i86k8xcOxIGH2zcR,2026-08-14 19:57:14.390,0.000004,,,,0,107,7,0,0,qwen/qwen3.7-flash-20260727,Alibaba,standard,false,true,,stop,stop,610,610,MSCodeBase 1-L live arm,test567,false
gen-1786737433-BFE1FZ2S91ET20SRR2MQ,2026-08-14 19:57:13.098,0.000004,,,,0,107,7,0,0,qwen/qwen3.7-flash-20260727,Alibaba,standard,false,true,,stop,stop,698,698,MSCodeBase 1-L live arm,test567,false
gen-1786737431-x1SbReDJF4owdcwzzIYP,2026-08-14 19:57:11.887,0.000004,,,,0,106,7,0,0,qwen/qwen3.7-flash-20260727,Alibaba,standard,false,true,,stop,stop,617,617,MSCodeBase 1-L live arm,test567,false
gen-1786737430-yQhhoyvNMIx8aucSbf6R,2026-08-14 19:57:10.638,0.000004,,,,0,107,12,0,0,qwen/qwen3.7-flash-20260727,Alibaba,standard,false,true,,stop,stop,613,613,MSCodeBase 1-L live arm,test567,false
gen-1786737429-XFu1fddi3CmYQ0BWMYVn,2026-08-14 19:57:09.334,0.000004,,,,0,109,12,0,0,qwen/qwen3.7-flash-20260727,Alibaba,standard,false,true,,stop,stop,666,666,MSCodeBase 1-L live arm,test567,false
gen-1786737428-QCABJ042bP3LWfGGNruV,2026-08-14 19:57:08.104,0.000004,,,,0,106,11,0,0,qwen/qwen3.7-flash-20260727,Alibaba,standard,false,true,,stop,stop,627,627,MSCodeBase 1-L live arm,test567,false
gen-1786737426-2TLWLAfPLlbldzHobOXM,2026-08-14 19:57:06.851,0.000004,,,,0,108,12,0,0,qwen/qwen3.7-flash-20260727,Alibaba,standard,false,true,,stop,stop,658,658,MSCodeBase 1-L live arm,test567,false
gen-1786737425-Win8G1JJk6qCaHgubjvP,2026-08-14 19:57:05.442,0.000004,,,,0,108,7,0,0,qwen/qwen3.7-flash-20260727,Alibaba,standard,false,true,,stop,stop,781,781,MSCodeBase 1-L live arm,test567,false
gen-1786737424-BzPtSHueZTMsl6FxsVbt,2026-08-14 19:57:04.044,0.000003,,,,0,104,7,0,0,qwen/qwen3.7-flash-20260727,Alibaba,standard,false,true,,stop,stop,770,770,MSCodeBase 1-L live arm,test567,false
gen-1786737422-QCEkOFqUhJHYGmDFv9pm,2026-08-14 19:57:02.675,0.000004,,,,0,106,11,0,0,qwen/qwen3.7-flash-20260727,Alibaba,standard,false,true,,stop,stop,754,754,MSCodeBase 1-L live arm,test567,false
gen-1786737420-lfo0nPFQ7sGrQKypRj86,2026-08-14 19:57:00.518,0.000004,,,,0,106,12,0,0,qwen/qwen3.7-flash-20260727,Alibaba,standard,false,true,,stop,stop,1541,1541,MSCodeBase 1-L live arm,test567,false
gen-1786737419-BBCsXY4qYfdXGzurXcEo,2026-08-14 19:56:59.154,0.000004,,,,0,108,11,0,0,qwen/qwen3.7-flash-20260727,Alibaba,standard,false,true,,stop,stop,736,736,MSCodeBase 1-L live arm,test567,false
gen-1786737417-IqwgBSuaO8Htmuk5KOcJ,2026-08-14 19:56:57.928,0.000004,,,,0,108,7,0,0,qwen/qwen3.7-flash-20260727,Alibaba,standard,false,true,,stop,stop,615,615,MSCodeBase 1-L live arm,test567,false
gen-1786737416-w34aWylPCOeOg7F2qb8Q,2026-08-14 19:56:56.626,0.000004,,,,0,108,12,0,0,qwen/qwen3.7-flash-20260727,Alibaba,standard,false,true,,stop,stop,696,696,MSCodeBase 1-L live arm,test567,false
gen-1786737415-1D0FJRkHfakVPfWJr577,2026-08-14 19:56:55.360,0.000004,,,,0,108,7,0,0,qwen/qwen3.7-flash-20260727,Alibaba,standard,false,true,,stop,stop,636,636,MSCodeBase 1-L live arm,test567,false
gen-1786737414-6y4m33E8hHT5RkccYqwd,2026-08-14 19:56:54.061,0.000004,,,,0,106,12,0,0,qwen/qwen3.7-flash-20260727,Alibaba,standard,false,true,,stop,stop,681,681,MSCodeBase 1-L live arm,test567,false
gen-1786737412-LlK8CSrdKAH8HruXDuFy,2026-08-14 19:56:52.812,0.000004,,,,0,108,11,0,0,qwen/qwen3.7-flash-20260727,Alibaba,standard,false,true,,stop,stop,631,631,MSCodeBase 1-L live arm,test567,false
gen-1786737411-VVS9oDToBOTX5Zv6p3dP,2026-08-14 19:56:51.518,0.000004,,,,0,107,12,0,0,qwen/qwen3.7-flash-20260727,Alibaba,standard,false,true,,stop,stop,685,685,MSCodeBase 1-L live arm,test567,false
gen-1786737410-tRN2J4RkeuMmUr5E3c6o,2026-08-14 19:56:50.253,0.000004,,,,0,107,12,0,0,qwen/qwen3.7-flash-20260727,Alibaba,standard,false,true,,stop,stop,656,656,MSCodeBase 1-L live arm,test567,false
gen-1786737409-VVEYHYGoX4ixj2ws6NaK,2026-08-14 19:56:49.121,0.000004,,,,0,108,12,0,0,qwen/qwen3.7-flash-20260727,Alibaba,standard,false,true,,stop,stop,519,519,MSCodeBase 1-L live arm,test567,false
gen-1786737407-lHXU9XEz4fauBkKxRET5,2026-08-14 19:56:47.894,0.000004,,,,0,104,12,0,0,qwen/qwen3.7-flash-20260727,Alibaba,standard,false,true,,stop,stop,604,604,MSCodeBase 1-L live arm,test567,false
gen-1786737406-X1yZX68sDM3f2nr0hWH8,2026-08-14 19:56:46.697,0.000004,,,,0,108,11,0,0,qwen/qwen3.7-flash-20260727,Alibaba,standard,false,true,,stop,stop,587,587,MSCodeBase 1-L live arm,test567,false
gen-1786737405-PE4I2MgvbG3vTI12xggJ,2026-08-14 19:56:45.530,0.000003,,,,0,104,7,0,0,qwen/qwen3.7-flash-20260727,Alibaba,standard,false,true,,stop,stop,547,547,MSCodeBase 1-L live arm,test567,false
gen-1786737404-afwbRQe6zoHAfFf4Cmaw,2026-08-14 19:56:44.245,0.000004,,,,0,106,12,0,0,qwen/qwen3.7-flash-20260727,Alibaba,standard,false,true,,stop,stop,636,636,MSCodeBase 1-L live arm,test567,false
gen-1786737402-f3X37C0wbJwUZjn69XMa,2026-08-14 19:56:42.796,0.000004,,,,0,104,12,0,0,qwen/qwen3.7-flash-20260727,Alibaba,standard,false,true,,stop,stop,845,845,MSCodeBase 1-L live arm,test567,false
gen-1786737401-7JKMSWlp8fkjkgBzhXkQ,2026-08-14 19:56:41.359,0.000004,,,,0,107,12,0,0,qwen/qwen3.7-flash-20260727,Alibaba,standard,false,true,,stop,stop,803,803,MSCodeBase 1-L live arm,test567,false
gen-1786737400-K9xFANd9f6mwSybjiqjl,2026-08-14 19:56:40.107,0.000004,,,,0,105,12,0,0,qwen/qwen3.7-flash-20260727,Alibaba,standard,false,true,,stop,stop,631,631,MSCodeBase 1-L live arm,test567,false
gen-1786737398-chWa91vswv7m35qi2gaK,2026-08-14 19:56:38.918,0.000004,,,,0,108,11,0,0,qwen/qwen3.7-flash-20260727,Alibaba,standard,false,true,,stop,stop,558,558,MSCodeBase 1-L live arm,test567,false
gen-1786737397-UcrRB82OKfUSD2HerDWH,2026-08-14 19:56:37.341,0.000004,,,,0,109,12,0,0,qwen/qwen3.7-flash-20260727,Alibaba,standard,false,true,,stop,stop,962,962,MSCodeBase 1-L live arm,test567,false
gen-1786737395-1nyAxGghdTheYqq9o1VV,2026-08-14 19:56:35.972,0.000004,,,,0,108,12,0,0,qwen/qwen3.7-flash-20260727,Alibaba,standard,false,true,,stop,stop,501,501,MSCodeBase 1-L live arm,test567,false
gen-1786737394-cJUITqDATNGFJ490jk9E,2026-08-14 19:56:34.724,0.000004,,,,0,107,11,0,0,qwen/qwen3.7-flash-20260727,Alibaba,standard,false,true,,stop,stop,614,614,MSCodeBase 1-L live arm,test567,false
gen-1786737393-AaWpXXn3Gy0xdbeT7hYZ,2026-08-14 19:56:33.550,0.000004,,,,0,108,7,0,0,qwen/qwen3.7-flash-20260727,Alibaba,standard,false,true,,stop,stop,532,532,MSCodeBase 1-L live arm,test567,false
gen-1786737392-FuYKNJkUmLR51hXNRVxc,2026-08-14 19:56:32.134,0.000004,,,,0,108,7,0,0,qwen/qwen3.7-flash-20260727,Alibaba,standard,false,true,,stop,stop,760,760,MSCodeBase 1-L live arm,test567,false
gen-1786737390-09xmBUM7BbfQZLQMbiVm,2026-08-14 19:56:30.880,0.000004,,,,0,106,7,0,0,qwen/qwen3.7-flash-20260727,Alibaba,standard,false,true,,stop,stop,628,628,MSCodeBase 1-L live arm,test567,false
gen-1786737389-HZCsG8yN0MqO52SfAdHt,2026-08-14 19:56:29.721,0.000004,,,,0,112,11,0,0,qwen/qwen3.7-flash-20260727,Alibaba,standard,false,true,,stop,stop,540,540,MSCodeBase 1-L live arm,test567,false
gen-1786737388-ZIpmr8iDK0tBJmHP0rKt,2026-08-14 19:56:28.424,0.000004,,,,0,106,12,0,0,qwen/qwen3.7-flash-20260727,Alibaba,standard,false,true,,stop,stop,663,663,MSCodeBase 1-L live arm,test567,false
gen-1786737386-RfScmRzGdjbzTfdqdOcj,2026-08-14 19:56:26.985,0.000004,,,,0,108,12,0,0,qwen/qwen3.7-flash-20260727,Alibaba,standard,false,true,,stop,stop,807,807,MSCodeBase 1-L live arm,test567,false
gen-1786737385-dbOsyTT3Euj5I18mFWjC,2026-08-14 19:56:25.552,0.000004,,,,0,109,12,0,0,qwen/qwen3.7-flash-20260727,Alibaba,standard,false,true,,stop,stop,798,798,MSCodeBase 1-L live arm,test567,false
gen-1786737384-QdJfmNrcM2N1gcopzJ25,2026-08-14 19:56:24.214,0.000004,,,,0,106,12,0,0,qwen/qwen3.7-flash-20260727,Alibaba,standard,false,true,,stop,stop,712,712,MSCodeBase 1-L live arm,test567,false
gen-1786737382-8WZRzzwABAyAwA3f619X,2026-08-14 19:56:22.671,0.000004,,,,0,108,7,0,0,qwen/qwen3.7-flash-20260727,Alibaba,standard,false,true,,stop,stop,768,768,MSCodeBase 1-L live arm,test567,false
gen-1786736961-rREWYSVUlLpEV0SqULWF,2026-08-14 19:49:21.353,0.000033,,,,0,116,11,0,0,qwen/qwen3.6-flash,Alibaba,standard,false,true,,stop,stop,419,419,MSCodeBase 1-L live arm,test567,false
gen-1786736960-jVKAckC27UgpoGkB5zDt,2026-08-14 19:49:20.293,0.00003,,,,0,121,7,0,0,qwen/qwen3.6-flash,Alibaba,standard,false,true,,stop,stop,470,470,MSCodeBase 1-L live arm,test567,false
gen-1786736959-0FFvnuNmOzeYvIdlSgP8,2026-08-14 19:49:19.173,0.000035,,,,0,121,12,0,0,qwen/qwen3.6-flash,Alibaba,standard,false,true,,stop,stop,504,504,MSCodeBase 1-L live arm,test567,false
gen-1786736958-hswPq0mhzLXEaHUsFgP7,2026-08-14 19:49:18.059,0.000034,,,,0,118,11,0,0,qwen/qwen3.6-flash,Alibaba,standard,false,true,,stop,stop,498,498,MSCodeBase 1-L live arm,test567,false
gen-1786736956-eK1CxK9q7AQGScl5Ah0E,2026-08-14 19:49:16.925,0.000035,,,,0,119,12,0,0,qwen/qwen3.6-flash,Alibaba,standard,false,true,,stop,stop,520,520,MSCodeBase 1-L live arm,test567,false
gen-1786736955-emeBOHuy1Ut3gUMTpBUI,2026-08-14 19:49:15.819,0.000035,,,,0,118,12,0,0,qwen/qwen3.6-flash,Alibaba,standard,false,true,,stop,stop,493,493,MSCodeBase 1-L live arm,test567,false
gen-1786736954-WhF5sBeYGL3pukFyDl0Y,2026-08-14 19:49:14.373,0.000035,,,,0,121,12,0,0,qwen/qwen3.6-flash,Alibaba,standard,false,true,,stop,stop,680,680,MSCodeBase 1-L live arm,test567,false
gen-1786736953-zBdwLWiDk0HQvZFqKshm,2026-08-14 19:49:13.244,0.000034,,,,0,115,12,0,0,qwen/qwen3.6-flash,Alibaba,standard,false,true,,stop,stop,503,503,MSCodeBase 1-L live arm,test567,false
gen-1786736952-Qj0LWQu0UIMuAGG0cgHA,2026-08-14 19:49:12.043,0.000035,,,,0,120,12,0,0,qwen/qwen3.6-flash,Alibaba,standard,false,true,,stop,stop,531,531,MSCodeBase 1-L live arm,test567,false
gen-1786736950-6ItiwR59aX1LJInoLK8P,2026-08-14 19:49:10.916,0.000034,,,,0,118,11,0,0,qwen/qwen3.6-flash,Alibaba,standard,false,true,,stop,stop,512,512,MSCodeBase 1-L live arm,test567,false
gen-1786736949-WRxgciKNjAXtvCkjBKfp,2026-08-14 19:49:09.752,0.000035,,,,0,118,12,0,0,qwen/qwen3.6-flash,Alibaba,standard,false,true,,stop,stop,521,521,MSCodeBase 1-L live arm,test567,false
gen-1786736948-NpWulQAiDlCLowaJmA6g,2026-08-14 19:49:08.579,0.000035,,,,0,120,12,0,0,qwen/qwen3.6-flash,Alibaba,standard,false,true,,stop,stop,517,517,MSCodeBase 1-L live arm,test567,false
gen-1786736947-FccWJgg34KOqtRYT1qcV,2026-08-14 19:49:07.410,0.000034,,,,0,118,11,0,0,qwen/qwen3.6-flash,Alibaba,standard,false,true,,stop,stop,505,505,MSCodeBase 1-L live arm,test567,false
gen-1786736946-1WV83n0ZvShMke8zNcn9,2026-08-14 19:49:06.266,0.000034,,,,0,119,11,0,0,qwen/qwen3.6-flash,Alibaba,standard,false,true,,stop,stop,489,489,MSCodeBase 1-L live arm,test567,false
gen-1786736945-mPBPfDf00iRR71KCtPvD,2026-08-14 19:49:05.167,0.000035,,,,0,121,12,0,0,qwen/qwen3.6-flash,Alibaba,standard,false,true,,stop,stop,504,504,MSCodeBase 1-L live arm,test567,false
gen-1786736944-vVa7VZ4COBqwpXtjyFmT,2026-08-14 19:49:04.047,0.000035,,,,0,118,12,0,0,qwen/qwen3.6-flash,Alibaba,standard,false,true,,stop,stop,516,516,MSCodeBase 1-L live arm,test567,false
gen-1786736942-lDJw9Grgt7HXZswlj4UM,2026-08-14 19:49:02.466,0.000035,,,,0,120,12,0,0,qwen/qwen3.6-flash,Alibaba,standard,false,true,,stop,stop,512,512,MSCodeBase 1-L live arm,test567,false
gen-1786736941-iFeNlyKepZVQMbCzUeB1,2026-08-14 19:49:01.121,0.000035,,,,0,120,12,0,0,qwen/qwen3.6-flash,Alibaba,standard,false,true,,stop,stop,733,733,MSCodeBase 1-L live arm,test567,false
gen-1786736939-QVokPaP6OzHdKKv1xmfl,2026-08-14 19:48:59.943,0.000033,,,,0,116,11,0,0,qwen/qwen3.6-flash,Alibaba,standard,false,true,,stop,stop,562,562,MSCodeBase 1-L live arm,test567,false
gen-1786736938-Yz4KV8QoqLCU1u6ODyxU,2026-08-14 19:48:58.797,0.000035,,,,0,118,12,0,0,qwen/qwen3.6-flash,Alibaba,standard,false,true,,stop,stop,515,515,MSCodeBase 1-L live arm,test567,false
gen-1786736937-ocuP7aA3b3YvqBoY3DVE,2026-08-14 19:48:57.551,0.000034,,,,0,118,11,0,0,qwen/qwen3.6-flash,Alibaba,standard,false,true,,stop,stop,616,616,MSCodeBase 1-L live arm,test567,false
gen-1786736935-T6zRrhb4GKgpFvCae5eZ,2026-08-14 19:48:55.800,0.000035,,,,0,121,12,0,0,qwen/qwen3.6-flash,Alibaba,standard,false,true,,stop,stop,1130,1130,MSCodeBase 1-L live arm,test567,false
gen-1786736934-3zYTxyspH6aQi0vTKHxz,2026-08-14 19:48:54.519,0.000034,,,,0,120,11,0,0,qwen/qwen3.6-flash,Alibaba,standard,false,true,,stop,stop,687,687,MSCodeBase 1-L live arm,test567,false
gen-1786736933-ALRqW9TzQXTE5xZEaOMw,2026-08-14 19:48:53.391,0.000035,,,,0,121,12,0,0,qwen/qwen3.6-flash,Alibaba,standard,false,true,,stop,stop,515,515,MSCodeBase 1-L live arm,test567,false
gen-1786736932-WBk0IPBWE8ugNMbMIGlE,2026-08-14 19:48:52.260,0.000035,,,,0,119,12,0,0,qwen/qwen3.6-flash,Alibaba,standard,false,true,,stop,stop,511,511,MSCodeBase 1-L live arm,test567,false
gen-1786736931-wTOsWwCyfEoOGOVbzKcc,2026-08-14 19:48:51.126,0.000034,,,,0,118,11,0,0,qwen/qwen3.6-flash,Alibaba,standard,false,true,,stop,stop,525,525,MSCodeBase 1-L live arm,test567,false
gen-1786736930-83YlTRivV0rC2MUEY87F,2026-08-14 19:48:50.043,0.00003,,,,0,121,7,0,0,qwen/qwen3.6-flash,Alibaba,standard,false,true,,stop,stop,472,472,MSCodeBase 1-L live arm,test567,false
gen-1786736928-4zNR5WOPmvgBSpWnRsAE,2026-08-14 19:48:48.914,0.000035,,,,0,121,12,0,0,qwen/qwen3.6-flash,Alibaba,standard,false,true,,stop,stop,509,509,MSCodeBase 1-L live arm,test567,false
gen-1786736927-xshL6cqFplFTo49oB09g,2026-08-14 19:48:47.674,0.000035,,,,0,120,12,0,0,qwen/qwen3.6-flash,Alibaba,standard,false,true,,stop,stop,536,536,MSCodeBase 1-L live arm,test567,false
gen-1786736926-c4ZXHAov26ALYbOgb9Li,2026-08-14 19:48:46.453,0.000035,,,,0,120,12,0,0,qwen/qwen3.6-flash,Alibaba,standard,false,true,,stop,stop,534,534,MSCodeBase 1-L live arm,test567,false
gen-1786736924-5vA821lSI34AoQB7rLE5,2026-08-14 19:48:44.804,0.000034,,,,0,116,12,0,0,qwen/qwen3.6-flash,Alibaba,standard,false,true,,stop,stop,1041,1041,MSCodeBase 1-L live arm,test567,false
gen-1786736923-X8969BLqBRp6lt9JWNQH,2026-08-14 19:48:43.719,0.00003,,,,0,121,7,0,0,qwen/qwen3.6-flash,Alibaba,standard,false,true,,stop,stop,478,478,MSCodeBase 1-L live arm,test567,false
gen-1786736922-ufdAKz6ThFGlrUnQ5vwv,2026-08-14 19:48:42.547,0.000034,,,,0,116,12,0,0,qwen/qwen3.6-flash,Alibaba,standard,false,true,,stop,stop,506,506,MSCodeBase 1-L live arm,test567,false
gen-1786736921-V01C5YFqMgHTJAIR6MqY,2026-08-14 19:48:41.412,0.000034,,,,0,118,11,0,0,qwen/qwen3.6-flash,Alibaba,standard,false,true,,stop,stop,500,500,MSCodeBase 1-L live arm,test567,false
gen-1786736920-gKKu3CRx0YFNzdsOmezk,2026-08-14 19:48:40.276,0.000034,,,,0,115,12,0,0,qwen/qwen3.6-flash,Alibaba,standard,false,true,,stop,stop,531,531,MSCodeBase 1-L live arm,test567,false
gen-1786736919-gddOlwOfr9zmTbMrADBs,2026-08-14 19:48:39.150,0.000035,,,,0,119,12,0,0,qwen/qwen3.6-flash,Alibaba,standard,false,true,,stop,stop,534,534,MSCodeBase 1-L live arm,test567,false
gen-1786736918-zCu9BJsmHmYyfI4uzkFM,2026-08-14 19:48:38.024,0.000034,,,,0,118,11,0,0,qwen/qwen3.6-flash,Alibaba,standard,false,true,,stop,stop,501,501,MSCodeBase 1-L live arm,test567,false
gen-1786736916-vM0Im2kOPI2VNucSNQQI,2026-08-14 19:48:36.875,0.000035,,,,0,119,12,0,0,qwen/qwen3.6-flash,Alibaba,standard,false,true,,stop,stop,530,530,MSCodeBase 1-L live arm,test567,false
gen-1786736915-E0Ve0lptfOoyWXolaW13,2026-08-14 19:48:35.612,0.000036,,,,0,123,12,0,0,qwen/qwen3.6-flash,Alibaba,standard,false,true,,stop,stop,652,652,MSCodeBase 1-L live arm,test567,false
gen-1786736914-5HpuXAXLAzUNUgx1IH6G,2026-08-14 19:48:34.481,0.000034,,,,0,119,11,0,0,qwen/qwen3.6-flash,Alibaba,standard,false,true,,stop,stop,531,531,MSCodeBase 1-L live arm,test567,false
gen-1786736913-F5CHAYoexDi9bBRN9SWk,2026-08-14 19:48:33.345,0.000035,,,,0,118,12,0,0,qwen/qwen3.6-flash,Alibaba,standard,false,true,,stop,stop,522,522,MSCodeBase 1-L live arm,test567,false
gen-1786736912-ZcQ0D3tfI70x7J9OiMip,2026-08-14 19:48:32.200,0.000035,,,,0,120,12,0,0,qwen/qwen3.6-flash,Alibaba,standard,false,true,,stop,stop,535,535,MSCodeBase 1-L live arm,test567,false
gen-1786736911-SeEmYR1OecwYhlGwbbE0,2026-08-14 19:48:31.089,0.000036,,,,0,123,12,0,0,qwen/qwen3.6-flash,Alibaba,standard,false,true,,stop,stop,516,516,MSCodeBase 1-L live arm,test567,false
gen-1786736909-43vHEY6xrvbN4xCc7G48,2026-08-14 19:48:29.938,0.000034,,,,0,121,11,0,0,qwen/qwen3.6-flash,Alibaba,standard,false,true,,stop,stop,570,570,MSCodeBase 1-L live arm,test567,false
gen-1786736908-g6BHGUN4UlVVxkaVACmu,2026-08-14 19:48:28.833,0.000037,,,,0,132,12,0,0,qwen/qwen3.6-flash,Alibaba,standard,false,true,,stop,stop,517,517,MSCodeBase 1-L live arm,test567,false
gen-1786736907-a0al5llbRUKc8wL6we3C,2026-08-14 19:48:27.727,0.000036,,,,0,125,12,0,0,qwen/qwen3.6-flash,Alibaba,standard,false,true,,stop,stop,527,527,MSCodeBase 1-L live arm,test567,false
gen-1786736906-P1SAf0XFpqnl8EjhRbqf,2026-08-14 19:48:26.601,0.000035,,,,0,126,11,0,0,qwen/qwen3.6-flash,Alibaba,standard,false,true,,stop,stop,510,510,MSCodeBase 1-L live arm,test567,false
gen-1786736905-If3fzpwqIOpFM3CHz3ys,2026-08-14 19:48:25.390,0.000037,,,,0,130,12,0,0,qwen/qwen3.6-flash,Alibaba,standard,false,true,,stop,stop,594,594,MSCodeBase 1-L live arm,test567,false
gen-1786736904-zxDrYTSGy6EbUfYaSXPu,2026-08-14 19:48:24.227,0.000035,,,,0,124,11,0,0,qwen/qwen3.6-flash,Alibaba,standard,false,true,,stop,stop,560,560,MSCodeBase 1-L live arm,test567,false
gen-1786736903-PVOIXP9v5ce6BmLsw2hJ,2026-08-14 19:48:23.109,0.000036,,,,0,126,12,0,0,qwen/qwen3.6-flash,Alibaba,standard,false,true,,stop,stop,510,510,MSCodeBase 1-L live arm,test567,false
gen-1786736902-fCsBuUPM6AB0i8ObGrrA,2026-08-14 19:48:22.310,0.000032,,,,0,104,12,0,0,qwen/qwen3.6-flash,Alibaba,standard,false,true,,stop,stop,521,521,MSCodeBase 1-L live arm,test567,false
gen-1786736901-hyFeGFjNyo6vKkD6OnJ6,2026-08-14 19:48:21.178,0.000033,,,,0,109,12,0,0,qwen/qwen3.6-flash,Alibaba,standard,false,true,,stop,stop,519,519,MSCodeBase 1-L live arm,test567,false
gen-1786736900-xOB24pORJEeda8S2UMbf,2026-08-14 19:48:20.051,0.000028,,,,0,109,7,0,0,qwen/qwen3.6-flash,Alibaba,standard,false,true,,stop,stop,540,540,MSCodeBase 1-L live arm,test567,false
gen-1786736898-ngw1ZH5568KRzdEEzKQZ,2026-08-14 19:48:18.953,0.000033,,,,0,106,12,0,0,qwen/qwen3.6-flash,Alibaba,standard,false,true,,stop,stop,510,510,MSCodeBase 1-L live arm,test567,false
gen-1786736897-d6mndzmHWmT1Vg3HsDww,2026-08-14 19:48:17.836,0.000032,,,,0,107,11,0,0,qwen/qwen3.6-flash,Alibaba,standard,false,true,,stop,stop,529,529,MSCodeBase 1-L live arm,test567,false
gen-1786736896-8h7fvSC6Ed4FP21xb3Ey,2026-08-14 19:48:16.749,0.000033,,,,0,106,12,0,0,qwen/qwen3.6-flash,Alibaba,standard,false,true,,stop,stop,492,492,MSCodeBase 1-L live arm,test567,false
gen-1786736895-epHagazwbWlKXl0zvELk,2026-08-14 19:48:15.627,0.000033,,,,0,109,12,0,0,qwen/qwen3.6-flash,Alibaba,standard,false,true,,stop,stop,529,529,MSCodeBase 1-L live arm,test567,false
gen-1786736894-kYCdZmmnCaHEYYkMKO5C,2026-08-14 19:48:14.408,0.000031,,,,0,103,11,0,0,qwen/qwen3.6-flash,Alibaba,standard,false,true,,stop,stop,630,630,MSCodeBase 1-L live arm,test567,false
gen-1786736893-ghfzO11YmlFRvIyK7nP1,2026-08-14 19:48:13.297,0.000032,,,,0,107,11,0,0,qwen/qwen3.6-flash,Alibaba,standard,false,true,,stop,stop,533,533,MSCodeBase 1-L live arm,test567,false
gen-1786736892-XQcWV9G5JRIeYry4deij,2026-08-14 19:48:12.212,0.000033,,,,0,106,12,0,0,qwen/qwen3.6-flash,Alibaba,standard,false,true,,stop,stop,499,499,MSCodeBase 1-L live arm,test567,false
gen-1786736891-0p92QH8Z17o2yClZYHxE,2026-08-14 19:48:11.109,0.000033,,,,0,107,12,0,0,qwen/qwen3.6-flash,Alibaba,standard,false,true,,stop,stop,507,507,MSCodeBase 1-L live arm,test567,false
gen-1786736890-i442Z2dntctFzH9Xc2I7,2026-08-14 19:48:10.000,0.000033,,,,0,107,12,0,0,qwen/qwen3.6-flash,Alibaba,standard,false,true,,stop,stop,524,524,MSCodeBase 1-L live arm,test567,false
gen-1786736888-CQqLnNM2ct2XRjOKaYTY,2026-08-14 19:48:08.762,0.000033,,,,0,106,12,0,0,qwen/qwen3.6-flash,Alibaba,standard,false,true,,stop,stop,581,581,MSCodeBase 1-L live arm,test567,false
gen-1786736887-GPU2kZ1dBMkBRqkacX1w,2026-08-14 19:48:07.445,0.000032,,,,0,107,11,0,0,qwen/qwen3.6-flash,Alibaba,standard,false,true,,stop,stop,640,640,MSCodeBase 1-L live arm,test567,false
gen-1786736886-riHmgkx5NTfY4PAiRQpZ,2026-08-14 19:48:06.314,0.000033,,,,0,109,12,0,0,qwen/qwen3.6-flash,Alibaba,standard,false,true,,stop,stop,512,512,MSCodeBase 1-L live arm,test567,false
gen-1786736885-xPhGrnslwc4lEOj4kQXq,2026-08-14 19:48:05.012,0.000031,,,,0,106,11,0,0,qwen/qwen3.6-flash,Alibaba,standard,false,true,,stop,stop,700,700,MSCodeBase 1-L live arm,test567,false
gen-1786736883-r3OLN5cXbuvcOTDuTvZL,2026-08-14 19:48:03.677,0.000033,,,,0,108,12,0,0,qwen/qwen3.6-flash,Alibaba,standard,false,true,,stop,stop,725,725,MSCodeBase 1-L live arm,test567,false
gen-1786736882-To6FRFgA1ULtNjKDDu68,2026-08-14 19:48:02.521,0.000033,,,,0,108,12,0,0,qwen/qwen3.6-flash,Alibaba,standard,false,true,,stop,stop,579,579,MSCodeBase 1-L live arm,test567,false
gen-1786736881-mWOeanwlkr0QbI8mKawd,2026-08-14 19:48:01.416,0.000032,,,,0,104,12,0,0,qwen/qwen3.6-flash,Alibaba,standard,false,true,,stop,stop,502,502,MSCodeBase 1-L live arm,test567,false
gen-1786736880-XDODhSFJEyyjTCAXLttW,2026-08-14 19:48:00.232,0.000027,,,,0,106,7,0,0,qwen/qwen3.6-flash,Alibaba,standard,false,true,,stop,stop,502,502,MSCodeBase 1-L live arm,test567,false
gen-1786736879-nbZwc725h7h6CA7q6QwH,2026-08-14 19:47:59.150,0.000031,,,,0,106,11,0,0,qwen/qwen3.6-flash,Alibaba,standard,false,true,,stop,stop,498,498,MSCodeBase 1-L live arm,test567,false
gen-1786736878-jsiy07SmpghM5Bt3jsuD,2026-08-14 19:47:58.056,0.000033,,,,0,108,12,0,0,qwen/qwen3.6-flash,Alibaba,standard,false,true,,stop,stop,506,506,MSCodeBase 1-L live arm,test567,false
gen-1786736876-7frAqeZwKQU0XCgbJkB8,2026-08-14 19:47:56.962,0.000033,,,,0,108,12,0,0,qwen/qwen3.6-flash,Alibaba,standard,false,true,,stop,stop,506,506,MSCodeBase 1-L live arm,test567,false
gen-1786736875-DFmwFew2S7NNJJ1FMX3z,2026-08-14 19:47:55.834,0.000032,,,,0,108,11,0,0,qwen/qwen3.6-flash,Alibaba,standard,false,true,,stop,stop,540,540,MSCodeBase 1-L live arm,test567,false
gen-1786736874-SZ7fN79vi8JWSrb8yYWz,2026-08-14 19:47:54.729,0.000032,,,,0,108,11,0,0,qwen/qwen3.6-flash,Alibaba,standard,false,true,,stop,stop,491,491,MSCodeBase 1-L live arm,test567,false
gen-1786736873-GMzPezQtaPYEVKgaRXP0,2026-08-14 19:47:53.423,0.000033,,,,0,106,12,0,0,qwen/qwen3.6-flash,Alibaba,standard,false,true,,stop,stop,708,708,MSCodeBase 1-L live arm,test567,false
gen-1786736872-IOsyYIIFAaUgXXU9hUo7,2026-08-14 19:47:52.306,0.000033,,,,0,108,12,0,0,qwen/qwen3.6-flash,Alibaba,standard,false,true,,stop,stop,531,531,MSCodeBase 1-L live arm,test567,false
gen-1786736871-TipXPf9hbsc9y2XDQAY4,2026-08-14 19:47:51.156,0.000033,,,,0,107,12,0,0,qwen/qwen3.6-flash,Alibaba,standard,false,true,,stop,stop,562,562,MSCodeBase 1-L live arm,test567,false
gen-1786736870-BoWQaQCSI3YUjUbrXRjJ,2026-08-14 19:47:50.069,0.000033,,,,0,107,12,0,0,qwen/qwen3.6-flash,Alibaba,standard,false,true,,stop,stop,509,509,MSCodeBase 1-L live arm,test567,false
gen-1786736868-XedTe2G8NjTrDo3TI6fX,2026-08-14 19:47:48.511,0.000027,,,,0,108,7,0,0,qwen/qwen3.6-flash,Alibaba,standard,false,true,,stop,stop,978,978,MSCodeBase 1-L live arm,test567,false
gen-1786736867-bX03vryjAMcU2227lUEj,2026-08-14 19:47:47.412,0.000032,,,,0,104,12,0,0,qwen/qwen3.6-flash,Alibaba,standard,false,true,,stop,stop,505,505,MSCodeBase 1-L live arm,test567,false
gen-1786736866-ZT7eQcDXcwpv4YxUkP2l,2026-08-14 19:47:46.171,0.000032,,,,0,108,11,0,0,qwen/qwen3.6-flash,Alibaba,standard,false,true,,stop,stop,662,662,MSCodeBase 1-L live arm,test567,false
gen-1786736864-sneqiodIdYCKIF6EaA48,2026-08-14 19:47:44.907,0.000032,,,,0,104,12,0,0,qwen/qwen3.6-flash,Alibaba,standard,false,true,,stop,stop,666,666,MSCodeBase 1-L live arm,test567,false
gen-1786736863-LiQUz4SIj9lt3k2QdbzE,2026-08-14 19:47:43.266,0.000033,,,,0,106,12,0,0,qwen/qwen3.6-flash,Alibaba,standard,false,true,,stop,stop,1040,1040,MSCodeBase 1-L live arm,test567,false
gen-1786736862-rdDrPfR3FpR5GoAW90dk,2026-08-14 19:47:42.182,0.000031,,,,0,104,11,0,0,qwen/qwen3.6-flash,Alibaba,standard,false,true,,stop,stop,504,504,MSCodeBase 1-L live arm,test567,false
gen-1786736861-k9HnD12onfowgd4yxcTu,2026-08-14 19:47:41.072,0.000032,,,,0,107,11,0,0,qwen/qwen3.6-flash,Alibaba,standard,false,true,,stop,stop,494,494,MSCodeBase 1-L live arm,test567,false
gen-1786736859-Et3AeLM3tu9tyh2UTeGZ,2026-08-14 19:47:39.839,0.000032,,,,0,105,12,0,0,qwen/qwen3.6-flash,Alibaba,standard,false,true,,stop,stop,590,590,MSCodeBase 1-L live arm,test567,false
gen-1786736858-LT70Tw3Lk43DjqjX7afG,2026-08-14 19:47:38.716,0.000033,,,,0,108,12,0,0,qwen/qwen3.6-flash,Alibaba,standard,false,true,,stop,stop,517,517,MSCodeBase 1-L live arm,test567,false
gen-1786736857-McafSbVFHQcYp3QaQ21a,2026-08-14 19:47:37.366,0.000033,,,,0,109,12,0,0,qwen/qwen3.6-flash,Alibaba,standard,false,true,,stop,stop,590,590,MSCodeBase 1-L live arm,test567,false
gen-1786736856-l44JHFce0o7wXR3hcSoo,2026-08-14 19:47:36.230,0.000033,,,,0,108,12,0,0,qwen/qwen3.6-flash,Alibaba,standard,false,true,,stop,stop,494,494,MSCodeBase 1-L live arm,test567,false
gen-1786736854-RoXidJukL7BDgIY8c74l,2026-08-14 19:47:34.541,0.000032,,,,0,107,11,0,0,qwen/qwen3.6-flash,Alibaba,standard,false,true,,stop,stop,1023,1023,MSCodeBase 1-L live arm,test567,false
gen-1786736853-cQQgtKSk2KLKOTEjo66A,2026-08-14 19:47:33.259,0.000033,,,,0,108,12,0,0,qwen/qwen3.6-flash,Alibaba,standard,false,true,,stop,stop,697,697,MSCodeBase 1-L live arm,test567,false
gen-1786736852-GQOzc6CbRPtXudRc28rX,2026-08-14 19:47:32.171,0.000033,,,,0,108,12,0,0,qwen/qwen3.6-flash,Alibaba,standard,false,true,,stop,stop,505,505,MSCodeBase 1-L live arm,test567,false
gen-1786736851-i6FucHX4NFC7lYWY0DEz,2026-08-14 19:47:31.041,0.000033,,,,0,106,12,0,0,qwen/qwen3.6-flash,Alibaba,standard,false,true,,stop,stop,518,518,MSCodeBase 1-L live arm,test567,false
gen-1786736849-z2tPjbUgdkI0zcBG2dt7,2026-08-14 19:47:29.939,0.000033,,,,0,112,11,0,0,qwen/qwen3.6-flash,Alibaba,standard,false,true,,stop,stop,514,514,MSCodeBase 1-L live arm,test567,false
gen-1786736848-wGlaCMTtMfHhd8f5jYUW,2026-08-14 19:47:28.842,0.000033,,,,0,106,12,0,0,qwen/qwen3.6-flash,Alibaba,standard,false,true,,stop,stop,514,514,MSCodeBase 1-L live arm,test567,false
gen-1786736847-ur3A3jvKikz4YRt5UU5B,2026-08-14 19:47:27.749,0.000033,,,,0,108,12,0,0,qwen/qwen3.6-flash,Alibaba,standard,false,true,,stop,stop,502,502,MSCodeBase 1-L live arm,test567,false
gen-1786736846-GW66inWSN8zccKbWRpEK,2026-08-14 19:47:26.559,0.000033,,,,0,109,12,0,0,qwen/qwen3.6-flash,Alibaba,standard,false,true,,stop,stop,569,569,MSCodeBase 1-L live arm,test567,false
gen-1786736845-xUAFtL3X8segipuspXZZ,2026-08-14 19:47:25.445,0.000033,,,,0,106,12,0,0,qwen/qwen3.6-flash,Alibaba,standard,false,true,,stop,stop,531,531,MSCodeBase 1-L live arm,test567,false
gen-1786736843-uBYp7o5GxJ8Sp8NxWOdl,2026-08-14 19:47:23.688,0.000033,,,,0,108,12,0,0,qwen/qwen3.6-flash,Alibaba,standard,false,true,,stop,stop,1170,1170,MSCodeBase 1-L live arm,test567,false
gen-1786736841-jrj3TagvPOZLlGELMjsL,2026-08-14 19:47:21.768,0.000008,,,,0,103,8,0,0,deepseek/deepseek-v4-flash-20260423,DigitalOcean,standard,false,true,,stop,stop,1593,1593,MSCodeBase 1-L live arm,test567,false
gen-1786736838-jkVzIfPsJICsOFznyqCr,2026-08-14 19:47:18.324,0.000008,,,,0,109,8,0,0,deepseek/deepseek-v4-flash-20260423,DigitalOcean,standard,false,true,,stop,stop,2866,2866,MSCodeBase 1-L live arm,test567,false
gen-1786736833-NMFadVppJjMXiNbDt5f9,2026-08-14 19:47:13.705,0.000008,,,,0,110,8,0,0,deepseek/deepseek-v4-flash-20260423,DigitalOcean,standard,false,true,,stop,stop,3850,3850,MSCodeBase 1-L live arm,test567,false
gen-1786736831-CrIh7SJb2Vu7807mveTv,2026-08-14 19:47:11.468,0.000008,,,,0,109,8,0,0,deepseek/deepseek-v4-flash-20260423,DigitalOcean,standard,false,true,,stop,stop,1640,1640,MSCodeBase 1-L live arm,test567,false
gen-1786736828-mKXcgqRcCxwDyIj2zvOp,2026-08-14 19:47:08.215,0.000008,,,,0,107,8,0,0,deepseek/deepseek-v4-flash-20260423,DigitalOcean,standard,false,true,,stop,stop,2636,2636,MSCodeBase 1-L live arm,test567,false
gen-1786736826-SImkoSCD7HU1k352DBqR,2026-08-14 19:47:06.701,0.000008,,,,0,105,8,0,0,deepseek/deepseek-v4-flash-20260423,DigitalOcean,standard,false,true,,stop,stop,917,917,MSCodeBase 1-L live arm,test567,false
gen-1786736824-5TtusgE9Shtozw9CvHtI,2026-08-14 19:47:04.244,0.000008,,,,0,110,8,0,0,deepseek/deepseek-v4-flash-20260423,DigitalOcean,standard,false,true,,stop,stop,1878,1878,MSCodeBase 1-L live arm,test567,false
gen-1786736819-vDiATSOvLyF5eXsWsFpC,2026-08-14 19:46:59.111,0.000008,,,,0,102,8,0,0,deepseek/deepseek-v4-flash-20260423,DigitalOcean,standard,false,true,,stop,stop,4558,4558,MSCodeBase 1-L live arm,test567,false
gen-1786736817-oFG5jR6G1my5d9NKu3S2,2026-08-14 19:46:57.709,0.000008,,,,0,109,8,0,0,deepseek/deepseek-v4-flash-20260423,DigitalOcean,standard,false,true,,stop,stop,801,801,MSCodeBase 1-L live arm,test567,false
gen-1786736814-9mT1SOKhF3cPlt1yWqGh,2026-08-14 19:46:54.840,0.000008,,,,0,106,8,0,0,deepseek/deepseek-v4-flash-20260423,DigitalOcean,standard,false,true,,stop,stop,2295,2295,MSCodeBase 1-L live arm,test567,false
gen-1786736813-Y5VERApbLHWxgGKbykhH,2026-08-14 19:46:53.214,0.000008,,,,0,107,8,0,0,deepseek/deepseek-v4-flash-20260423,DigitalOcean,standard,false,true,,stop,stop,1034,1034,MSCodeBase 1-L live arm,test567,false
gen-1786736811-A20XFggrmSBDW5CCVUBi,2026-08-14 19:46:51.013,0.000008,,,,0,108,8,0,0,deepseek/deepseek-v4-flash-20260423,DigitalOcean,standard,false,true,,stop,stop,1618,1618,MSCodeBase 1-L live arm,test567,false
gen-1786736806-uNOQgzdY59YH29u4PlJi,2026-08-14 19:46:46.368,0.000008,,,,0,108,8,0,0,deepseek/deepseek-v4-flash-20260423,DigitalOcean,standard,false,true,,stop,stop,4034,4034,MSCodeBase 1-L live arm,test567,false
gen-1786736803-Lk0gg68zjSTDbSl3X0rI,2026-08-14 19:46:43.906,0.000008,,,,0,107,8,0,0,deepseek/deepseek-v4-flash-20260423,DigitalOcean,standard,false,true,,stop,stop,1859,1859,MSCodeBase 1-L live arm,test567,false
gen-1786736797-vhjxqUX0cI5lQz0SnvB6,2026-08-14 19:46:37.473,0.000008,,,,0,110,8,0,0,deepseek/deepseek-v4-flash-20260423,DigitalOcean,standard,false,true,,stop,stop,5843,5843,MSCodeBase 1-L live arm,test567,false
gen-1786736792-amdlzaVcdjNbrdluuRxF,2026-08-14 19:46:32.372,0.000008,,,,0,106,8,0,0,deepseek/deepseek-v4-flash-20260423,DigitalOcean,standard,false,true,,stop,stop,4530,4530,MSCodeBase 1-L live arm,test567,false
gen-1786736789-D7vEeCnsbSsMM8FgJ8xr,2026-08-14 19:46:29.595,0.000008,,,,0,108,8,0,0,deepseek/deepseek-v4-flash-20260423,DigitalOcean,standard,false,true,,stop,stop,2184,2184,MSCodeBase 1-L live arm,test567,false
gen-1786736785-WR1RFTVhhj102wnm2sVo,2026-08-14 19:46:25.948,0.000008,,,,0,110,8,0,0,deepseek/deepseek-v4-flash-20260423,DigitalOcean,standard,false,true,,stop,stop,3069,3069,MSCodeBase 1-L live arm,test567,false
gen-1786736782-TaHmFghvi3dtorCBgJUR,2026-08-14 19:46:22.530,0.000008,,,,0,105,8,0,0,deepseek/deepseek-v4-flash-20260423,DigitalOcean,standard,false,true,,stop,stop,2840,2840,MSCodeBase 1-L live arm,test567,false
gen-1786736779-M2aj2XtlWBnKqTv3mzTv,2026-08-14 19:46:19.758,0.000008,,,,0,106,8,0,0,deepseek/deepseek-v4-flash-20260423,DigitalOcean,standard,false,true,,stop,stop,2173,2173,MSCodeBase 1-L live arm,test567,false
gen-1786736778-pTL8gL1dYwiBk55BFfdq,2026-08-14 19:46:18.298,0.000008,,,,0,107,8,0,0,deepseek/deepseek-v4-flash-20260423,DigitalOcean,standard,false,true,,stop,stop,869,869,MSCodeBase 1-L live arm,test567,false
gen-1786736776-MJUBQ2Hx1M5fGw9Aki6R,2026-08-14 19:46:16.493,0.000008,,,,0,111,8,0,0,deepseek/deepseek-v4-flash-20260423,DigitalOcean,standard,false,true,,stop,stop,1225,1225,MSCodeBase 1-L live arm,test567,false
gen-1786736774-r0b1Y2ubVYv8bIECEpuC,2026-08-14 19:46:14.235,0.000008,,,,0,108,8,0,0,deepseek/deepseek-v4-flash-20260423,DigitalOcean,standard,false,true,,stop,stop,1666,1666,MSCodeBase 1-L live arm,test567,false
gen-1786736772-ZolYdLbaSnZZ0BJNh1mT,2026-08-14 19:46:12.901,0.000008,,,,0,110,8,0,0,deepseek/deepseek-v4-flash-20260423,DigitalOcean,standard,false,true,,stop,stop,756,756,MSCodeBase 1-L live arm,test567,false
gen-1786736771-cpOZtf7dTQST6UShs968,2026-08-14 19:46:11.193,0.000008,,,,0,108,8,0,0,deepseek/deepseek-v4-flash-20260423,DigitalOcean,standard,false,true,,stop,stop,1108,1108,MSCodeBase 1-L live arm,test567,false
gen-1786736769-oYL0WTRlGwIjZKAxAjkB,2026-08-14 19:46:09.510,0.000008,,,,0,106,8,0,0,deepseek/deepseek-v4-flash-20260423,DigitalOcean,standard,false,true,,stop,stop,1103,1103,MSCodeBase 1-L live arm,test567,false
gen-1786736767-ALqvC6DfhXtIJimfdcw4,2026-08-14 19:46:07.911,0.000008,,,,0,108,8,0,0,deepseek/deepseek-v4-flash-20260423,DigitalOcean,standard,false,true,,stop,stop,1015,1015,MSCodeBase 1-L live arm,test567,false
gen-1786736764-3qS2Ks1Gq9NCPQc0U6no,2026-08-14 19:46:04.300,0.000008,,,,0,110,8,0,0,deepseek/deepseek-v4-flash-20260423,DigitalOcean,standard,false,true,,stop,stop,3004,3004,MSCodeBase 1-L live arm,test567,false
gen-1786736761-NFUTMALVynH6fAFzeRmQ,2026-08-14 19:46:01.804,0.000008,,,,0,107,8,0,0,deepseek/deepseek-v4-flash-20260423,DigitalOcean,standard,false,true,,stop,stop,1908,1908,MSCodeBase 1-L live arm,test567,false
gen-1786736759-3kNBectVBHzyRGT86o9R,2026-08-14 19:45:59.622,0.000008,,,,0,108,8,0,0,deepseek/deepseek-v4-flash-20260423,DigitalOcean,standard,false,true,,stop,stop,1603,1603,MSCodeBase 1-L live arm,test567,false
gen-1786736757-UTZxpNUrNVi4VRKh5iCY,2026-08-14 19:45:57.508,0.000008,,,,0,104,8,0,0,deepseek/deepseek-v4-flash-20260423,DigitalOcean,standard,false,true,,stop,stop,1466,1466,MSCodeBase 1-L live arm,test567,false
gen-1786736754-hflEdjgrVYdJ5bECCMoF,2026-08-14 19:45:54.497,0.000008,,,,0,108,8,0,0,deepseek/deepseek-v4-flash-20260423,DigitalOcean,standard,false,true,,stop,stop,2281,2281,MSCodeBase 1-L live arm,test567,false
gen-1786736752-STIFa69Rh0XHaagMnzga,2026-08-14 19:45:52.981,0.000008,,,,0,103,8,0,0,deepseek/deepseek-v4-flash-20260423,DigitalOcean,standard,false,true,,stop,stop,884,884,MSCodeBase 1-L live arm,test567,false
gen-1786736749-rBS9Kf9aklf1dz3ztg9A,2026-08-14 19:45:49.887,0.000008,,,,0,106,8,0,0,deepseek/deepseek-v4-flash-20260423,DigitalOcean,standard,false,true,,stop,stop,2469,2469,MSCodeBase 1-L live arm,test567,false
gen-1786736748-PUlSiIJLyXlOrsrnePUz,2026-08-14 19:45:48.241,0.000008,,,,0,103,8,0,0,deepseek/deepseek-v4-flash-20260423,DigitalOcean,standard,false,true,,stop,stop,1010,1010,MSCodeBase 1-L live arm,test567,false
gen-1786736742-FMapnef7pT1oAEwBi7CV,2026-08-14 19:45:42.109,0.000008,,,,0,105,8,0,0,deepseek/deepseek-v4-flash-20260423,DigitalOcean,standard,false,true,,stop,stop,5546,5546,MSCodeBase 1-L live arm,test567,false
gen-1786736740-oM6g2kIUuJVn8o0ks7Iw,2026-08-14 19:45:40.365,0.000008,,,,0,106,8,0,0,deepseek/deepseek-v4-flash-20260423,DigitalOcean,standard,false,true,,stop,stop,1131,1131,MSCodeBase 1-L live arm,test567,false
gen-1786736736-RjzBaufM7DnKDueNdRok,2026-08-14 19:45:36.223,0.000008,,,,0,109,8,0,0,deepseek/deepseek-v4-flash-20260423,DigitalOcean,standard,false,true,,stop,stop,3525,3525,MSCodeBase 1-L live arm,test567,false
gen-1786736732-dTPk71YlX3CZzbvxb78K,2026-08-14 19:45:32.328,0.000008,,,,0,112,8,0,0,deepseek/deepseek-v4-flash-20260423,DigitalOcean,standard,false,true,,stop,stop,3292,3292,MSCodeBase 1-L live arm,test567,false
gen-1786736729-b2Z3mGgN4iyGCHq1H6VD,2026-08-14 19:45:29.896,0.000008,,,,0,107,8,0,0,deepseek/deepseek-v4-flash-20260423,DigitalOcean,standard,false,true,,stop,stop,1800,1800,MSCodeBase 1-L live arm,test567,false
gen-1786736727-CCqbR1uagDFAOUwJNiT7,2026-08-14 19:45:27.926,0.000008,,,,0,106,8,0,0,deepseek/deepseek-v4-flash-20260423,DigitalOcean,standard,false,true,,stop,stop,1352,1352,MSCodeBase 1-L live arm,test567,false
gen-1786736724-SawiS0n8Xagy96wKyoBO,2026-08-14 19:45:24.024,0.000008,,,,0,107,8,0,0,deepseek/deepseek-v4-flash-20260423,DigitalOcean,standard,false,true,,stop,stop,3293,3293,MSCodeBase 1-L live arm,test567,false
gen-1786736718-WnnN25oWk2GKQMQRI8wo,2026-08-14 19:45:18.906,0.000009,,,,0,115,8,0,0,deepseek/deepseek-v4-flash-20260423,DigitalOcean,standard,false,true,,stop,stop,4533,4533,MSCodeBase 1-L live arm,test567,false
gen-1786736714-C7DgzmUSFMKLIuo4iy4R,2026-08-14 19:45:14.081,0.000008,,,,0,111,8,0,0,deepseek/deepseek-v4-flash-20260423,DigitalOcean,standard,false,true,,stop,stop,4202,4202,MSCodeBase 1-L live arm,test567,false
gen-1786736709-5e1SBA9Pz6ScC86U0LHK,2026-08-14 19:45:09.208,0.000009,,,,0,120,8,0,0,deepseek/deepseek-v4-flash-20260423,DigitalOcean,standard,false,true,,stop,stop,4244,4244,MSCodeBase 1-L live arm,test567,false
gen-1786736705-mUKsJ1BzFuoC1L9jfE1F,2026-08-14 19:45:05.363,0.000008,,,,0,113,8,0,0,deepseek/deepseek-v4-flash-20260423,DigitalOcean,standard,false,true,,stop,stop,3213,3213,MSCodeBase 1-L live arm,test567,false
gen-1786736703-UR8YZn5bhOb7BDXhOkE0,2026-08-14 19:45:03.595,0.000009,,,,0,115,8,0,0,deepseek/deepseek-v4-flash-20260423,DigitalOcean,standard,false,true,,stop,stop,1133,1133,MSCodeBase 1-L live arm,test567,false
gen-1786736700-RJUoajPJGW7yWelilIIz,2026-08-14 19:45:00.390,0.000009,,,,0,117,8,0,0,deepseek/deepseek-v4-flash-20260423,DigitalOcean,standard,false,true,,stop,stop,2574,2574,MSCodeBase 1-L live arm,test567,false
gen-1786736695-y6BRzWanpxvPOT4IYE15,2026-08-14 19:44:55.953,0.000008,,,,0,112,8,0,0,deepseek/deepseek-v4-flash-20260423,DigitalOcean,standard,false,true,,stop,stop,3823,3823,MSCodeBase 1-L live arm,test567,false
gen-1786736692-0l994xyEzga4JqK05bCb,2026-08-14 19:44:52.822,0.000009,,,,0,115,8,0,0,deepseek/deepseek-v4-flash-20260423,DigitalOcean,standard,false,true,,stop,stop,2535,2535,MSCodeBase 1-L live arm,test567,false
gen-1786736691-4fFTj2jHVgZ9Y0okOmj8,2026-08-14 19:44:51.138,0.000007,,,,0,89,8,0,0,deepseek/deepseek-v4-flash-20260423,DigitalOcean,standard,false,true,,stop,stop,1380,1380,MSCodeBase 1-L live arm,test567,false
gen-1786736688-67uNEdsXdNF46HBJzybt,2026-08-14 19:44:48.633,0.000007,,,,0,95,8,0,0,deepseek/deepseek-v4-flash-20260423,DigitalOcean,standard,false,true,,stop,stop,1871,1871,MSCodeBase 1-L live arm,test567,false
gen-1786736681-dHhLZp9vs51wUfyIS3BJ,2026-08-14 19:44:41.805,0.000007,,,,0,96,8,0,0,deepseek/deepseek-v4-flash-20260423,DigitalOcean,standard,false,true,,stop,stop,6228,6228,MSCodeBase 1-L live arm,test567,false
gen-1786736676-R4cbv9rlLjjxSDwNoPMI,2026-08-14 19:44:36.161,0.000007,,,,0,95,8,0,0,deepseek/deepseek-v4-flash-20260423,DigitalOcean,standard,false,true,,stop,stop,5026,5026,MSCodeBase 1-L live arm,test567,false
gen-1786736672-iWgawD3YHTWb3ygbLTOV,2026-08-14 19:44:32.016,0.000007,,,,0,94,8,0,0,deepseek/deepseek-v4-flash-20260423,DigitalOcean,standard,false,true,,stop,stop,3524,3524,MSCodeBase 1-L live arm,test567,false
gen-1786736665-YcGwEDUh5ou0yWYyRxY5,2026-08-14 19:44:25.331,0.000007,,,,0,93,8,0,0,deepseek/deepseek-v4-flash-20260423,DigitalOcean,standard,false,true,,stop,stop,6076,6076,MSCodeBase 1-L live arm,test567,false
gen-1786736663-0ThGE1yiJ1I88dd68EY3,2026-08-14 19:44:23.049,0.000007,,,,0,96,8,0,0,deepseek/deepseek-v4-flash-20260423,DigitalOcean,standard,false,true,,stop,stop,1639,1639,MSCodeBase 1-L live arm,test567,false
gen-1786736657-6qSWKDVPuW5GxMegQlBi,2026-08-14 19:44:17.957,0.000007,,,,0,90,8,0,0,deepseek/deepseek-v4-flash-20260423,DigitalOcean,standard,false,true,,stop,stop,4479,4479,MSCodeBase 1-L live arm,test567,false
gen-1786736654-SlkyiI7doHvFU6t7dPRM,2026-08-14 19:44:14.618,0.000007,,,,0,95,8,0,0,deepseek/deepseek-v4-flash-20260423,DigitalOcean,standard,false,true,,stop,stop,2720,2720,MSCodeBase 1-L live arm,test567,false
gen-1786736653-dlBVti0OIoYDl5dNJiWP,2026-08-14 19:44:13.099,0.000007,,,,0,92,8,0,0,deepseek/deepseek-v4-flash-20260423,DigitalOcean,standard,false,true,,stop,stop,909,909,MSCodeBase 1-L live arm,test567,false
gen-1786736649-ByYWVoJ5J6tctyL4IvA9,2026-08-14 19:44:09.039,0.000007,,,,0,93,8,0,0,deepseek/deepseek-v4-flash-20260423,DigitalOcean,standard,false,true,,stop,stop,3368,3368,MSCodeBase 1-L live arm,test567,false
gen-1786736647-qWatuwmtf6d5HPtJ4tdI,2026-08-14 19:44:07.000,0.000007,,,,0,93,8,0,0,deepseek/deepseek-v4-flash-20260423,DigitalOcean,standard,false,true,,stop,stop,1428,1428,MSCodeBase 1-L live arm,test567,false
gen-1786736643-KeBJS3tjwXlukqXbO215,2026-08-14 19:44:02.819,0.000007,,,,0,93,8,0,0,deepseek/deepseek-v4-flash-20260423,DigitalOcean,standard,false,true,,stop,stop,2779,2779,MSCodeBase 1-L live arm,test567,false
gen-1786736641-cWxRr8aWjDcXEWJroRek,2026-08-14 19:44:01.304,0.000007,,,,0,94,8,0,0,deepseek/deepseek-v4-flash-20260423,DigitalOcean,standard,false,true,,stop,stop,888,888,MSCodeBase 1-L live arm,test567,false
gen-1786736638-AkL7huOV6mkWcq2kg8Nu,2026-08-14 19:43:58.401,0.000007,,,,0,96,8,0,0,deepseek/deepseek-v4-flash-20260423,DigitalOcean,standard,false,true,,stop,stop,2298,2298,MSCodeBase 1-L live arm,test567,false
gen-1786736636-minknVAsKesf0FKaKrkm,2026-08-14 19:43:56.525,0.000007,,,,0,92,8,0,0,deepseek/deepseek-v4-flash-20260423,DigitalOcean,standard,false,true,,stop,stop,1288,1288,MSCodeBase 1-L live arm,test567,false
gen-1786736633-T6QGlWFeQyzDMRi6ZcFl,2026-08-14 19:43:53.745,0.000007,,,,0,94,8,0,0,deepseek/deepseek-v4-flash-20260423,DigitalOcean,standard,false,true,,stop,stop,2155,2155,MSCodeBase 1-L live arm,test567,false
gen-1786736631-NfZwyZyDZleVBrGGuMWX,2026-08-14 19:43:51.712,0.000007,,,,0,95,8,0,0,deepseek/deepseek-v4-flash-20260423,DigitalOcean,standard,false,true,,stop,stop,1429,1429,MSCodeBase 1-L live arm,test567,false
gen-1786736629-KrdSZeWyzASymIcdL4xN,2026-08-14 19:43:49.588,0.000007,,,,0,91,8,0,0,deepseek/deepseek-v4-flash-20260423,DigitalOcean,standard,false,true,,stop,stop,1499,1499,MSCodeBase 1-L live arm,test567,false
gen-1786736627-Ti8YLesuGKAzbmBzIW4A,2026-08-14 19:43:47.279,0.000007,,,,0,92,8,0,0,deepseek/deepseek-v4-flash-20260423,DigitalOcean,standard,false,true,,stop,stop,1653,1653,MSCodeBase 1-L live arm,test567,false
gen-1786736625-ROeYblbalwjh26OwpiXN,2026-08-14 19:43:45.574,0.000007,,,,0,93,8,0,0,deepseek/deepseek-v4-flash-20260423,DigitalOcean,standard,false,true,,stop,stop,1078,1078,MSCodeBase 1-L live arm,test567,false
gen-1786736620-7F6C32AfxotMgTP4DFqP,2026-08-14 19:43:40.037,0.000007,,,,0,96,8,0,0,deepseek/deepseek-v4-flash-20260423,DigitalOcean,standard,false,true,,stop,stop,4893,4893,MSCodeBase 1-L live arm,test567,false
gen-1786736618-WsFe3Th6NlxL3rhGnXKs,2026-08-14 19:43:38.254,0.000007,,,,0,94,8,0,0,deepseek/deepseek-v4-flash-20260423,DigitalOcean,standard,false,true,,stop,stop,1167,1167,MSCodeBase 1-L live arm,test567,false
gen-1786736615-DG3WatwAzQbUezuM4MLd,2026-08-14 19:43:35.856,0.000007,,,,0,95,8,0,0,deepseek/deepseek-v4-flash-20260423,DigitalOcean,standard,false,true,,stop,stop,1547,1547,MSCodeBase 1-L live arm,test567,false
gen-1786736611-wdywmVffTR9AwFzR7Uz6,2026-08-14 19:43:31.324,0.000007,,,,0,93,8,0,0,deepseek/deepseek-v4-flash-20260423,DigitalOcean,standard,false,true,,stop,stop,2238,2238,MSCodeBase 1-L live arm,test567,false
gen-1786736607-gi7FQ1iD4cYVs9qWerkM,2026-08-14 19:43:27.541,0.000007,,,,0,94,8,0,0,deepseek/deepseek-v4-flash-20260423,DigitalOcean,standard,false,true,,stop,stop,3174,3174,MSCodeBase 1-L live arm,test567,false
gen-1786736602-Lu1LxRzgFYXb7LFLYTk9,2026-08-14 19:43:22.920,0.000007,,,,0,94,8,0,0,deepseek/deepseek-v4-flash-20260423,DigitalOcean,standard,false,true,,stop,stop,3969,3969,MSCodeBase 1-L live arm,test567,false
gen-1786736600-nudr2tQEmrS2tsccrWY9,2026-08-14 19:43:20.129,0.000007,,,,0,95,8,0,0,deepseek/deepseek-v4-flash-20260423,DigitalOcean,standard,false,true,,stop,stop,2208,2208,MSCodeBase 1-L live arm,test567,false
gen-1786736595-zQOWpP8hhoWk5nlxGf7I,2026-08-14 19:43:15.054,0.000007,,,,0,93,8,0,0,deepseek/deepseek-v4-flash-20260423,DigitalOcean,standard,false,true,,stop,stop,4473,4473,MSCodeBase 1-L live arm,test567,false
gen-1786736590-j3qCV2sy040FHsYBlqd3,2026-08-14 19:43:10.190,0.000007,,,,0,95,8,0,0,deepseek/deepseek-v4-flash-20260423,DigitalOcean,standard,false,true,,stop,stop,4270,4270,MSCodeBase 1-L live arm,test567,false
gen-1786736586-t7qGXjXKpPme29jr9qFV,2026-08-14 19:43:06.675,0.000007,,,,0,91,8,0,0,deepseek/deepseek-v4-flash-20260423,DigitalOcean,standard,false,true,,stop,stop,2928,2928,MSCodeBase 1-L live arm,test567,false
gen-1786736584-pr92qUToHj9Hk85Q5SBK,2026-08-14 19:43:04.940,0.000007,,,,0,95,8,0,0,deepseek/deepseek-v4-flash-20260423,DigitalOcean,standard,false,true,,stop,stop,1131,1131,MSCodeBase 1-L live arm,test567,false
gen-1786736581-63rrvPQvFLqfZDGUnTfU,2026-08-14 19:43:01.523,0.000007,,,,0,91,8,0,0,deepseek/deepseek-v4-flash-20260423,DigitalOcean,standard,false,true,,stop,stop,2822,2822,MSCodeBase 1-L live arm,test567,false
gen-1786736576-qyWLoFbShqM9l0qyMKj1,2026-08-14 19:42:56.854,0.000007,,,,0,93,8,0,0,deepseek/deepseek-v4-flash-20260423,DigitalOcean,standard,false,true,,stop,stop,4063,4063,MSCodeBase 1-L live arm,test567,false
gen-1786736572-ycWtR9OziZQsJSVQM10r,2026-08-14 19:42:52.141,0.000007,,,,0,90,8,0,0,deepseek/deepseek-v4-flash-20260423,DigitalOcean,standard,false,true,,stop,stop,4123,4123,MSCodeBase 1-L live arm,test567,false
gen-1786736569-5uDR3lCvHQQE24lh1Nv8,2026-08-14 19:42:49.171,0.000007,,,,0,92,8,0,0,deepseek/deepseek-v4-flash-20260423,DigitalOcean,standard,false,true,,stop,stop,2386,2386,MSCodeBase 1-L live arm,test567,false
gen-1786736567-gv1hQCMXdav9wznSEqBj,2026-08-14 19:42:47.738,0.000007,,,,0,92,8,0,0,deepseek/deepseek-v4-flash-20260423,DigitalOcean,standard,false,true,,stop,stop,844,844,MSCodeBase 1-L live arm,test567,false
gen-1786736565-Z7g6wOm1cVxwGST7jcvw,2026-08-14 19:42:45.605,0.000007,,,,0,96,8,0,0,deepseek/deepseek-v4-flash-20260423,DigitalOcean,standard,false,true,,stop,stop,1536,1536,MSCodeBase 1-L live arm,test567,false
gen-1786736563-nMC9qVKnO2hfx4EngbQ4,2026-08-14 19:42:43.422,0.000007,,,,0,97,8,0,0,deepseek/deepseek-v4-flash-20260423,DigitalOcean,standard,false,true,,stop,stop,1598,1598,MSCodeBase 1-L live arm,test567,false
gen-1786736561-wHoi2hgwMh6E0S8bpFQV,2026-08-14 19:42:40.939,0.000007,,,,0,93,8,0,0,deepseek/deepseek-v4-flash-20260423,DigitalOcean,standard,false,true,,stop,stop,1749,1749,MSCodeBase 1-L live arm,test567,false
gen-1786736557-vMKYerGbCAE10nyiMjC4,2026-08-14 19:42:36.747,0.000007,,,,0,93,8,0,0,deepseek/deepseek-v4-flash-20260423,DigitalOcean,standard,false,true,,stop,stop,3009,3009,MSCodeBase 1-L live arm,test567,false
gen-1786736553-pZ4gtJNz6PaHkS5uqwk1,2026-08-14 19:42:33.992,0.000007,,,,0,95,8,0,0,deepseek/deepseek-v4-flash-20260423,DigitalOcean,standard,false,true,,stop,stop,2165,2165,MSCodeBase 1-L live arm,test567,false
gen-1786736551-Uq74Ak8h7iRtl3sqOYA9,2026-08-14 19:42:31.158,0.000007,,,,0,96,8,0,0,deepseek/deepseek-v4-flash-20260423,DigitalOcean,standard,false,true,,stop,stop,2245,2245,MSCodeBase 1-L live arm,test567,false
gen-1786736549-mCTD04novGAhvyYWPET6,2026-08-14 19:42:29.461,0.000007,,,,0,93,8,0,0,deepseek/deepseek-v4-flash-20260423,DigitalOcean,standard,false,true,,stop,stop,1093,1093,MSCodeBase 1-L live arm,test567,false
gen-1786736547-8nJQkXSt3AtNT5gjLagD,2026-08-14 19:42:27.840,0.000007,,,,0,98,8,0,0,deepseek/deepseek-v4-flash-20260423,DigitalOcean,standard,false,true,,stop,stop,1036,1036,MSCodeBase 1-L live arm,test567,false
gen-1786736544-EKizu92whrSeqbjEpmQo,2026-08-14 19:42:24.893,0.000007,,,,0,92,8,0,0,deepseek/deepseek-v4-flash-20260423,DigitalOcean,standard,false,true,,stop,stop,2337,2337,MSCodeBase 1-L live arm,test567,false
gen-1786736540-qBUxXeFcmQxqzDaqvyBN,2026-08-14 19:42:20.377,0.000007,,,,0,95,8,0,0,deepseek/deepseek-v4-flash-20260423,DigitalOcean,standard,false,true,,stop,stop,3930,3930,MSCodeBase 1-L live arm,test567,false
gen-1786736537-bGVT0PA40PNZHZDFjEKP,2026-08-14 19:42:17.760,0.000007,,,,0,95,8,0,0,deepseek/deepseek-v4-flash-20260423,DigitalOcean,standard,false,true,,stop,stop,2014,2014,MSCodeBase 1-L live arm,test567,false
gen-1786736533-d90l2dyEvxyLExbxIJpX,2026-08-14 19:42:13.961,0.000007,,,,0,92,8,0,0,deepseek/deepseek-v4-flash-20260423,DigitalOcean,standard,false,true,,stop,stop,3182,3182,MSCodeBase 1-L live arm,test567,false
gen-1786736531-ozEx7vjcbfpr9DXWVk0m,2026-08-14 19:42:11.889,0.000007,,,,0,96,8,0,0,deepseek/deepseek-v4-flash-20260423,DigitalOcean,standard,false,true,,stop,stop,1486,1486,MSCodeBase 1-L live arm,test567,false
gen-1786736531-CGyoUwgit0pyU4a3lqxw,2026-08-14 19:42:11.282,0.00001,,,,0,115,8,0,0,nvidia/nemotron-3.5-lightning-20260807,DeepInfra,standard,false,true,,stop,stop,300,300,MSCodeBase 1-L live arm,test567,false
gen-1786736530-5wgsbqi3YzoAVwAQPJbO,2026-08-14 19:42:10.101,0.000011,,,,0,120,8,0,0,nvidia/nemotron-3.5-lightning-20260807,DeepInfra,standard,false,true,,stop,stop,597,597,MSCodeBase 1-L live arm,test567,false
gen-1786736529-uGDibahvU4SSRFUJsZQA,2026-08-14 19:42:09.262,0.000011,,,,0,119,8,0,0,nvidia/nemotron-3.5-lightning-20260807,DeepInfra,standard,false,true,,stop,stop,252,252,MSCodeBase 1-L live arm,test567,false
gen-1786736528-HJG9akB2vPxfRL43p1yb,2026-08-14 19:42:08.363,0.000011,,,,0,121,8,0,0,nvidia/nemotron-3.5-lightning-20260807,DeepInfra,standard,false,true,,stop,stop,316,316,MSCodeBase 1-L live arm,test567,false
gen-1786736527-sGFOBoSCRe6ujtnySQeZ,2026-08-14 19:42:07.336,0.00001,,,,0,118,8,0,0,nvidia/nemotron-3.5-lightning-20260807,DeepInfra,standard,false,true,,stop,stop,426,426,MSCodeBase 1-L live arm,test567,false
gen-1786736526-nxruMEUS9axf9UGoKNk9,2026-08-14 19:42:06.330,0.00001,,,,0,117,8,0,0,nvidia/nemotron-3.5-lightning-20260807,DeepInfra,standard,false,true,,stop,stop,423,423,MSCodeBase 1-L live arm,test567,false
gen-1786736525-0SuAkNud1ySoQeyoDKbE,2026-08-14 19:42:05.083,0.000011,,,,0,122,8,0,0,nvidia/nemotron-3.5-lightning-20260807,DeepInfra,standard,false,true,,stop,stop,652,652,MSCodeBase 1-L live arm,test567,false
gen-1786736524-8Kt4KxP8YO4wh1RxOZnC,2026-08-14 19:42:04.238,0.00001,,,,0,116,8,0,0,nvidia/nemotron-3.5-lightning-20260807,DeepInfra,standard,false,true,,stop,stop,256,256,MSCodeBase 1-L live arm,test567,false
gen-1786736523-LbW1R7GSvLPVzlLb4rmv,2026-08-14 19:42:03.338,0.000011,,,,0,121,8,0,0,nvidia/nemotron-3.5-lightning-20260807,DeepInfra,standard,false,true,,stop,stop,302,302,MSCodeBase 1-L live arm,test567,false
gen-1786736522-hZLcIltfQn9sQyKSpwVQ,2026-08-14 19:42:02.160,0.00001,,,,0,118,8,0,0,nvidia/nemotron-3.5-lightning-20260807,DeepInfra,standard,false,true,,stop,stop,561,561,MSCodeBase 1-L live arm,test567,false
gen-1786736521-YxloR7F7Wf0P5pK40o50,2026-08-14 19:42:01.058,0.00001,,,,0,118,8,0,0,nvidia/nemotron-3.5-lightning-20260807,DeepInfra,standard,false,true,,stop,stop,500,500,MSCodeBase 1-L live arm,test567,false
gen-1786736520-CBxp9gI4gTFV8Qr2g4Te,2026-08-14 19:42:00.092,0.000011,,,,0,121,8,0,0,nvidia/nemotron-3.5-lightning-20260807,DeepInfra,standard,false,true,,stop,stop,359,359,MSCodeBase 1-L live arm,test567,false
gen-1786736519-bgN4JvEd7OUqMrE6sE3H,2026-08-14 19:41:59.227,0.000011,,,,0,121,8,0,0,nvidia/nemotron-3.5-lightning-20260807,DeepInfra,standard,false,true,,stop,stop,258,258,MSCodeBase 1-L live arm,test567,false
gen-1786736518-GwiuukEsXjwPfIvWyVOB,2026-08-14 19:41:58.380,0.000011,,,,0,119,8,0,0,nvidia/nemotron-3.5-lightning-20260807,DeepInfra,standard,false,true,,stop,stop,245,245,MSCodeBase 1-L live arm,test567,false
gen-1786736517-gU0mvn6hSiN1vRloJ8rD,2026-08-14 19:41:57.345,0.000011,,,,0,122,8,0,0,nvidia/nemotron-3.5-lightning-20260807,DeepInfra,standard,false,true,,stop,stop,450,450,MSCodeBase 1-L live arm,test567,false
gen-1786736515-T1iwa6iWcOAo1sK1jj3B,2026-08-14 19:41:55.937,0.000011,,,,0,119,8,0,0,nvidia/nemotron-3.5-lightning-20260807,DeepInfra,standard,false,true,,stop,stop,829,829,MSCodeBase 1-L live arm,test567,false
gen-1786736514-g9s5R7Sccmyv4lL3DGbR,2026-08-14 19:41:54.630,0.000011,,,,0,121,8,0,0,nvidia/nemotron-3.5-lightning-20260807,DeepInfra,standard,false,true,,stop,stop,724,724,MSCodeBase 1-L live arm,test567,false
gen-1786736513-AkpaloZRWAcmTK24IOny,2026-08-14 19:41:53.486,0.000011,,,,0,123,8,0,0,nvidia/nemotron-3.5-lightning-20260807,DeepInfra,standard,false,true,,stop,stop,384,384,MSCodeBase 1-L live arm,test567,false
gen-1786736512-5bD2eZX6gtX4AV6MxJxW,2026-08-14 19:41:52.050,0.00001,,,,0,118,8,0,0,nvidia/nemotron-3.5-lightning-20260807,DeepInfra,standard,false,true,,stop,stop,852,852,MSCodeBase 1-L live arm,test567,false
gen-1786736511-hwhNTlg3nwdS5GRoa2Zh,2026-08-14 19:41:51.104,0.000011,,,,0,119,8,0,0,nvidia/nemotron-3.5-lightning-20260807,DeepInfra,standard,false,true,,stop,stop,366,366,MSCodeBase 1-L live arm,test567,false
gen-1786736510-kMBhBRyPxOYhXruDT8t1,2026-08-14 19:41:50.259,0.000011,,,,0,120,8,0,0,nvidia/nemotron-3.5-lightning-20260807,DeepInfra,standard,false,true,,stop,stop,240,240,MSCodeBase 1-L live arm,test567,false
gen-1786736509-HMs99v73307DojtUHBHf,2026-08-14 19:41:49.047,0.000011,,,,0,123,8,0,0,nvidia/nemotron-3.5-lightning-20260807,DeepInfra,standard,false,true,,stop,stop,603,603,MSCodeBase 1-L live arm,test567,false
gen-1786736505-PEg0uBTthpPOTEEVNwdz,2026-08-14 19:41:45.698,0.000011,,,,0,121,8,0,0,nvidia/nemotron-3.5-lightning-20260807,DeepInfra,standard,false,true,,stop,stop,2766,2766,MSCodeBase 1-L live arm,test567,false
gen-1786736504-CzdtQvToCiWx3VNFnpOU,2026-08-14 19:41:44.726,0.000011,,,,0,122,8,0,0,nvidia/nemotron-3.5-lightning-20260807,DeepInfra,standard,false,true,,stop,stop,360,360,MSCodeBase 1-L live arm,test567,false
gen-1786736503-oigyIdER2tClz3OqvaIV,2026-08-14 19:41:43.677,0.000011,,,,0,122,8,0,0,nvidia/nemotron-3.5-lightning-20260807,DeepInfra,standard,false,true,,stop,stop,451,451,MSCodeBase 1-L live arm,test567,false
gen-1786736502-COdM6ySyo0Fx6LYZWj8v,2026-08-14 19:41:42.659,0.00001,,,,0,118,8,0,0,nvidia/nemotron-3.5-lightning-20260807,DeepInfra,standard,false,true,,stop,stop,409,409,MSCodeBase 1-L live arm,test567,false
gen-1786736501-JYTjUmJsE1opFFh1GwTh,2026-08-14 19:41:41.415,0.000011,,,,0,120,8,0,0,nvidia/nemotron-3.5-lightning-20260807,DeepInfra,standard,false,true,,stop,stop,628,628,MSCodeBase 1-L live arm,test567,false
gen-1786736500-RgZy5APqB7A8HC5PjkTn,2026-08-14 19:41:40.511,0.000011,,,,0,121,8,0,0,nvidia/nemotron-3.5-lightning-20260807,DeepInfra,standard,false,true,,stop,stop,304,304,MSCodeBase 1-L live arm,test567,false
gen-1786736499-SCOSkrjKjOTHSiIvZJRG,2026-08-14 19:41:39.670,0.000011,,,,0,119,8,0,0,nvidia/nemotron-3.5-lightning-20260807,DeepInfra,standard,false,true,,stop,stop,239,239,MSCodeBase 1-L live arm,test567,false
gen-1786736498-CMKrmZYgFzDxfS0hhzBq,2026-08-14 19:41:38.587,0.000011,,,,0,119,8,0,0,nvidia/nemotron-3.5-lightning-20260807,DeepInfra,standard,false,true,,stop,stop,491,491,MSCodeBase 1-L live arm,test567,false
gen-1786736497-9skWQbXjOFa7fRHNanhJ,2026-08-14 19:41:37.519,0.00001,,,,0,116,8,0,0,nvidia/nemotron-3.5-lightning-20260807,DeepInfra,standard,false,true,,stop,stop,477,477,MSCodeBase 1-L live arm,test567,false
gen-1786736496-3PXS2EIbeRqPHmDymann,2026-08-14 19:41:36.541,0.000011,,,,0,120,8,0,0,nvidia/nemotron-3.5-lightning-20260807,DeepInfra,standard,false,true,,stop,stop,380,380,MSCodeBase 1-L live arm,test567,false
gen-1786736495-FFeDEQrH65EOQxhziTx1,2026-08-14 19:41:35.434,0.00001,,,,0,117,8,0,0,nvidia/nemotron-3.5-lightning-20260807,DeepInfra,standard,false,true,,stop,stop,504,504,MSCodeBase 1-L live arm,test567,false
gen-1786736494-dQGzJgIISpOARaVUAMmW,2026-08-14 19:41:34.511,0.000011,,,,0,119,8,0,0,nvidia/nemotron-3.5-lightning-20260807,DeepInfra,standard,false,true,,stop,stop,312,312,MSCodeBase 1-L live arm,test567,false
gen-1786736493-vSO6jKHlx1tlwIfd6gXI,2026-08-14 19:41:33.679,0.00001,,,,0,114,8,0,0,nvidia/nemotron-3.5-lightning-20260807,DeepInfra,standard,false,true,,stop,stop,242,242,MSCodeBase 1-L live arm,test567,false
gen-1786736492-kCa7pHuIk7Qt4Hp1nmpx,2026-08-14 19:41:32.728,0.00001,,,,0,116,8,0,0,nvidia/nemotron-3.5-lightning-20260807,DeepInfra,standard,false,true,,stop,stop,357,357,MSCodeBase 1-L live arm,test567,false
gen-1786736491-yjJqbnrlb2FNEA6SzHFZ,2026-08-14 19:41:31.558,0.000011,,,,0,119,8,0,0,nvidia/nemotron-3.5-lightning-20260807,DeepInfra,standard,false,true,,stop,stop,566,566,MSCodeBase 1-L live arm,test567,false
gen-1786736490-eyk4vHX3mTjwcBRzvzNF,2026-08-14 19:41:30.488,0.000011,,,,0,121,8,0,0,nvidia/nemotron-3.5-lightning-20260807,DeepInfra,standard,false,true,,stop,stop,461,461,MSCodeBase 1-L live arm,test567,false
gen-1786736489-wdnYweHFwfTbDkvqMANx,2026-08-14 19:41:29.651,0.000011,,,,0,126,8,0,0,nvidia/nemotron-3.5-lightning-20260807,DeepInfra,standard,false,true,,stop,stop,253,253,MSCodeBase 1-L live arm,test567,false
gen-1786736488-X4Mi8Ya0wBTVPvQ6FKzt,2026-08-14 19:41:28.220,0.000011,,,,0,121,8,0,0,nvidia/nemotron-3.5-lightning-20260807,DeepInfra,standard,false,true,,stop,stop,812,812,MSCodeBase 1-L live arm,test567,false
gen-1786736487-ouceBk8kPf3V5SKCNheH,2026-08-14 19:41:27.259,0.000011,,,,0,119,8,0,0,nvidia/nemotron-3.5-lightning-20260807,DeepInfra,standard,false,true,,stop,stop,367,367,MSCodeBase 1-L live arm,test567,false
gen-1786736485-k5uscP09g2b9honXj6NN,2026-08-14 19:41:25.955,0.000011,,,,0,119,8,0,0,nvidia/nemotron-3.5-lightning-20260807,DeepInfra,standard,false,true,,stop,stop,711,711,MSCodeBase 1-L live arm,test567,false
gen-1786736485-mqHnhMZi7Frc2aIx9x4K,2026-08-14 19:41:25.122,0.000011,,,,0,125,8,0,0,nvidia/nemotron-3.5-lightning-20260807,DeepInfra,standard,false,true,,stop,stop,247,247,MSCodeBase 1-L live arm,test567,false
gen-1786736484-At8mlGUtHLhHJVxL1iSl,2026-08-14 19:41:24.180,0.000011,,,,0,125,8,0,0,nvidia/nemotron-3.5-lightning-20260807,DeepInfra,standard,false,true,,stop,stop,358,358,MSCodeBase 1-L live arm,test567,false
gen-1786736483-w2HvJoGkx2yRoH61Z7Nj,2026-08-14 19:41:23.320,0.000011,,,,0,131,8,0,0,nvidia/nemotron-3.5-lightning-20260807,DeepInfra,standard,false,true,,stop,stop,270,270,MSCodeBase 1-L live arm,test567,false
gen-1786736482-SkEOAPWWazxWy5QzY5Qv,2026-08-14 19:41:22.456,0.000011,,,,0,124,8,0,0,nvidia/nemotron-3.5-lightning-20260807,DeepInfra,standard,false,true,,stop,stop,276,276,MSCodeBase 1-L live arm,test567,false
gen-1786736481-NDShaZB13gaZMNHqL10H,2026-08-14 19:41:21.550,0.000011,,,,0,124,8,0,0,nvidia/nemotron-3.5-lightning-20260807,DeepInfra,standard,false,true,,stop,stop,317,317,MSCodeBase 1-L live arm,test567,false
gen-1786736480-0b1aWGGVmkBdAUu7SGVv,2026-08-14 19:41:20.425,0.000011,,,,0,130,8,0,0,nvidia/nemotron-3.5-lightning-20260807,DeepInfra,standard,false,true,,stop,stop,541,541,MSCodeBase 1-L live arm,test567,false
gen-1786736479-7vTQsmmMJdWUalIU3jjk,2026-08-14 19:41:19.479,0.000011,,,,0,124,8,0,0,nvidia/nemotron-3.5-lightning-20260807,DeepInfra,standard,false,true,,stop,stop,369,369,MSCodeBase 1-L live arm,test567,false
gen-1786736478-772nmethNlVVDfSx7ebp,2026-08-14 19:41:18.349,0.000011,,,,0,129,8,0,0,nvidia/nemotron-3.5-lightning-20260807,DeepInfra,standard,false,true,,stop,stop,529,529,MSCodeBase 1-L live arm,test567,false
gen-1786736477-zmDHG2p9IaJQq2kcAvdY,2026-08-14 19:41:17.625,0.000009,,,,0,101,8,0,0,nvidia/nemotron-3.5-lightning-20260807,DeepInfra,standard,false,true,,stop,stop,431,431,MSCodeBase 1-L live arm,test567,false
gen-1786736476-2IrwCk5nbauFOnBXUlMi,2026-08-14 19:41:16.604,0.00001,,,,0,107,8,0,0,nvidia/nemotron-3.5-lightning-20260807,DeepInfra,standard,false,true,,stop,stop,429,429,MSCodeBase 1-L live arm,test567,false
gen-1786736475-UVvmjBvfGXd2KvZXyu68,2026-08-14 19:41:15.317,0.000009,,,,0,105,8,0,0,nvidia/nemotron-3.5-lightning-20260807,DeepInfra,standard,false,true,,stop,stop,698,698,MSCodeBase 1-L live arm,test567,false
gen-1786736474-8x2sXSVICteGwkPHFkQM,2026-08-14 19:41:14.382,0.00001,,,,0,107,8,0,0,nvidia/nemotron-3.5-lightning-20260807,DeepInfra,standard,false,true,,stop,stop,340,340,MSCodeBase 1-L live arm,test567,false
gen-1786736473-vz280mWR78jHYQBTs6nj,2026-08-14 19:41:13.505,0.000009,,,,0,105,8,0,0,nvidia/nemotron-3.5-lightning-20260807,DeepInfra,standard,false,true,,stop,stop,275,275,MSCodeBase 1-L live arm,test567,false
gen-1786736472-0TbfQXRI0dedKDIHNqwR,2026-08-14 19:41:12.418,0.000009,,,,0,105,8,0,0,nvidia/nemotron-3.5-lightning-20260807,DeepInfra,standard,false,true,,stop,stop,487,487,MSCodeBase 1-L live arm,test567,false
gen-1786736471-nvAbj1TPUZiq2ReJvU6V,2026-08-14 19:41:11.476,0.00001,,,,0,108,8,0,0,nvidia/nemotron-3.5-lightning-20260807,DeepInfra,standard,false,true,,stop,stop,307,307,MSCodeBase 1-L live arm,test567,false
gen-1786736470-rqlmpFtkxcbdE4UibsgS,2026-08-14 19:41:10.572,0.000009,,,,0,104,8,0,0,nvidia/nemotron-3.5-lightning-20260807,DeepInfra,standard,false,true,,stop,stop,310,310,MSCodeBase 1-L live arm,test567,false
gen-1786736469-ibFg4TrSJotwX0Io4DLU,2026-08-14 19:41:09.679,0.00001,,,,0,107,8,0,0,nvidia/nemotron-3.5-lightning-20260807,DeepInfra,standard,false,true,,stop,stop,293,293,MSCodeBase 1-L live arm,test567,false
gen-1786736468-tNVfc185ruHn1dA6Lo0c,2026-08-14 19:41:08.763,0.000009,,,,0,105,8,0,0,nvidia/nemotron-3.5-lightning-20260807,DeepInfra,standard,false,true,,stop,stop,313,313,MSCodeBase 1-L live arm,test567,false
gen-1786736467-x73cbcXGDGVCgaVP5gEp,2026-08-14 19:41:07.823,0.000009,,,,0,104,8,0,0,nvidia/nemotron-3.5-lightning-20260807,DeepInfra,standard,false,true,,stop,stop,345,345,MSCodeBase 1-L live arm,test567,false
gen-1786736466-HwVtosIfIgriRCXGp4N9,2026-08-14 19:41:06.780,0.000009,,,,0,106,8,0,0,nvidia/nemotron-3.5-lightning-20260807,DeepInfra,standard,false,true,,stop,stop,454,454,MSCodeBase 1-L live arm,test567,false
gen-1786736465-6ul5ffCIYESgGhKPvDKC,2026-08-14 19:41:05.830,0.000009,,,,0,106,8,0,0,nvidia/nemotron-3.5-lightning-20260807,DeepInfra,standard,false,true,,stop,stop,347,347,MSCodeBase 1-L live arm,test567,false
gen-1786736464-MFIyCx640imKlPkKRcq2,2026-08-14 19:41:04.732,0.000009,,,,0,106,8,0,0,nvidia/nemotron-3.5-lightning-20260807,DeepInfra,standard,false,true,,stop,stop,495,495,MSCodeBase 1-L live arm,test567,false
gen-1786736463-m70kSeXfiMpg4iLjGk0D,2026-08-14 19:41:03.297,0.00001,,,,0,108,8,0,0,nvidia/nemotron-3.5-lightning-20260807,DeepInfra,standard,false,true,,stop,stop,704,704,MSCodeBase 1-L live arm,test567,false
gen-1786736461-xVMN0EIr9S5yUKcDEvU0,2026-08-14 19:41:01.985,0.000009,,,,0,105,8,0,0,nvidia/nemotron-3.5-lightning-20260807,DeepInfra,standard,false,true,,stop,stop,711,711,MSCodeBase 1-L live arm,test567,false
gen-1786736460-aeqIOKVEL2JWSDNqGrtd,2026-08-14 19:41:00.725,0.00001,,,,0,107,8,0,0,nvidia/nemotron-3.5-lightning-20260807,DeepInfra,standard,false,true,,stop,stop,663,663,MSCodeBase 1-L live arm,test567,false
gen-1786736459-uu8vy4db8mlad8tqGFiT,2026-08-14 19:40:59.564,0.00001,,,,0,108,8,0,0,nvidia/nemotron-3.5-lightning-20260807,DeepInfra,standard,false,true,,stop,stop,567,567,MSCodeBase 1-L live arm,test567,false
gen-1786736458-skdTe2h9IQjCeXdSCrKx,2026-08-14 19:40:58.677,0.000009,,,,0,104,8,0,0,nvidia/nemotron-3.5-lightning-20260807,DeepInfra,standard,false,true,,stop,stop,270,270,MSCodeBase 1-L live arm,test567,false
gen-1786736457-9d9rjM2S5T4PrIrXGZoW,2026-08-14 19:40:57.199,0.000009,,,,0,105,8,0,0,nvidia/nemotron-3.5-lightning-20260807,DeepInfra,standard,false,true,,stop,stop,891,891,MSCodeBase 1-L live arm,test567,false
gen-1786736456-wdnjcEmvK5y28gL9mZKg,2026-08-14 19:40:56.334,0.000009,,,,0,106,8,0,0,nvidia/nemotron-3.5-lightning-20260807,DeepInfra,standard,false,true,,stop,stop,251,251,MSCodeBase 1-L live arm,test567,false
gen-1786736455-UKaFDtluko8n1PoT1s6l,2026-08-14 19:40:55.424,0.00001,,,,0,108,8,0,0,nvidia/nemotron-3.5-lightning-20260807,DeepInfra,standard,false,true,,stop,stop,296,296,MSCodeBase 1-L live arm,test567,false
gen-1786736454-neQNM55yCefnvOBjBaRP,2026-08-14 19:40:54.374,0.00001,,,,0,107,8,0,0,nvidia/nemotron-3.5-lightning-20260807,DeepInfra,standard,false,true,,stop,stop,453,453,MSCodeBase 1-L live arm,test567,false
gen-1786736453-XyH9rdsi9MTdnye3M4Dj,2026-08-14 19:40:53.436,0.00001,,,,0,107,8,0,0,nvidia/nemotron-3.5-lightning-20260807,DeepInfra,standard,false,true,,stop,stop,322,322,MSCodeBase 1-L live arm,test567,false
gen-1786736452-2fdtQOtLCTZlaqlu14Gn,2026-08-14 19:40:52.480,0.00001,,,,0,107,8,0,0,nvidia/nemotron-3.5-lightning-20260807,DeepInfra,standard,false,true,,stop,stop,332,332,MSCodeBase 1-L live arm,test567,false
gen-1786736451-y8kENaTHop4uaOk9nILa,2026-08-14 19:40:51.500,0.000009,,,,0,106,8,0,0,nvidia/nemotron-3.5-lightning-20260807,DeepInfra,standard,false,true,,stop,stop,344,344,MSCodeBase 1-L live arm,test567,false
gen-1786736450-9SelWdAoylnFSWVHFDyu,2026-08-14 19:40:50.060,0.00001,,,,0,107,8,0,0,nvidia/nemotron-3.5-lightning-20260807,DeepInfra,standard,false,true,,stop,stop,797,797,MSCodeBase 1-L live arm,test567,false
gen-1786736449-qjbxQobuN19dCkC95wpN,2026-08-14 19:40:49.032,0.000009,,,,0,106,8,0,0,nvidia/nemotron-3.5-lightning-20260807,DeepInfra,standard,false,true,,stop,stop,396,396,MSCodeBase 1-L live arm,test567,false
gen-1786736448-hyInaIdqBMhyC9yd4AHP,2026-08-14 19:40:48.120,0.000009,,,,0,105,8,0,0,nvidia/nemotron-3.5-lightning-20260807,DeepInfra,standard,false,true,,stop,stop,283,283,MSCodeBase 1-L live arm,test567,false
gen-1786736447-O65jJ2tF48k4fvEROhno,2026-08-14 19:40:47.156,0.000009,,,,0,106,8,0,0,nvidia/nemotron-3.5-lightning-20260807,DeepInfra,standard,false,true,,stop,stop,325,325,MSCodeBase 1-L live arm,test567,false
gen-1786736446-IYAWNDvebhDqjDIUYyXx,2026-08-14 19:40:46.261,0.000009,,,,0,103,8,0,0,nvidia/nemotron-3.5-lightning-20260807,DeepInfra,standard,false,true,,stop,stop,262,262,MSCodeBase 1-L live arm,test567,false
gen-1786736445-MOSUlu6HmZe2aGOmBqYk,2026-08-14 19:40:45.306,0.00001,,,,0,107,8,0,0,nvidia/nemotron-3.5-lightning-20260807,DeepInfra,standard,false,true,,stop,stop,315,315,MSCodeBase 1-L live arm,test567,false
gen-1786736443-FPMEzWcvdJsvy2rE5PSL,2026-08-14 19:40:43.978,0.000009,,,,0,105,8,0,0,nvidia/nemotron-3.5-lightning-20260807,DeepInfra,standard,false,true,,stop,stop,717,717,MSCodeBase 1-L live arm,test567,false
gen-1786736442-zAViiyq9WVAE2NNMypW0,2026-08-14 19:40:42.928,0.000009,,,,0,106,8,0,0,nvidia/nemotron-3.5-lightning-20260807,DeepInfra,standard,false,true,,stop,stop,422,422,MSCodeBase 1-L live arm,test567,false
gen-1786736442-R7Ns3Ge8eIMxycGnNq8c,2026-08-14 19:40:42.016,0.000009,,,,0,102,8,0,0,nvidia/nemotron-3.5-lightning-20260807,DeepInfra,standard,false,true,,stop,stop,316,316,MSCodeBase 1-L live arm,test567,false
gen-1786736440-No8iV0jGVxWml6zKikcz,2026-08-14 19:40:40.565,0.000009,,,,0,103,8,0,0,nvidia/nemotron-3.5-lightning-20260807,DeepInfra,standard,false,true,,stop,stop,722,722,MSCodeBase 1-L live arm,test567,false
gen-1786736439-sIu4GIMl6kdf7Y2tBzC8,2026-08-14 19:40:39.107,0.000009,,,,0,105,8,0,0,nvidia/nemotron-3.5-lightning-20260807,DeepInfra,standard,false,true,,stop,stop,555,555,MSCodeBase 1-L live arm,test567,false
gen-1786736437-LpGvzJy43ldnEpPNuyCF,2026-08-14 19:40:37.980,0.00001,,,,0,108,8,0,0,nvidia/nemotron-3.5-lightning-20260807,DeepInfra,standard,false,true,,stop,stop,491,491,MSCodeBase 1-L live arm,test567,false
gen-1786736436-V1jyawduLCSSh7wvuPCE,2026-08-14 19:40:36.905,0.00001,,,,0,110,8,0,0,nvidia/nemotron-3.5-lightning-20260807,DeepInfra,standard,false,true,,stop,stop,455,455,MSCodeBase 1-L live arm,test567,false
gen-1786736435-zSANxgPtXgVIi1OCyCx5,2026-08-14 19:40:35.587,0.00001,,,,0,107,8,0,0,nvidia/nemotron-3.5-lightning-20260807,DeepInfra,standard,false,true,,stop,stop,442,442,MSCodeBase 1-L live arm,test567,false
gen-1786736434-rJOR2V93v5ByYcYbfi4H,2026-08-14 19:40:34.492,0.000009,,,,0,105,8,0,0,nvidia/nemotron-3.5-lightning-20260807,DeepInfra,standard,false,true,,stop,stop,471,471,MSCodeBase 1-L live arm,test567,false
gen-1786736433-2IBrLHhC3G0H4olqbVBt,2026-08-14 19:40:33.437,0.00001,,,,0,107,8,0,0,nvidia/nemotron-3.5-lightning-20260807,DeepInfra,standard,false,true,,stop,stop,417,417,MSCodeBase 1-L live arm,test567,false
gen-1786736432-D0PlcPrmXvIADhfAlxub,2026-08-14 19:40:32.471,0.00001,,,,0,107,8,0,0,nvidia/nemotron-3.5-lightning-20260807,DeepInfra,standard,false,true,,stop,stop,351,351,MSCodeBase 1-L live arm,test567,false
gen-1786736431-LOTq6ckcMGVLurjXeKcJ,2026-08-14 19:40:31.508,0.000009,,,,0,106,8,0,0,nvidia/nemotron-3.5-lightning-20260807,DeepInfra,standard,false,true,,stop,stop,325,325,MSCodeBase 1-L live arm,test567,false
gen-1786736430-JOzbd7qSxUTSpSqvZJFO,2026-08-14 19:40:30.282,0.00001,,,,0,110,8,0,0,nvidia/nemotron-3.5-lightning-20260807,DeepInfra,standard,false,true,,stop,stop,588,588,MSCodeBase 1-L live arm,test567,false
gen-1786736429-tO9DWwydr0gEflopvHGp,2026-08-14 19:40:29.108,0.000009,,,,0,105,8,0,0,nvidia/nemotron-3.5-lightning-20260807,DeepInfra,standard,false,true,,stop,stop,277,277,MSCodeBase 1-L live arm,test567,false
gen-1786736426-Y9rfvTuQmvpgbUwxcnTw,2026-08-14 19:40:26.108,0.000009,,,,0,106,8,0,0,nvidia/nemotron-3.5-lightning-20260807,DeepInfra,standard,false,true,,stop,stop,412,412,MSCodeBase 1-L live arm,test567,false
gen-1786736424-qnteRgtjdhMNU5p1wvk6,2026-08-14 19:40:24.688,0.00001,,,,0,108,8,0,0,nvidia/nemotron-3.5-lightning-20260807,DeepInfra,standard,false,true,,stop,stop,800,800,MSCodeBase 1-L live arm,test567,false
gen-1786736423-AliSip3Z5pzx46dTKNWU,2026-08-14 19:40:23.551,0.000009,,,,0,105,8,0,0,nvidia/nemotron-3.5-lightning-20260807,DeepInfra,standard,false,true,,stop,stop,517,517,MSCodeBase 1-L live arm,test567,false
gen-1786736422-WeLVJyigblSf9ouT7xXj,2026-08-14 19:40:22.014,0.00001,,,,0,109,8,0,0,nvidia/nemotron-3.5-lightning-20260807,DeepInfra,standard,false,true,,stop,stop,918,918,MSCodeBase 1-L live arm,test567,false
gen-1786736420-alUdgSf44zxkJm15zkop,2026-08-14 19:40:20.939,0.000005,,-0.000003,,0,101,8,0,64,z-ai/glm-4.7-flash-20260119,DeepInfra,standard,false,true,,stop,stop,748,748,MSCodeBase 1-L live arm,test567,false
gen-1786736419-zmYlLcNpdzQsaeS0OTkC,2026-08-14 19:40:19.573,0.000008,,-0.000007,,0,159,12,0,119,z-ai/glm-4.7-flash-20260119,Novita,standard,false,true,,stop,stop,739,739,MSCodeBase 1-L live arm,test567,false
gen-1786736418-EjMHWhq3PPM9pg9PdhLF,2026-08-14 19:40:18.618,0.000009,,,,0,108,8,0,0,z-ai/glm-4.7-flash-20260119,Cloudflare,standard,false,true,,stop,stop,299,299,MSCodeBase 1-L live arm,test567,false
gen-1786736417-LTP6VGNNTJtFyQZ7AsTZ,2026-08-14 19:40:17.425,0.000006,,-0.000003,,0,106,8,0,64,z-ai/glm-4.7-flash-20260119,DeepInfra,standard,false,true,,stop,stop,574,574,MSCodeBase 1-L live arm,test567,false
gen-1786736415-wZg9cZaO9IxCCvqX7FDP,2026-08-14 19:40:15.941,0.000008,,-0.000007,,0,156,12,0,120,z-ai/glm-4.7-flash-20260119,Novita,standard,false,true,,stop,stop,818,818,MSCodeBase 1-L live arm,test567,false
gen-1786736414-LskLkF9Utzfgvkdxw1L0,2026-08-14 19:40:14.743,0.000006,,-0.000003,,0,106,8,0,64,z-ai/glm-4.7-flash-20260119,DeepInfra,standard,false,true,,stop,stop,580,580,MSCodeBase 1-L live arm,test567,false
gen-1786736413-TUoMM9sIlhbd4PItw0IY,2026-08-14 19:40:13.504,0.000006,,-0.000003,,0,106,8,0,64,z-ai/glm-4.7-flash-20260119,DeepInfra,standard,false,true,,stop,stop,613,613,MSCodeBase 1-L live arm,test567,false
gen-1786736412-7jQMcRaox7xHNwMXZQit,2026-08-14 19:40:12.053,0.000008,,-0.000007,,0,153,12,0,119,z-ai/glm-4.7-flash-20260119,Novita,standard,false,true,,stop,stop,834,834,MSCodeBase 1-L live arm,test567,false
gen-1786736410-0Fyo7M3qSgBZHnJ4aVBE,2026-08-14 19:40:10.973,0.000006,,-0.000003,,0,108,8,0,64,z-ai/glm-4.7-flash-20260119,DeepInfra,standard,false,true,,stop,stop,454,454,MSCodeBase 1-L live arm,test567,false
gen-1786736409-ZnM3lIAnTlvORv1tzQkQ,2026-08-14 19:40:09.738,0.000009,,,,0,104,8,0,0,z-ai/glm-4.7-flash-20260119,Cloudflare,standard,false,true,,stop,stop,596,596,MSCodeBase 1-L live arm,test567,false
gen-1786736408-ERJr9ZAnwDzVlpyx5sHR,2026-08-14 19:40:08.551,0.000006,,-0.000003,,0,103,8,0,64,z-ai/glm-4.7-flash-20260119,DeepInfra,standard,false,true,,stop,stop,602,602,MSCodeBase 1-L live arm,test567,false
gen-1786736407-Mb7TLIGqBJ59C39QLmFH,2026-08-14 19:40:07.507,0.000009,,,,0,108,8,0,0,z-ai/glm-4.7-flash-20260119,Cloudflare,standard,false,true,,stop,stop,432,432,MSCodeBase 1-L live arm,test567,false
gen-1786736406-Gt4kEvOE4AHQ4svXWmwL,2026-08-14 19:40:06.052,0.000008,,-0.000007,,0,156,12,0,120,z-ai/glm-4.7-flash-20260119,Novita,standard,false,true,,stop,stop,848,848,MSCodeBase 1-L live arm,test567,false
gen-1786736404-eRoLlHHGWzpmV5IpH1Un,2026-08-14 19:40:04.470,0.000009,,,,0,107,8,0,0,z-ai/glm-4.7-flash-20260119,Cloudflare,standard,false,true,,stop,stop,886,886,MSCodeBase 1-L live arm,test567,false
gen-1786736403-ciEAYETzoBKrQwarOXJq,2026-08-14 19:40:03.057,0.000008,,-0.000007,,0,159,12,0,119,z-ai/glm-4.7-flash-20260119,Novita,standard,false,true,,stop,stop,811,811,MSCodeBase 1-L live arm,test567,false
gen-1786736401-hCBozfzdwpsw6S9CWVYU,2026-08-14 19:40:01.929,0.000006,,-0.000003,,0,104,8,0,64,z-ai/glm-4.7-flash-20260119,DeepInfra,standard,false,true,,stop,stop,509,509,MSCodeBase 1-L live arm,test567,false
gen-1786736397-RUTwxNfuSmn0MAr8DuRi,2026-08-14 19:39:57.810,0.000008,,-0.000007,,0,159,12,0,119,z-ai/glm-4.7-flash-20260119,Novita,standard,false,true,,stop,stop,3492,3492,MSCodeBase 1-L live arm,test567,false
gen-1786736396-1V6YbWAc5EREjrLFsE4C,2026-08-14 19:39:56.664,0.000006,,-0.000003,,0,107,8,0,64,z-ai/glm-4.7-flash-20260119,DeepInfra,standard,false,true,,stop,stop,544,544,MSCodeBase 1-L live arm,test567,false
gen-1786736395-Y50aXDmGCrHvuKc0Ng6I,2026-08-14 19:39:55.855,0.000009,,,,0,102,8,0,0,z-ai/glm-4.7-flash-20260119,Cloudflare,standard,false,true,,stop,stop,210,210,MSCodeBase 1-L live arm,test567,false
gen-1786736394-NuJooJ1YfZ5v7m29i4nR,2026-08-14 19:39:54.747,0.000006,,-0.000003,,0,104,8,0,64,z-ai/glm-4.7-flash-20260119,DeepInfra,standard,false,true,,stop,stop,516,516,MSCodeBase 1-L live arm,test567,false
gen-1786736393-kRzNDIqHLMbpM9pholVi,2026-08-14 19:39:53.628,0.000009,,,,0,105,8,0,0,z-ai/glm-4.7-flash-20260119,Cloudflare,standard,false,true,,stop,stop,521,521,MSCodeBase 1-L live arm,test567,false
gen-1786736392-PYUQboSghxGD937jyC0T,2026-08-14 19:39:52.247,0.000006,,-0.000003,,0,109,8,0,64,z-ai/glm-4.7-flash-20260119,DeepInfra,standard,false,true,,stop,stop,792,792,MSCodeBase 1-L live arm,test567,false
gen-1786736391-kkH4O4uLg3A6OzTvzvzb,2026-08-14 19:39:51.088,0.000009,,,,0,107,8,0,0,z-ai/glm-4.7-flash-20260119,Cloudflare,standard,false,true,,stop,stop,571,571,MSCodeBase 1-L live arm,test567,false
gen-1786736389-3St9LfQt8s4MhroiBDwr,2026-08-14 19:39:49.720,0.000008,,-0.000007,,0,160,12,0,127,z-ai/glm-4.7-flash-20260119,Novita,standard,false,true,,stop,stop,769,769,MSCodeBase 1-L live arm,test567,false
gen-1786736388-9LganoXXh1zcTMziCTrp,2026-08-14 19:39:48.724,0.000009,,,,0,108,8,0,0,z-ai/glm-4.7-flash-20260119,Cloudflare,standard,false,true,,stop,stop,384,384,MSCodeBase 1-L live arm,test567,false
gen-1786736377-z9UBF7p10q17j9YyhTn9,2026-08-14 19:39:37.460,0.000006,,-0.000003,,0,105,8,0,64,z-ai/glm-4.7-flash-20260119,DeepInfra,standard,false,true,,stop,stop,549,549,MSCodeBase 1-L live arm,test567,false
gen-1786736375-079bBjj6u2TfBgnS60FF,2026-08-14 19:39:35.770,0.000006,,-0.000003,,0,107,8,0,64,z-ai/glm-4.7-flash-20260119,DeepInfra,standard,false,true,,stop,stop,718,718,MSCodeBase 1-L live arm,test567,false
gen-1786736374-irolzPq7e3HzPwYL0ohh,2026-08-14 19:39:34.822,0.000009,,,,0,107,8,0,0,z-ai/glm-4.7-flash-20260119,Cloudflare,standard,false,true,,stop,stop,244,244,MSCodeBase 1-L live arm,test567,false
gen-1786736373-yQQOfQcKT6KIsG0gkLCd,2026-08-14 19:39:33.382,0.000006,,-0.000003,,0,107,8,0,64,z-ai/glm-4.7-flash-20260119,DeepInfra,standard,false,true,,stop,stop,819,819,MSCodeBase 1-L live arm,test567,false
gen-1786736372-5VmNcLJEYNEgNuqgqgMP,2026-08-14 19:39:32.269,0.000009,,,,0,105,8,0,0,z-ai/glm-4.7-flash-20260119,Cloudflare,standard,false,true,,stop,stop,495,495,MSCodeBase 1-L live arm,test567,false
gen-1786736371-EQaNHRDX0LYgbDgsi3TQ,2026-08-14 19:39:31.340,0.000009,,,,0,102,8,0,0,z-ai/glm-4.7-flash-20260119,Cloudflare,standard,false,true,,stop,stop,289,289,MSCodeBase 1-L live arm,test567,false
gen-1786736369-eSewqxCJsnrYcPUjg0R1,2026-08-14 19:39:29.977,0.000008,,-0.000007,,0,161,12,0,119,z-ai/glm-4.7-flash-20260119,Novita,standard,false,true,,stop,stop,768,768,MSCodeBase 1-L live arm,test567,false
gen-1786736368-PmATywcHySnTRUJinQLO,2026-08-14 19:39:28.567,0.000006,,-0.000003,,0,102,8,0,64,z-ai/glm-4.7-flash-20260119,DeepInfra,standard,false,true,,stop,stop,758,758,MSCodeBase 1-L live arm,test567,false
gen-1786736367-Pw67R3yKgwRsxzT8KhLo,2026-08-14 19:39:27.452,0.000006,,-0.000003,,0,105,8,0,64,z-ai/glm-4.7-flash-20260119,DeepInfra,standard,false,true,,stop,stop,470,470,MSCodeBase 1-L live arm,test567,false
gen-1786736365-ZIg1UiYQglxtahA3ZPfj,2026-08-14 19:39:25.980,0.000005,,-0.000003,,0,101,8,0,64,z-ai/glm-4.7-flash-20260119,DeepInfra,standard,false,true,,stop,stop,846,846,MSCodeBase 1-L live arm,test567,false
gen-1786736364-f4WcJFbjgqaKla8wMogq,2026-08-14 19:39:24.697,0.000006,,-0.000003,,0,104,8,0,64,z-ai/glm-4.7-flash-20260119,DeepInfra,standard,false,true,,stop,stop,662,662,MSCodeBase 1-L live arm,test567,false
gen-1786736363-E7YAyYg5xFuM5FlTSXIC,2026-08-14 19:39:23.180,0.000008,,-0.000007,,0,156,12,0,119,z-ai/glm-4.7-flash-20260119,Novita,standard,false,true,,stop,stop,903,903,MSCodeBase 1-L live arm,test567,false
gen-1786736361-Tzp0faTybZ8Dl4ey86k6,2026-08-14 19:39:21.809,0.000008,,-0.000007,,0,158,12,0,119,z-ai/glm-4.7-flash-20260119,Novita,standard,false,true,,stop,stop,764,764,MSCodeBase 1-L live arm,test567,false
gen-1786736360-IsufD8TSIqVzvzjCCS8A,2026-08-14 19:39:20.406,0.000008,,-0.000007,,0,163,12,0,119,z-ai/glm-4.7-flash-20260119,Novita,standard,false,true,,stop,stop,753,753,MSCodeBase 1-L live arm,test567,false
gen-1786736358-kigRQ6PWtbZpzWOTk4YN,2026-08-14 19:39:18.691,0.000008,,-0.000007,,0,158,12,0,119,z-ai/glm-4.7-flash-20260119,Novita,standard,false,true,,stop,stop,1080,1080,MSCodeBase 1-L live arm,test567,false
gen-1786736357-znhiocSYQH50qqLfH9cD,2026-08-14 19:39:17.389,0.000009,,,,0,105,8,0,0,z-ai/glm-4.7-flash-20260119,Cloudflare,standard,false,true,,stop,stop,669,669,MSCodeBase 1-L live arm,test567,false
gen-1786736355-HeFhjOR1LexKQFVF0BRH,2026-08-14 19:39:15.976,0.000008,,-0.000007,,0,158,12,0,119,z-ai/glm-4.7-flash-20260119,Novita,standard,false,true,,stop,stop,798,798,MSCodeBase 1-L live arm,test567,false
gen-1786736354-bevORwNgW0XO5ShAQ0oM,2026-08-14 19:39:14.727,0.000006,,-0.000003,,0,109,8,0,64,z-ai/glm-4.7-flash-20260119,DeepInfra,standard,false,true,,stop,stop,629,629,MSCodeBase 1-L live arm,test567,false
gen-1786736353-aucrWiydBkIT3HzwALH9,2026-08-14 19:39:13.272,0.000008,,-0.000007,,0,158,12,0,117,z-ai/glm-4.7-flash-20260119,Novita,standard,false,true,,stop,stop,831,831,MSCodeBase 1-L live arm,test567,false
gen-1786736351-EuZDmczDFA94NeaNCJA3,2026-08-14 19:39:11.953,0.000006,,-0.000003,,0,117,8,0,64,z-ai/glm-4.7-flash-20260119,DeepInfra,standard,false,true,,stop,stop,627,627,MSCodeBase 1-L live arm,test567,false
gen-1786736350-gWlfEXgOgBi328cnhkRX,2026-08-14 19:39:10.406,0.000009,,-0.000007,,0,163,12,0,117,z-ai/glm-4.7-flash-20260119,Novita,standard,false,true,,stop,stop,931,931,MSCodeBase 1-L live arm,test567,false
gen-1786736349-xJM3yRF8fHyWBcuiVJGP,2026-08-14 19:39:09.041,0.000006,,-0.000003,,0,111,8,0,64,z-ai/glm-4.7-flash-20260119,DeepInfra,standard,false,true,,stop,stop,552,552,MSCodeBase 1-L live arm,test567,false
gen-1786736347-TRwRGGW57mJ4gmkmuaeC,2026-08-14 19:39:07.628,0.000006,,-0.000003,,0,117,8,0,64,z-ai/glm-4.7-flash-20260119,DeepInfra,standard,false,true,,stop,stop,783,783,MSCodeBase 1-L live arm,test567,false
gen-1786736346-Ij1uXjt3SX5SuQVOV2bp,2026-08-14 19:39:06.317,0.000006,,-0.000003,,0,110,8,0,64,z-ai/glm-4.7-flash-20260119,DeepInfra,standard,false,true,,stop,stop,680,680,MSCodeBase 1-L live arm,test567,false
gen-1786736345-Z4gzYkwpTVeI2MocpDiF,2026-08-14 19:39:05.523,0.000009,,,,0,113,8,0,0,z-ai/glm-4.7-flash-20260119,Cloudflare,standard,false,true,,stop,stop,168,168,MSCodeBase 1-L live arm,test567,false
gen-1786736344-oKseGKUT9NzMDZ6pjKVi,2026-08-14 19:39:04.658,0.000008,,,,0,88,8,0,0,z-ai/glm-4.7-flash-20260119,Cloudflare,standard,false,true,,stop,stop,550,550,MSCodeBase 1-L live arm,test567,false
gen-1786736343-xYrPpJDd91mzdxvbxjMg,2026-08-14 19:39:03.332,0.000008,,,,0,94,8,0,0,z-ai/glm-4.7-flash-20260119,Cloudflare,standard,false,true,,stop,stop,686,686,MSCodeBase 1-L live arm,test567,false
gen-1786736341-0GKWCbDGZ2Pys2Wwr9e9,2026-08-14 19:39:01.899,0.000007,,-0.000007,,0,147,12,0,127,z-ai/glm-4.7-flash-20260119,Novita,standard,false,true,,stop,stop,817,817,MSCodeBase 1-L live arm,test567,false
gen-1786736341-VehlDusEcz0nQ0FIWDjz,2026-08-14 19:39:01.113,0.000008,,,,0,94,8,0,0,z-ai/glm-4.7-flash-20260119,Cloudflare,standard,false,true,,stop,stop,168,168,MSCodeBase 1-L live arm,test567,false
gen-1786736339-0Lmd3JnYzgVCGrybICbL,2026-08-14 19:38:59.733,0.000007,,-0.000007,,0,143,12,0,128,z-ai/glm-4.7-flash-20260119,Novita,standard,false,true,,stop,stop,760,760,MSCodeBase 1-L live arm,test567,false
gen-1786736338-xNxOAmbHjkqm88KfO3b1,2026-08-14 19:38:58.683,0.000008,,,,0,93,8,0,0,z-ai/glm-4.7-flash-20260119,Cloudflare,standard,false,true,,stop,stop,403,403,MSCodeBase 1-L live arm,test567,false
gen-1786736337-4DAJh4ZgwG8AHYVBAkxT,2026-08-14 19:38:57.444,0.000008,,,,0,93,8,0,0,z-ai/glm-4.7-flash-20260119,Cloudflare,standard,false,true,,stop,stop,555,555,MSCodeBase 1-L live arm,test567,false
gen-1786736325-YeH9bs8qXxgBEx0HTuO3,2026-08-14 19:38:45.977,0.000008,,,,0,89,8,0,0,z-ai/glm-4.7-flash-20260119,DeepInfra,standard,false,true,,stop,stop,734,734,MSCodeBase 1-L live arm,test567,false
gen-1786736324-ycbrDoDphocfdK98bwe4,2026-08-14 19:38:44.586,0.000007,,-0.000007,,0,146,12,0,128,z-ai/glm-4.7-flash-20260119,Novita,standard,false,true,,stop,stop,760,760,MSCodeBase 1-L live arm,test567,false
gen-1786736323-CD4RSNdLyWF2E5NPr7Br,2026-08-14 19:38:43.647,0.000008,,,,0,91,8,0,0,z-ai/glm-4.7-flash-20260119,Cloudflare,standard,false,true,,stop,stop,268,268,MSCodeBase 1-L live arm,test567,false
gen-1786736322-J4d9Bevj7mL45vbbB4Hx,2026-08-14 19:38:42.151,0.000007,,-0.000007,,0,142,12,0,127,z-ai/glm-4.7-flash-20260119,Novita,standard,false,true,,stop,stop,857,857,MSCodeBase 1-L live arm,test567,false
gen-1786736321-iZ0jSwJfhahG1Eyhu7DJ,2026-08-14 19:38:41.269,0.000008,,,,0,93,8,0,0,z-ai/glm-4.7-flash-20260119,Cloudflare,standard,false,true,,stop,stop,158,158,MSCodeBase 1-L live arm,test567,false
gen-1786736319-N9hfYDHUXqsD5dtqqtp9,2026-08-14 19:38:39.840,0.000007,,-0.000007,,0,143,12,0,127,z-ai/glm-4.7-flash-20260119,Novita,standard,false,true,,stop,stop,804,804,MSCodeBase 1-L live arm,test567,false
gen-1786736318-X9vxhiceyoJagnm0cdlp,2026-08-14 19:38:38.417,0.000007,,-0.000007,,0,146,12,0,128,z-ai/glm-4.7-flash-20260119,Novita,standard,false,true,,stop,stop,790,790,MSCodeBase 1-L live arm,test567,false
gen-1786736317-dtGO723Ruti6EOfvVBMN,2026-08-14 19:38:37.592,0.000008,,,,0,93,8,0,0,z-ai/glm-4.7-flash-20260119,Cloudflare,standard,false,true,,stop,stop,189,189,MSCodeBase 1-L live arm,test567,false
gen-1786736316-ntkU2wjCckSVV1H4iDVk,2026-08-14 19:38:36.358,0.000008,,,,0,91,8,0,0,z-ai/glm-4.7-flash-20260119,Cloudflare,standard,false,true,,stop,stop,225,225,MSCodeBase 1-L live arm,test567,false
gen-1786736314-1EfsbxCMt8NvoNpnfP3W,2026-08-14 19:38:34.842,0.000008,,,,0,94,8,0,0,z-ai/glm-4.7-flash-20260119,Cloudflare,standard,false,true,,stop,stop,862,862,MSCodeBase 1-L live arm,test567,false
gen-1786736313-5fxMAWIebadfgabClgur,2026-08-14 19:38:33.990,0.000008,,,,0,94,8,0,0,z-ai/glm-4.7-flash-20260119,Cloudflare,standard,false,true,,stop,stop,214,214,MSCodeBase 1-L live arm,test567,false
gen-1786736312-tyjaNZtPkV6dAIJuD0rd,2026-08-14 19:38:32.558,0.000006,,-0.000007,,0,141,12,0,129,z-ai/glm-4.7-flash-20260119,Novita,standard,false,true,,stop,stop,829,829,MSCodeBase 1-L live arm,test567,false
gen-1786736310-SwmHLTbKdwI26wDyQmNb,2026-08-14 19:38:30.937,0.000006,,-0.000007,,0,143,12,0,133,z-ai/glm-4.7-flash-20260119,Novita,standard,false,true,,stop,stop,1006,1006,MSCodeBase 1-L live arm,test567,false
gen-1786736309-WtXR3kO4FLd3G2K7HqJ9,2026-08-14 19:38:29.676,0.000005,,-0.000003,,0,92,8,0,64,z-ai/glm-4.7-flash-20260119,DeepInfra,standard,false,true,,stop,stop,544,544,MSCodeBase 1-L live arm,test567,false
gen-1786736308-ap8kuiSUDy1XTIG7s523,2026-08-14 19:38:28.113,0.000006,,-0.000008,,0,148,12,0,137,z-ai/glm-4.7-flash-20260119,Novita,standard,false,true,,stop,stop,922,922,MSCodeBase 1-L live arm,test567,false
gen-1786736307-ZIQ51dLhWkhofjXTCdgr,2026-08-14 19:38:27.221,0.000008,,,,0,94,8,0,0,z-ai/glm-4.7-flash-20260119,Cloudflare,standard,false,true,,stop,stop,262,262,MSCodeBase 1-L live arm,test567,false
gen-1786736306-9yEkGSmwkwI2cVjFWRtK,2026-08-14 19:38:26.097,0.000005,,-0.000003,,0,95,8,0,64,z-ai/glm-4.7-flash-20260119,DeepInfra,standard,false,true,,stop,stop,472,472,MSCodeBase 1-L live arm,test567,false
gen-1786736304-IsCm4LjM0Zx2Z38qxfw7,2026-08-14 19:38:24.948,0.000005,,-0.000003,,0,93,8,0,64,z-ai/glm-4.7-flash-20260119,DeepInfra,standard,false,true,,stop,stop,489,489,MSCodeBase 1-L live arm,test567,false
gen-1786736303-L6Rj8ldzFMDHlJJBQz5J,2026-08-14 19:38:23.174,0.000005,,-0.000003,,0,92,8,0,64,z-ai/glm-4.7-flash-20260119,DeepInfra,standard,false,true,,stop,stop,929,929,MSCodeBase 1-L live arm,test567,false
gen-1786736301-gDjYSo5b0sD7OgpkIVW1,2026-08-14 19:38:21.110,0.000008,,,,0,93,8,0,0,z-ai/glm-4.7-flash-20260119,Cloudflare,standard,false,true,,stop,stop,167,167,MSCodeBase 1-L live arm,test567,false
gen-1786736300-BskwtuNiFEdke3zo0mGR,2026-08-14 19:38:20.207,0.000008,,,,0,92,8,0,0,z-ai/glm-4.7-flash-20260119,Cloudflare,standard,false,true,,stop,stop,237,237,MSCodeBase 1-L live arm,test567,false
gen-1786736298-1yNJ2QFjOqk5y1Q3dFkq,2026-08-14 19:38:18.563,0.000007,,-0.000007,,0,145,12,0,127,z-ai/glm-4.7-flash-20260119,Novita,standard,false,true,,stop,stop,1029,1029,MSCodeBase 1-L live arm,test567,false
gen-1786736293-my2lujsJesQMLLN9sY04,2026-08-14 19:38:13.494,0.000008,,,,0,92,8,0,0,z-ai/glm-4.7-flash-20260119,Cloudflare,standard,false,true,,stop,stop,4440,4440,MSCodeBase 1-L live arm,test567,false
gen-1786736292-OIvNCizlX1Da7axgKA5m,2026-08-14 19:38:12.071,0.000006,,-0.000007,,0,141,12,0,127,z-ai/glm-4.7-flash-20260119,Novita,standard,false,true,,stop,stop,755,755,MSCodeBase 1-L live arm,test567,false
gen-1786736290-jTyfy2HU3rXcsr1ygz9E,2026-08-14 19:38:10.878,0.000008,,,,0,95,8,0,0,z-ai/glm-4.7-flash-20260119,Cloudflare,standard,false,true,,stop,stop,561,561,MSCodeBase 1-L live arm,test567,false
gen-1786736289-kdsjng9VxcNJpGbkYtxk,2026-08-14 19:38:09.447,0.000006,,-0.000007,,0,142,12,0,130,z-ai/glm-4.7-flash-20260119,Novita,standard,false,true,,stop,stop,819,819,MSCodeBase 1-L live arm,test567,false
gen-1786736287-3rgKoKjmGEhPvOkVEgPn,2026-08-14 19:38:07.423,0.000007,,-0.000007,,0,144,12,0,127,z-ai/glm-4.7-flash-20260119,Novita,standard,false,true,,stop,stop,1405,1405,MSCodeBase 1-L live arm,test567,false
gen-1786736286-Up1gYG0uz1Jo5VTLUW6U,2026-08-14 19:38:06.563,0.000008,,,,0,89,8,0,0,z-ai/glm-4.7-flash-20260119,Cloudflare,standard,false,true,,stop,stop,202,202,MSCodeBase 1-L live arm,test567,false
gen-1786736285-k0OXUsuw0R7apXlle8xR,2026-08-14 19:38:05.203,0.000005,,-0.000003,,0,91,8,0,64,z-ai/glm-4.7-flash-20260119,DeepInfra,standard,false,true,,stop,stop,721,721,MSCodeBase 1-L live arm,test567,false
gen-1786736283-MQPJhFCeRVtQ5PoXWyqk,2026-08-14 19:38:03.935,0.000008,,,,0,90,8,0,0,z-ai/glm-4.7-flash-20260119,Cloudflare,standard,false,true,,stop,stop,630,630,MSCodeBase 1-L live arm,test567,false
gen-1786736282-vXryzzZDb25FU1Y0B6gZ,2026-08-14 19:38:02.451,0.000007,,-0.000007,,0,147,12,0,131,z-ai/glm-4.7-flash-20260119,Novita,standard,false,true,,stop,stop,864,864,MSCodeBase 1-L live arm,test567,false
gen-1786736280-O2oQ9EMKa9oTTyGqa6UP,2026-08-14 19:38:00.300,0.000007,,-0.000007,,0,149,12,0,127,z-ai/glm-4.7-flash-20260119,Novita,standard,false,true,,stop,stop,1321,1321,MSCodeBase 1-L live arm,test567,false
gen-1786736279-TaN2xLc1xzSFWda04T4c,2026-08-14 19:37:59.029,0.000005,,-0.000003,,0,92,8,0,64,z-ai/glm-4.7-flash-20260119,DeepInfra,standard,false,true,,stop,stop,651,651,MSCodeBase 1-L live arm,test567,false
gen-1786736277-Q1Hq80M06DoephiMoXad,2026-08-14 19:37:56.925,0.000005,,-0.000003,,0,91,8,0,64,z-ai/glm-4.7-flash-20260119,DeepInfra,standard,false,true,,stop,stop,1078,1078,MSCodeBase 1-L live arm,test567,false
gen-1786736263-FisXsc4DjE5t7GYDzSyN,2026-08-14 19:37:43.711,0.000005,,-0.000003,,0,94,8,0,64,z-ai/glm-4.7-flash-20260119,DeepInfra,standard,false,true,,stop,stop,729,729,MSCodeBase 1-L live arm,test567,false
gen-1786736262-HXiCruJ7LoDwTcRFUkm0,2026-08-14 19:37:42.230,0.000011,,-0.000003,,0,144,12,0,54,z-ai/glm-4.7-flash-20260119,Novita,standard,false,true,,stop,stop,834,834,MSCodeBase 1-L live arm,test567,false
gen-1786736261-o4ZTLLDwZtyLdDvyfv1l,2026-08-14 19:37:41.120,0.000005,,-0.000003,,0,90,8,0,64,z-ai/glm-4.7-flash-20260119,DeepInfra,standard,false,true,,stop,stop,471,471,MSCodeBase 1-L live arm,test567,false
gen-1786736260-4M9ppjwZ8ueuJyFT2MMO,2026-08-14 19:37:40.008,0.000005,,-0.000003,,0,96,8,0,64,z-ai/glm-4.7-flash-20260119,DeepInfra,standard,false,true,,stop,stop,465,465,MSCodeBase 1-L live arm,test567,false
gen-1786736258-7yYWoiTJYnKsWomhS5sa,2026-08-14 19:37:38.503,0.000007,,-0.000007,,0,143,12,0,127,z-ai/glm-4.7-flash-20260119,Novita,standard,false,true,,stop,stop,872,872,MSCodeBase 1-L live arm,test567,false
gen-1786736256-0kKbw4KXMJbECcC9ViYG,2026-08-14 19:37:36.995,0.000007,,-0.000007,,0,145,12,0,127,z-ai/glm-4.7-flash-20260119,Novita,standard,false,true,,stop,stop,886,886,MSCodeBase 1-L live arm,test567,false
gen-1786736255-dm8uphswWMCNtfYIm3hM,2026-08-14 19:37:35.272,0.000008,,,,0,95,8,0,0,z-ai/glm-4.7-flash-20260119,DeepInfra,standard,false,true,,stop,stop,746,746,MSCodeBase 1-L live arm,test567,false
gen-1786736252-nZumcmVjRK7vfN1wCNcd,2026-08-14 19:37:32.224,0.000014,,0,,0,143,12,0,2,z-ai/glm-4.7-flash-20260119,Novita,standard,false,true,,stop,stop,795,795,MSCodeBase 1-L live arm,test567,false
gen-1786736250-jZNFl8N9lTGca8DhTNUV,2026-08-14 19:37:30.915,0.000008,,,,0,94,8,0,0,z-ai/glm-4.7-flash-20260119,Cloudflare,standard,false,true,,stop,stop,668,668,MSCodeBase 1-L live arm,test567,false
gen-1786736250-aaQw7FFTZrckBTSVpfjm,2026-08-14 19:37:30.052,0.000009,,,,0,116,7,0,0,qwen/qwen3.5-flash-20260224,Alibaba,standard,false,true,,stop,stop,466,466,MSCodeBase 1-L live arm,test567,false
gen-1786736249-Oy3PCn8ihFtW2jlhOBrm,2026-08-14 19:37:28.998,0.000009,,,,0,121,7,0,0,qwen/qwen3.5-flash-20260224,Alibaba,standard,false,true,,stop,stop,428,428,MSCodeBase 1-L live arm,test567,false
gen-1786736247-OtGhvatIyQsnY5gNMJ0D,2026-08-14 19:37:27.783,0.000009,,,,0,121,7,0,0,qwen/qwen3.5-flash-20260224,Alibaba,standard,false,true,,stop,stop,570,570,MSCodeBase 1-L live arm,test567,false
gen-1786736246-QG27ROv2lFa6kzgNdhhY,2026-08-14 19:37:25.979,0.000009,,,,0,118,7,0,0,qwen/qwen3.5-flash-20260224,Alibaba,standard,false,true,,stop,stop,933,933,MSCodeBase 1-L live arm,test567,false
gen-1786736243-IEYcJ383BZpNz8GF70zE,2026-08-14 19:37:23.553,0.000009,,,,0,119,7,0,0,qwen/qwen3.5-flash-20260224,Alibaba,standard,false,true,,stop,stop,458,458,MSCodeBase 1-L live arm,test567,false
gen-1786736241-LQIMrxt1gz2eNpnJ3exJ,2026-08-14 19:37:21.988,0.000009,,,,0,118,7,0,0,qwen/qwen3.5-flash-20260224,Alibaba,standard,false,true,,stop,stop,916,916,MSCodeBase 1-L live arm,test567,false
gen-1786736240-s0v8cLczXeLXe4YVH5i3,2026-08-14 19:37:20.917,0.000009,,,,0,121,7,0,0,qwen/qwen3.5-flash-20260224,Alibaba,standard,false,true,,stop,stop,462,462,MSCodeBase 1-L live arm,test567,false
gen-1786736239-XkRlLng3Uam640rlctdA,2026-08-14 19:37:19.676,0.000009,,,,0,115,7,0,0,qwen/qwen3.5-flash-20260224,Alibaba,standard,false,true,,stop,stop,607,607,MSCodeBase 1-L live arm,test567,false
gen-1786736238-aLUWpIOR54SDPx8dPv4s,2026-08-14 19:37:18.510,0.000009,,,,0,120,7,0,0,qwen/qwen3.5-flash-20260224,Alibaba,standard,false,true,,stop,stop,524,524,MSCodeBase 1-L live arm,test567,false
gen-1786736237-fzeY8AdO1Pe55atAg4CA,2026-08-14 19:37:17.130,0.000009,,,,0,118,7,0,0,qwen/qwen3.5-flash-20260224,Alibaba,standard,false,true,,stop,stop,739,739,MSCodeBase 1-L live arm,test567,false
gen-1786736235-xfGikzA8EIrMNOToDlVb,2026-08-14 19:37:15.791,0.000009,,,,0,118,7,0,0,qwen/qwen3.5-flash-20260224,Alibaba,standard,false,true,,stop,stop,689,689,MSCodeBase 1-L live arm,test567,false
gen-1786736234-2iTgiJsoDFdH4vfr2M58,2026-08-14 19:37:14.150,0.000009,,,,0,120,7,0,0,qwen/qwen3.5-flash-20260224,Alibaba,standard,false,true,,stop,stop,816,816,MSCodeBase 1-L live arm,test567,false
gen-1786736231-qVCN3VpTyFqf8V3pBHYd,2026-08-14 19:37:11.421,0.000009,,,,0,118,7,0,0,qwen/qwen3.5-flash-20260224,Alibaba,standard,false,true,,stop,stop,537,537,MSCodeBase 1-L live arm,test567,false
gen-1786736230-QbUcoWhfXHgouHzrYe8s,2026-08-14 19:37:10.279,0.000009,,,,0,119,7,0,0,qwen/qwen3.5-flash-20260224,Alibaba,standard,false,true,,stop,stop,524,524,MSCodeBase 1-L live arm,test567,false
gen-1786736228-n9SU4RBtnEkPwOEUFKE8,2026-08-14 19:37:08.906,0.000009,,,,0,121,7,0,0,qwen/qwen3.5-flash-20260224,Alibaba,standard,false,true,,stop,stop,741,741,MSCodeBase 1-L live arm,test567,false
gen-1786736227-PICjFytEPl5xHjHGAVrF,2026-08-14 19:37:07.692,0.000009,,,,0,118,7,0,0,qwen/qwen3.5-flash-20260224,Alibaba,standard,false,true,,stop,stop,600,600,MSCodeBase 1-L live arm,test567,false
gen-1786736226-vbFHw6d7gZhBQi8iCIrs,2026-08-14 19:37:06.226,0.000009,,,,0,120,7,0,0,qwen/qwen3.5-flash-20260224,Alibaba,standard,false,true,,stop,stop,790,790,MSCodeBase 1-L live arm,test567,false
gen-1786736224-JHxN4oWD9gaC69YBJ7nC,2026-08-14 19:37:04.711,0.000009,,,,0,120,7,0,0,qwen/qwen3.5-flash-20260224,Alibaba,standard,false,true,,stop,stop,884,884,MSCodeBase 1-L live arm,test567,false
gen-1786736223-PaFHF5gL2yfTyC56wjYL,2026-08-14 19:37:03.634,0.000009,,,,0,116,7,0,0,qwen/qwen3.5-flash-20260224,Alibaba,standard,false,true,,stop,stop,469,469,MSCodeBase 1-L live arm,test567,false
gen-1786736222-ucF8UKwUMSj9Xh4NTbIh,2026-08-14 19:37:02.312,0.000009,,,,0,118,7,0,0,qwen/qwen3.5-flash-20260224,Alibaba,standard,false,true,,stop,stop,698,698,MSCodeBase 1-L live arm,test567,false
gen-1786736220-mu0285k09QFctgeGCdOZ,2026-08-14 19:37:00.881,0.000009,,,,0,118,7,0,0,qwen/qwen3.5-flash-20260224,Alibaba,standard,false,true,,stop,stop,791,791,MSCodeBase 1-L live arm,test567,false
gen-1786736219-H9u4dMKW4H7FKYDIuXpc,2026-08-14 19:36:59.741,0.000009,,,,0,121,7,0,0,qwen/qwen3.5-flash-20260224,Alibaba,standard,false,true,,stop,stop,490,490,MSCodeBase 1-L live arm,test567,false
gen-1786736218-waLDEAXMds1FFjfvtEE9,2026-08-14 19:36:58.588,0.000009,,,,0,120,7,0,0,qwen/qwen3.5-flash-20260224,Alibaba,standard,false,true,,stop,stop,532,532,MSCodeBase 1-L live arm,test567,false
gen-1786736217-7UZwqPkdahKwa9JsAZlY,2026-08-14 19:36:57.332,0.000009,,,,0,121,7,0,0,qwen/qwen3.5-flash-20260224,Alibaba,standard,false,true,,stop,stop,632,632,MSCodeBase 1-L live arm,test567,false
gen-1786736216-jWhIg1m0Ae0AThVo3Vja,2026-08-14 19:36:56.065,0.000009,,,,0,119,7,0,0,qwen/qwen3.5-flash-20260224,Alibaba,standard,false,true,,stop,stop,667,667,MSCodeBase 1-L live arm,test567,false
gen-1786736214-rnwYfAUUdzFW7EVCiu6r,2026-08-14 19:36:54.711,0.000009,,,,0,118,7,0,0,qwen/qwen3.5-flash-20260224,Alibaba,standard,false,true,,stop,stop,740,740,MSCodeBase 1-L live arm,test567,false
gen-1786736213-nL65mTxGaHjZzicWDr4c,2026-08-14 19:36:53.602,0.000009,,,,0,121,7,0,0,qwen/qwen3.5-flash-20260224,Alibaba,standard,false,true,,stop,stop,497,497,MSCodeBase 1-L live arm,test567,false
gen-1786736212-HkRwXTOSABXs2GMlU7qc,2026-08-14 19:36:52.487,0.000009,,,,0,121,7,0,0,qwen/qwen3.5-flash-20260224,Alibaba,standard,false,true,,stop,stop,512,512,MSCodeBase 1-L live arm,test567,false
gen-1786736211-zlnCOgUZiCOWRdtbwOZd,2026-08-14 19:36:51.180,0.000009,,,,0,120,7,0,0,qwen/qwen3.5-flash-20260224,Alibaba,standard,false,true,,stop,stop,712,712,MSCodeBase 1-L live arm,test567,false
gen-1786736209-kTxQnVCltJssqrwkZ7x0,2026-08-14 19:36:49.817,0.000009,,,,0,120,7,0,0,qwen/qwen3.5-flash-20260224,Alibaba,standard,false,true,,stop,stop,737,737,MSCodeBase 1-L live arm,test567,false
gen-1786736208-YpWqmArWXJE1qHzSlZnM,2026-08-14 19:36:48.502,0.000009,,,,0,116,7,0,0,qwen/qwen3.5-flash-20260224,Alibaba,standard,false,true,,stop,stop,710,710,MSCodeBase 1-L live arm,test567,false
gen-1786736207-N4ccPmne2gBN3MAzS4tG,2026-08-14 19:36:47.153,0.000009,,,,0,121,7,0,0,qwen/qwen3.5-flash-20260224,Alibaba,standard,false,true,,stop,stop,743,743,MSCodeBase 1-L live arm,test567,false
gen-1786736206-YVDMsDulGBKnVqp1qMpq,2026-08-14 19:36:46.053,0.000009,,,,0,116,7,0,0,qwen/qwen3.5-flash-20260224,Alibaba,standard,false,true,,stop,stop,498,498,MSCodeBase 1-L live arm,test567,false
gen-1786736204-TFHRCnsaLh2E6QLgRrMq,2026-08-14 19:36:44.617,0.000009,,,,0,118,7,0,0,qwen/qwen3.5-flash-20260224,Alibaba,standard,false,true,,stop,stop,799,799,MSCodeBase 1-L live arm,test567,false
gen-1786736203-Q801FieMunqkCuSJZcej,2026-08-14 19:36:43.493,0.000009,,,,0,115,7,0,0,qwen/qwen3.5-flash-20260224,Alibaba,standard,false,true,,stop,stop,472,472,MSCodeBase 1-L live arm,test567,false
gen-1786736202-Ngkuma2d6Pj6xjgaIHus,2026-08-14 19:36:42.164,0.000009,,,,0,119,7,0,0,qwen/qwen3.5-flash-20260224,Alibaba,standard,false,true,,stop,stop,716,716,MSCodeBase 1-L live arm,test567,false
gen-1786736201-sK2Et3Wn2Ek43fis23f2,2026-08-14 19:36:41.001,0.000009,,,,0,118,7,0,0,qwen/qwen3.5-flash-20260224,Alibaba,standard,false,true,,stop,stop,550,550,MSCodeBase 1-L live arm,test567,false
gen-1786736199-H8X445ppJ0pKJVsYkESt,2026-08-14 19:36:39.804,0.000009,,,,0,119,7,0,0,qwen/qwen3.5-flash-20260224,Alibaba,standard,false,true,,stop,stop,565,565,MSCodeBase 1-L live arm,test567,false
gen-1786736198-OrqGnI1jmK9NHamrjiwZ,2026-08-14 19:36:38.522,0.000009,,,,0,123,7,0,0,qwen/qwen3.5-flash-20260224,Alibaba,standard,false,true,,stop,stop,662,662,MSCodeBase 1-L live arm,test567,false
gen-1786736197-7Cg1fglYYnCvL1QpK00N,2026-08-14 19:36:37.395,0.000009,,,,0,119,7,0,0,qwen/qwen3.5-flash-20260224,Alibaba,standard,false,true,,stop,stop,520,520,MSCodeBase 1-L live arm,test567,false
gen-1786736196-FTpnxDtne0GEEs7K5fE1,2026-08-14 19:36:36.274,0.000009,,,,0,118,7,0,0,qwen/qwen3.5-flash-20260224,Alibaba,standard,false,true,,stop,stop,491,491,MSCodeBase 1-L live arm,test567,false
gen-1786736194-TZI4hBfr00TmPzHoJqyo,2026-08-14 19:36:34.907,0.000009,,,,0,120,7,0,0,qwen/qwen3.5-flash-20260224,Alibaba,standard,false,true,,stop,stop,739,739,MSCodeBase 1-L live arm,test567,false
gen-1786736193-l64BcQL59dyJo4KtFUS3,2026-08-14 19:36:33.580,0.000009,,,,0,123,7,0,0,qwen/qwen3.5-flash-20260224,Alibaba,standard,false,true,,stop,stop,721,721,MSCodeBase 1-L live arm,test567,false
gen-1786736192-6O8Ty0t8p4b1KzODjZmm,2026-08-14 19:36:32.297,0.000009,,,,0,121,7,0,0,qwen/qwen3.5-flash-20260224,Alibaba,standard,false,true,,stop,stop,653,653,MSCodeBase 1-L live arm,test567,false
gen-1786736191-20Ikx1hTzwIEbUM91ETf,2026-08-14 19:36:31.115,0.00001,,,,0,132,7,0,0,qwen/qwen3.5-flash-20260224,Alibaba,standard,false,true,,stop,stop,507,507,MSCodeBase 1-L live arm,test567,false
gen-1786736189-qjzYSVu36XHxJrHaQfBy,2026-08-14 19:36:29.836,0.000009,,,,0,125,7,0,0,qwen/qwen3.5-flash-20260224,Alibaba,standard,false,true,,stop,stop,681,681,MSCodeBase 1-L live arm,test567,false
gen-1786736188-Q0f9QwxVsNAlgoQs83oo,2026-08-14 19:36:28.699,0.000009,,,,0,126,7,0,0,qwen/qwen3.5-flash-20260224,Alibaba,standard,false,true,,stop,stop,533,533,MSCodeBase 1-L live arm,test567,false
gen-1786736187-uTJzUxsHD5wplSgt0hvU,2026-08-14 19:36:27.604,0.00001,,,,0,130,7,0,0,qwen/qwen3.5-flash-20260224,Alibaba,standard,false,true,,stop,stop,500,500,MSCodeBase 1-L live arm,test567,false
gen-1786736186-sdEVZykKb6RK2wrvrBPu,2026-08-14 19:36:26.491,0.000009,,,,0,124,7,0,0,qwen/qwen3.5-flash-20260224,Alibaba,standard,false,true,,stop,stop,492,492,MSCodeBase 1-L live arm,test567,false
gen-1786736185-ltk9kTVJ3lmiaFj20Dkb,2026-08-14 19:36:25.171,0.000009,,,,0,126,7,0,0,qwen/qwen3.5-flash-20260224,Alibaba,standard,false,true,,stop,stop,676,676,MSCodeBase 1-L live arm,test567,false
gen-1786736184-BbZwEPGNn874TVxVrrxj,2026-08-14 19:36:24.270,0.000008,,,,0,104,7,0,0,qwen/qwen3.5-flash-20260224,Alibaba,standard,false,true,,stop,stop,528,528,MSCodeBase 1-L live arm,test567,false
gen-1786736183-jQpe9vpF8dsedh5ckrr3,2026-08-14 19:36:23.066,0.000008,,,,0,109,7,0,0,qwen/qwen3.5-flash-20260224,Alibaba,standard,false,true,,stop,stop,556,556,MSCodeBase 1-L live arm,test567,false
gen-1786736182-GA21kSHp8XEmpUf0dmgR,2026-08-14 19:36:22.028,0.000008,,,,0,109,7,0,0,qwen/qwen3.5-flash-20260224,Alibaba,standard,false,true,,stop,stop,453,453,MSCodeBase 1-L live arm,test567,false
gen-1786736180-l6l9aLyoVyZwOKN2U0cz,2026-08-14 19:36:20.882,0.000008,,,,0,106,7,0,0,qwen/qwen3.5-flash-20260224,Alibaba,standard,false,true,,stop,stop,545,545,MSCodeBase 1-L live arm,test567,false
gen-1786736179-gtnaobeudoRPQGdx2WDB,2026-08-14 19:36:19.756,0.000008,,,,0,107,7,0,0,qwen/qwen3.5-flash-20260224,Alibaba,standard,false,true,,stop,stop,529,529,MSCodeBase 1-L live arm,test567,false
gen-1786736178-ENKcA5q1t1oNWb1keAoT,2026-08-14 19:36:18.677,0.000008,,,,0,106,7,0,0,qwen/qwen3.5-flash-20260224,Alibaba,standard,false,true,,stop,stop,480,480,MSCodeBase 1-L live arm,test567,false
gen-1786736177-IXyuuzeFeac9Gj8zGBgH,2026-08-14 19:36:17.617,0.000008,,,,0,109,7,0,0,qwen/qwen3.5-flash-20260224,Alibaba,standard,false,true,,stop,stop,470,470,MSCodeBase 1-L live arm,test567,false
gen-1786736176-TjcvA2QdVGba4Xd6UO57,2026-08-14 19:36:16.360,0.000008,,,,0,103,7,0,0,qwen/qwen3.5-flash-20260224,Alibaba,standard,false,true,,stop,stop,650,650,MSCodeBase 1-L live arm,test567,false
gen-1786736175-AYwSfJUh0Qiz8YSNQFMd,2026-08-14 19:36:15.191,0.000008,,,,0,107,7,0,0,qwen/qwen3.5-flash-20260224,Alibaba,standard,false,true,,stop,stop,569,569,MSCodeBase 1-L live arm,test567,false
gen-1786736174-UJZtyKnbhcAymiZxynJT,2026-08-14 19:36:14.036,0.000008,,,,0,106,7,0,0,qwen/qwen3.5-flash-20260224,Alibaba,standard,false,true,,stop,stop,570,570,MSCodeBase 1-L live arm,test567,false
gen-1786736172-higMaVK0OWlOS5JIhBHP,2026-08-14 19:36:12.971,0.000008,,,,0,107,7,0,0,qwen/qwen3.5-flash-20260224,Alibaba,standard,false,true,,stop,stop,479,479,MSCodeBase 1-L live arm,test567,false
gen-1786736171-EJxFHWNexEwUG8X39Q46,2026-08-14 19:36:11.685,0.000008,,,,0,107,7,0,0,qwen/qwen3.5-flash-20260224,Alibaba,standard,false,true,,stop,stop,700,700,MSCodeBase 1-L live arm,test567,false
gen-1786736170-nqmS7pxCBOflajZRokmC,2026-08-14 19:36:10.588,0.000008,,,,0,106,7,0,0,qwen/qwen3.5-flash-20260224,Alibaba,standard,false,true,,stop,stop,493,493,MSCodeBase 1-L live arm,test567,false
gen-1786736169-o206fS4JX6XaV4sOKoR9,2026-08-14 19:36:09.471,0.000008,,,,0,107,7,0,0,qwen/qwen3.5-flash-20260224,Alibaba,standard,false,true,,stop,stop,530,530,MSCodeBase 1-L live arm,test567,false
gen-1786736168-mmBb3ktOMEHIT6AvUJVB,2026-08-14 19:36:08.039,0.000008,,,,0,109,7,0,0,qwen/qwen3.5-flash-20260224,Alibaba,standard,false,true,,stop,stop,836,836,MSCodeBase 1-L live arm,test567,false
gen-1786736166-HzBZ7hACNxiXyxWixPcK,2026-08-14 19:36:06.763,0.000008,,,,0,106,7,0,0,qwen/qwen3.5-flash-20260224,Alibaba,standard,false,true,,stop,stop,691,691,MSCodeBase 1-L live arm,test567,false
gen-1786736165-mG5RnU7aEHcIyePOviqO,2026-08-14 19:36:05.696,0.000008,,,,0,108,7,0,0,qwen/qwen3.5-flash-20260224,Alibaba,standard,false,true,,stop,stop,483,483,MSCodeBase 1-L live arm,test567,false
gen-1786736164-KYMKy3UyENpXFLOTwCx0,2026-08-14 19:36:04.566,0.000008,,,,0,108,7,0,0,qwen/qwen3.5-flash-20260224,Alibaba,standard,false,true,,stop,stop,546,546,MSCodeBase 1-L live arm,test567,false
gen-1786736163-1y8ADgj4fCMJ6iYkwjOg,2026-08-14 19:36:03.230,0.000008,,,,0,104,7,0,0,qwen/qwen3.5-flash-20260224,Alibaba,standard,false,true,,stop,stop,733,733,MSCodeBase 1-L live arm,test567,false
gen-1786736161-XsWywTQX3PzFv97mDvpm,2026-08-14 19:36:01.558,0.000008,,,,0,106,7,0,0,qwen/qwen3.5-flash-20260224,Alibaba,standard,false,true,,stop,stop,742,742,MSCodeBase 1-L live arm,test567,false
gen-1786736160-jmErufVJGjEvJY59p7ry,2026-08-14 19:36:00.522,0.000009,,,,0,106,12,0,0,qwen/qwen3.5-flash-20260224,Alibaba,standard,false,true,,stop,stop,438,438,MSCodeBase 1-L live arm,test567,false
gen-1786736159-7V5AZ0nnDQDvSa32Jb6r,2026-08-14 19:35:59.416,0.000008,,,,0,108,7,0,0,qwen/qwen3.5-flash-20260224,Alibaba,standard,false,true,,stop,stop,462,462,MSCodeBase 1-L live arm,test567,false
gen-1786736158-CyDTk8k25ZRF3LbxZo7K,2026-08-14 19:35:58.309,0.000008,,,,0,108,7,0,0,qwen/qwen3.5-flash-20260224,Alibaba,standard,false,true,,stop,stop,479,479,MSCodeBase 1-L live arm,test567,false
gen-1786736157-vqn6cpqB9gvLkmY257Oq,2026-08-14 19:35:57.168,0.000008,,,,0,108,7,0,0,qwen/qwen3.5-flash-20260224,Alibaba,standard,false,true,,stop,stop,483,483,MSCodeBase 1-L live arm,test567,false
gen-1786736155-0WAxfWkCee3jAmSKO20F,2026-08-14 19:35:55.767,0.000008,,,,0,108,7,0,0,qwen/qwen3.5-flash-20260224,Alibaba,standard,false,true,,stop,stop,786,786,MSCodeBase 1-L live arm,test567,false
gen-1786736154-T0yfwXWx1imcFo7VsstE,2026-08-14 19:35:54.537,0.000008,,,,0,106,7,0,0,qwen/qwen3.5-flash-20260224,Alibaba,standard,false,true,,stop,stop,549,549,MSCodeBase 1-L live arm,test567,false
gen-1786736153-dDg9DqWGA35EeJvmmCs5,2026-08-14 19:35:53.373,0.000008,,,,0,108,7,0,0,qwen/qwen3.5-flash-20260224,Alibaba,standard,false,true,,stop,stop,478,478,MSCodeBase 1-L live arm,test567,false
gen-1786736152-1kJPaGkZK5vvosxtvKuE,2026-08-14 19:35:52.040,0.000008,,,,0,107,7,0,0,qwen/qwen3.5-flash-20260224,Alibaba,standard,false,true,,stop,stop,651,651,MSCodeBase 1-L live arm,test567,false
gen-1786736150-v8AEDWOFPFbaKEzzwuij,2026-08-14 19:35:50.908,0.000008,,,,0,107,7,0,0,qwen/qwen3.5-flash-20260224,Alibaba,standard,false,true,,stop,stop,496,496,MSCodeBase 1-L live arm,test567,false
gen-1786736149-ZCSZiJuRGmLlALzWvnYr,2026-08-14 19:35:49.845,0.000008,,,,0,108,7,0,0,qwen/qwen3.5-flash-20260224,Alibaba,standard,false,true,,stop,stop,428,428,MSCodeBase 1-L live arm,test567,false
gen-1786736148-qj6wf7XIOL3X7BYBQHOr,2026-08-14 19:35:48.716,0.000008,,,,0,104,7,0,0,qwen/qwen3.5-flash-20260224,Alibaba,standard,false,true,,stop,stop,442,442,MSCodeBase 1-L live arm,test567,false
gen-1786736147-pLRf6XLGVMy74KIYvFq9,2026-08-14 19:35:47.350,0.000008,,,,0,108,7,0,0,qwen/qwen3.5-flash-20260224,Alibaba,standard,false,true,,stop,stop,743,743,MSCodeBase 1-L live arm,test567,false
gen-1786736146-AyhZmIeU5sqzWXjVew1E,2026-08-14 19:35:46.218,0.000008,,,,0,104,7,0,0,qwen/qwen3.5-flash-20260224,Alibaba,standard,false,true,,stop,stop,479,479,MSCodeBase 1-L live arm,test567,false
gen-1786736145-h4oGB03lG7D62splnvxe,2026-08-14 19:35:45.070,0.000008,,,,0,106,7,0,0,qwen/qwen3.5-flash-20260224,Alibaba,standard,false,true,,stop,stop,480,480,MSCodeBase 1-L live arm,test567,false
gen-1786736143-nyZufesO57pGyhiLZTe6,2026-08-14 19:35:43.932,0.000008,,,,0,104,7,0,0,qwen/qwen3.5-flash-20260224,Alibaba,standard,false,true,,stop,stop,490,490,MSCodeBase 1-L live arm,test567,false
gen-1786736142-B2ZkbEvPcawZrDWTqIV8,2026-08-14 19:35:42.819,0.000008,,,,0,107,7,0,0,qwen/qwen3.5-flash-20260224,Alibaba,standard,false,true,,stop,stop,499,499,MSCodeBase 1-L live arm,test567,false
gen-1786736141-IbHgpWPThYfVjEht7nzu,2026-08-14 19:35:41.663,0.000008,,,,0,105,7,0,0,qwen/qwen3.5-flash-20260224,Alibaba,standard,false,true,,stop,stop,461,461,MSCodeBase 1-L live arm,test567,false
gen-1786736140-1PRZhOQyfpljp2bHaSI9,2026-08-14 19:35:40.329,0.000008,,,,0,108,7,0,0,qwen/qwen3.5-flash-20260224,Alibaba,standard,false,true,,stop,stop,688,688,MSCodeBase 1-L live arm,test567,false
gen-1786736139-R6dZgQlA1YfiGZYrPggv,2026-08-14 19:35:39.222,0.000008,,,,0,109,7,0,0,qwen/qwen3.5-flash-20260224,Alibaba,standard,false,true,,stop,stop,492,492,MSCodeBase 1-L live arm,test567,false
gen-1786736138-blRRbzJvNy8Z9UMzf7ER,2026-08-14 19:35:38.135,0.000008,,,,0,108,7,0,0,qwen/qwen3.5-flash-20260224,Alibaba,standard,false,true,,stop,stop,464,464,MSCodeBase 1-L live arm,test567,false
gen-1786736136-2RXWZ6IiC1DG7VpCWNRv,2026-08-14 19:35:36.871,0.000008,,,,0,107,7,0,0,qwen/qwen3.5-flash-20260224,Alibaba,standard,false,true,,stop,stop,661,661,MSCodeBase 1-L live arm,test567,false
gen-1786736135-NFbNfMYlmodj5oqFGbjS,2026-08-14 19:35:35.621,0.000008,,,,0,108,7,0,0,qwen/qwen3.5-flash-20260224,Alibaba,standard,false,true,,stop,stop,651,651,MSCodeBase 1-L live arm,test567,false
gen-1786736134-Zr2UEmBLz9tCURkbxN7w,2026-08-14 19:35:34.556,0.000008,,,,0,108,7,0,0,qwen/qwen3.5-flash-20260224,Alibaba,standard,false,true,,stop,stop,457,457,MSCodeBase 1-L live arm,test567,false
gen-1786736133-UJbze2CrETISZBwgewkE,2026-08-14 19:35:33.201,0.000008,,,,0,106,7,0,0,qwen/qwen3.5-flash-20260224,Alibaba,standard,false,true,,stop,stop,747,747,MSCodeBase 1-L live arm,test567,false
gen-1786736132-QJZ1gOXS1cmDibDZk0Yn,2026-08-14 19:35:32.136,0.000009,,,,0,112,7,0,0,qwen/qwen3.5-flash-20260224,Alibaba,standard,false,true,,stop,stop,439,439,MSCodeBase 1-L live arm,test567,false
gen-1786736131-gqcFR3133pVLa2hT6txh,2026-08-14 19:35:31.050,0.000008,,,,0,106,7,0,0,qwen/qwen3.5-flash-20260224,Alibaba,standard,false,true,,stop,stop,483,483,MSCodeBase 1-L live arm,test567,false
gen-1786736129-gxvAdt9HKU4XmZAk8bCH,2026-08-14 19:35:29.961,0.000008,,,,0,108,7,0,0,qwen/qwen3.5-flash-20260224,Alibaba,standard,false,true,,stop,stop,471,471,MSCodeBase 1-L live arm,test567,false
gen-1786736128-m9oivkIeRM5BptnocdGD,2026-08-14 19:35:28.869,0.000008,,,,0,109,7,0,0,qwen/qwen3.5-flash-20260224,Alibaba,standard,false,true,,stop,stop,479,479,MSCodeBase 1-L live arm,test567,false
gen-1786736127-0PZejAdQFDNfVwFY2bZ4,2026-08-14 19:35:27.748,0.000008,,,,0,106,7,0,0,qwen/qwen3.5-flash-20260224,Alibaba,standard,false,true,,stop,stop,511,511,MSCodeBase 1-L live arm,test567,false
gen-1786736126-4ibfZyrWAGu9F6IFqmwI,2026-08-14 19:35:26.635,0.000008,,,,0,108,7,0,0,qwen/qwen3.5-flash-20260224,Alibaba,standard,false,true,,stop,stop,486,486,MSCodeBase 1-L live arm,test567,false
gen-1786736125-kyzE5CFtzQKRLvWxh7ei,2026-08-14 19:35:25.670,0.000004,,,,0,116,12,0,0,qwen/qwen3.7-flash-20260727,Alibaba,standard,false,true,,stop,stop,637,637,MSCodeBase 1-L live arm,test567,false
gen-1786736124-IMFWe60CcpI1bBsr8Lyg,2026-08-14 19:35:24.162,0.000005,,,,0,121,12,0,0,qwen/qwen3.7-flash-20260727,Alibaba,standard,false,true,,stop,stop,875,875,MSCodeBase 1-L live arm,test567,false
gen-1786736122-ShZJra36WMpl8ULhJ9QS,2026-08-14 19:35:22.879,0.000005,,,,0,121,11,0,0,qwen/qwen3.7-flash-20260727,Alibaba,standard,false,true,,stop,stop,675,675,MSCodeBase 1-L live arm,test567,false
gen-1786736121-k3YG82Ljg4Mh0ji4MToJ,2026-08-14 19:35:21.529,0.000005,,,,0,118,12,0,0,qwen/qwen3.7-flash-20260727,Alibaba,standard,false,true,,stop,stop,740,740,MSCodeBase 1-L live arm,test567,false
gen-1786736120-2ERA7Un5N6Q9UFrFxiiJ,2026-08-14 19:35:20.159,0.000005,,,,0,119,12,0,0,qwen/qwen3.7-flash-20260727,Alibaba,standard,false,true,,stop,stop,747,747,MSCodeBase 1-L live arm,test567,false
gen-1786736116-3TrnxNZv8HUfSmPIOmR3,2026-08-14 19:35:16.343,0.000005,,,,0,118,12,0,0,qwen/qwen3.7-flash-20260727,Alibaba,standard,false,true,,stop,stop,589,589,MSCodeBase 1-L live arm,test567,false
gen-1786736114-Dgy6RYJQUuobClYFSljR,2026-08-14 19:35:14.933,0.000005,,,,0,121,12,0,0,qwen/qwen3.7-flash-20260727,Alibaba,standard,false,true,,stop,stop,801,801,MSCodeBase 1-L live arm,test567,false
gen-1786736113-bEeC3HmYfdMCMPvJeL00,2026-08-14 19:35:13.592,0.000004,,,,0,115,12,0,0,qwen/qwen3.7-flash-20260727,Alibaba,standard,false,true,,stop,stop,737,737,MSCodeBase 1-L live arm,test567,false
gen-1786736112-oGWPusNibhrh3rATLxbR,2026-08-14 19:35:12.403,0.000004,,,,0,120,11,0,0,qwen/qwen3.7-flash-20260727,Alibaba,standard,false,true,,stop,stop,530,530,MSCodeBase 1-L live arm,test567,false
gen-1786736111-fPLlddu9vXoStpWEaE3L,2026-08-14 19:35:11.206,0.000004,,,,0,118,11,0,0,qwen/qwen3.7-flash-20260727,Alibaba,standard,false,true,,stop,stop,608,608,MSCodeBase 1-L live arm,test567,false
gen-1786736109-wUnFZA5MIIpfDMSVbcYS,2026-08-14 19:35:09.833,0.000005,,,,0,118,12,0,0,qwen/qwen3.7-flash-20260727,Alibaba,standard,false,true,,stop,stop,797,797,MSCodeBase 1-L live arm,test567,false
gen-1786736108-qRB8JTX6HN6bI14HANTy,2026-08-14 19:35:08.464,0.000004,,,,0,120,7,0,0,qwen/qwen3.7-flash-20260727,Alibaba,standard,false,true,,stop,stop,787,787,MSCodeBase 1-L live arm,test567,false
gen-1786736107-xdJchD5AcMk4taBpi5Q3,2026-08-14 19:35:07.219,0.000004,,,,0,118,11,0,0,qwen/qwen3.7-flash-20260727,Alibaba,standard,false,true,,stop,stop,666,666,MSCodeBase 1-L live arm,test567,false
gen-1786736105-q6UUD2yaatEELCMxmN4l,2026-08-14 19:35:05.970,0.000005,,,,0,119,12,0,0,qwen/qwen3.7-flash-20260727,Alibaba,standard,false,true,,stop,stop,645,645,MSCodeBase 1-L live arm,test567,false
gen-1786736104-RPVJuj9SFjQh1C6RoKMK,2026-08-14 19:35:04.597,0.000005,,,,0,121,11,0,0,qwen/qwen3.7-flash-20260727,Alibaba,standard,false,true,,stop,stop,771,771,MSCodeBase 1-L live arm,test567,false
gen-1786736103-8nGSwIFatuq8eqoo5ivA,2026-08-14 19:35:03.369,0.000005,,,,0,118,12,0,0,qwen/qwen3.7-flash-20260727,Alibaba,standard,false,true,,stop,stop,639,639,MSCodeBase 1-L live arm,test567,false
gen-1786736102-zhwYLms0dStu2W01abiP,2026-08-14 19:35:02.032,0.000005,,,,0,120,12,0,0,qwen/qwen3.7-flash-20260727,Alibaba,standard,false,true,,stop,stop,699,699,MSCodeBase 1-L live arm,test567,false
gen-1786736096-kN6lLo2lzL70tFgiezjW,2026-08-14 19:34:56.782,0.000005,,,,0,120,12,0,0,qwen/qwen3.7-flash-20260727,Alibaba,standard,false,true,,stop,stop,4639,4639,MSCodeBase 1-L live arm,test567,false
gen-1786736095-KLmLlAmZKdKlaQPvEtLn,2026-08-14 19:34:55.373,0.000004,,,,0,116,7,0,0,qwen/qwen3.7-flash-20260727,Alibaba,standard,false,true,,stop,stop,807,807,MSCodeBase 1-L live arm,test567,false
gen-1786736093-pTIkbrd0kOZnMobcV4s9,2026-08-14 19:34:53.868,0.000005,,,,0,118,12,0,0,qwen/qwen3.7-flash-20260727,Alibaba,standard,false,true,,stop,stop,873,873,MSCodeBase 1-L live arm,test567,false
gen-1786736092-YxKXgNNTS262zRUyG8h2,2026-08-14 19:34:52.693,0.000005,,,,0,118,12,0,0,qwen/qwen3.7-flash-20260727,Alibaba,standard,false,true,,stop,stop,576,576,MSCodeBase 1-L live arm,test567,false
gen-1786736091-IoCbRgDnH706tRYCn02l,2026-08-14 19:34:51.474,0.000005,,,,0,121,12,0,0,qwen/qwen3.7-flash-20260727,Alibaba,standard,false,true,,stop,stop,609,609,MSCodeBase 1-L live arm,test567,false
gen-1786736090-xOfBxvg2o4L4oBEMgNyt,2026-08-14 19:34:50.255,0.000004,,,,0,120,11,0,0,qwen/qwen3.7-flash-20260727,Alibaba,standard,false,true,,stop,stop,624,624,MSCodeBase 1-L live arm,test567,false
gen-1786736088-UKXqpdtzl5NtmvTpV6D2,2026-08-14 19:34:48.922,0.000005,,,,0,121,12,0,0,qwen/qwen3.7-flash-20260727,Alibaba,standard,false,true,,stop,stop,715,715,MSCodeBase 1-L live arm,test567,false
gen-1786736087-H1kah13yq69t6D0Cp30b,2026-08-14 19:34:47.569,0.000005,,,,0,119,12,0,0,qwen/qwen3.7-flash-20260727,Alibaba,standard,false,true,,stop,stop,738,738,MSCodeBase 1-L live arm,test567,false
gen-1786736086-WzKcSugw9AYR2sTTWFWb,2026-08-14 19:34:46.297,0.000005,,,,0,118,12,0,0,qwen/qwen3.7-flash-20260727,Alibaba,standard,false,true,,stop,stop,644,644,MSCodeBase 1-L live arm,test567,false
gen-1786736084-YnXeOIjVup6nAPgR7q1S,2026-08-14 19:34:44.971,0.000005,,,,0,121,12,0,0,qwen/qwen3.7-flash-20260727,Alibaba,standard,false,true,,stop,stop,727,727,MSCodeBase 1-L live arm,test567,false
gen-1786736083-nxBDAwjsgACq8ygyWhKf,2026-08-14 19:34:43.812,0.000005,,,,0,121,12,0,0,qwen/qwen3.7-flash-20260727,Alibaba,standard,false,true,,stop,stop,548,548,MSCodeBase 1-L live arm,test567,false
gen-1786736082-gpbQQDHyYqChoctRGyQe,2026-08-14 19:34:42.179,0.000005,,,,0,120,12,0,0,qwen/qwen3.7-flash-20260727,Alibaba,standard,false,true,,stop,stop,518,518,MSCodeBase 1-L live arm,test567,false
gen-1786736080-mCIm0ZDN5PKQyuQrEwY8,2026-08-14 19:34:40.967,0.000005,,,,0,120,12,0,0,qwen/qwen3.7-flash-20260727,Alibaba,standard,false,true,,stop,stop,593,593,MSCodeBase 1-L live arm,test567,false
gen-1786736079-Gqysr5ygA4UjForOckdJ,2026-08-14 19:34:39.750,0.000004,,,,0,116,12,0,0,qwen/qwen3.7-flash-20260727,Alibaba,standard,false,true,,stop,stop,621,621,MSCodeBase 1-L live arm,test567,false
gen-1786736078-zatyggx9KVxb1i6gD69M,2026-08-14 19:34:38.518,0.000005,,,,0,121,12,0,0,qwen/qwen3.7-flash-20260727,Alibaba,standard,false,true,,stop,stop,609,609,MSCodeBase 1-L live arm,test567,false
gen-1786736077-3rn3CUmqB7MEdyBk1mZ2,2026-08-14 19:34:37.202,0.000004,,,,0,116,7,0,0,qwen/qwen3.7-flash-20260727,Alibaba,standard,false,true,,stop,stop,706,706,MSCodeBase 1-L live arm,test567,false
gen-1786736075-SRTuZT2uj56ijauE23eA,2026-08-14 19:34:35.905,0.000005,,,,0,118,12,0,0,qwen/qwen3.7-flash-20260727,Alibaba,standard,false,true,,stop,stop,677,677,MSCodeBase 1-L live arm,test567,false
gen-1786736074-p2q2r0KKVBtoh5ACrML8,2026-08-14 19:34:34.468,0.000004,,,,0,115,12,0,0,qwen/qwen3.7-flash-20260727,Alibaba,standard,false,true,,stop,stop,822,822,MSCodeBase 1-L live arm,test567,false
gen-1786736073-5usfkLjOh3fVtGdWcdsv,2026-08-14 19:34:33.188,0.000005,,,,0,119,12,0,0,qwen/qwen3.7-flash-20260727,Alibaba,standard,false,true,,stop,stop,677,677,MSCodeBase 1-L live arm,test567,false
gen-1786736071-6gm5iMu0oZEJrFsOLTBT,2026-08-14 19:34:31.838,0.000005,,,,0,118,12,0,0,qwen/qwen3.7-flash-20260727,Alibaba,standard,false,true,,stop,stop,712,712,MSCodeBase 1-L live arm,test567,false
gen-1786736067-qD01YaTasX1MhRu3XZsL,2026-08-14 19:34:27.931,0.000005,,,,0,119,12,0,0,qwen/qwen3.7-flash-20260727,Alibaba,standard,false,true,,stop,stop,698,698,MSCodeBase 1-L live arm,test567,false
gen-1786736066-NalZBbuTKstpDJbsEzhS,2026-08-14 19:34:26.686,0.000005,,,,0,123,12,0,0,qwen/qwen3.7-flash-20260727,Alibaba,standard,false,true,,stop,stop,618,618,MSCodeBase 1-L live arm,test567,false
gen-1786736065-CF4ifxv3FAcKRV2JepkN,2026-08-14 19:34:25.267,0.000005,,,,0,119,12,0,0,qwen/qwen3.7-flash-20260727,Alibaba,standard,false,true,,stop,stop,825,825,MSCodeBase 1-L live arm,test567,false
gen-1786736063-9BRpjlPfotSzZKImJlvv,2026-08-14 19:34:23.843,0.000005,,,,0,118,12,0,0,qwen/qwen3.7-flash-20260727,Alibaba,standard,false,true,,stop,stop,813,813,MSCodeBase 1-L live arm,test567,false
gen-1786736062-BB38mI8zmI8wAa285cny,2026-08-14 19:34:22.552,0.000005,,,,0,120,12,0,0,qwen/qwen3.7-flash-20260727,Alibaba,standard,false,true,,stop,stop,652,652,MSCodeBase 1-L live arm,test567,false
gen-1786736061-7z2265LYEiiQvEiZNroC,2026-08-14 19:34:21.235,0.000004,,,,0,123,7,0,0,qwen/qwen3.7-flash-20260727,Alibaba,standard,false,true,,stop,stop,709,709,MSCodeBase 1-L live arm,test567,false
gen-1786736059-uX9DcfOXTPj9LGMZ94Tk,2026-08-14 19:34:19.803,0.000005,,,,0,121,12,0,0,qwen/qwen3.7-flash-20260727,Alibaba,standard,false,true,,stop,stop,659,659,MSCodeBase 1-L live arm,test567,false
gen-1786736058-Yrlk2I4arGt3NW9Le9YT,2026-08-14 19:34:18.355,0.000005,,,,0,132,12,0,0,qwen/qwen3.7-flash-20260727,Alibaba,standard,false,true,,stop,stop,840,840,MSCodeBase 1-L live arm,test567,false
gen-1786736057-1Mlb1tq6VvFuFBSqsfLj,2026-08-14 19:34:17.023,0.000005,,,,0,125,12,0,0,qwen/qwen3.7-flash-20260727,Alibaba,standard,false,true,,stop,stop,635,635,MSCodeBase 1-L live arm,test567,false
gen-1786736055-s02LLRVWzX6QAluBSAWR,2026-08-14 19:34:15.579,0.000005,,,,0,126,12,0,0,qwen/qwen3.7-flash-20260727,Alibaba,standard,false,true,,stop,stop,803,803,MSCodeBase 1-L live arm,test567,false
gen-1786736054-OD7tHMZlB14ahnhnauU4,2026-08-14 19:34:14.392,0.000005,,,,0,130,12,0,0,qwen/qwen3.7-flash-20260727,Alibaba,standard,false,true,,stop,stop,587,587,MSCodeBase 1-L live arm,test567,false
gen-1786736053-ewEuAOXd1AAXvSPXKdm8,2026-08-14 19:34:13.089,0.000004,,,,0,124,7,0,0,qwen/qwen3.7-flash-20260727,Alibaba,standard,false,true,,stop,stop,676,676,MSCodeBase 1-L live arm,test567,false
gen-1786736048-KG13NOL2Y2AO2rQsUZSv,2026-08-14 19:34:08.678,0.000005,,,,0,126,12,0,0,qwen/qwen3.7-flash-20260727,Alibaba,standard,false,true,,stop,stop,3802,3802,MSCodeBase 1-L live arm,test567,false
gen-1786736047-gOlrfEyfXSRrLbei5gLP,2026-08-14 19:34:07.672,0.000003,,,,0,104,7,0,0,qwen/qwen3.7-flash-20260727,Alibaba,standard,false,true,,stop,stop,531,531,MSCodeBase 1-L live arm,test567,false
gen-1786736043-YmKcO78WKYUj96gTjWBv,2026-08-14 19:34:03.754,0.000004,,,,0,109,12,0,0,qwen/qwen3.7-flash-20260727,Alibaba,standard,false,true,,stop,stop,498,498,MSCodeBase 1-L live arm,test567,false
gen-1786736042-tNxq7mib3N70r1pqIxUV,2026-08-14 19:34:02.475,0.000004,,,,0,109,7,0,0,qwen/qwen3.7-flash-20260727,Alibaba,standard,false,true,,stop,stop,686,686,MSCodeBase 1-L live arm,test567,false
gen-1786736041-18NDxc4OxjKzZg24FWAL,2026-08-14 19:34:01.089,0.000004,,,,0,106,12,0,0,qwen/qwen3.7-flash-20260727,Alibaba,standard,false,true,,stop,stop,790,790,MSCodeBase 1-L live arm,test567,false
gen-1786736039-Mh3R2PODOQLwSw1EmhBJ,2026-08-14 19:33:59.695,0.000004,,,,0,107,11,0,0,qwen/qwen3.7-flash-20260727,Alibaba,standard,false,true,,stop,stop,780,780,MSCodeBase 1-L live arm,test567,false
gen-1786736038-6SZpyMzy5uTPPI1o9GoR,2026-08-14 19:33:58.074,0.000004,,,,0,106,12,0,0,qwen/qwen3.7-flash-20260727,Alibaba,standard,false,true,,stop,stop,905,905,MSCodeBase 1-L live arm,test567,false
gen-1786736036-D8nnjdcqYAaMxUf80fcJ,2026-08-14 19:33:56.602,0.000004,,,,0,109,12,0,0,qwen/qwen3.7-flash-20260727,Alibaba,standard,false,true,,stop,stop,851,851,MSCodeBase 1-L live arm,test567,false
gen-1786736035-3prWOzOtgXSGhWbE1UkC,2026-08-14 19:33:55.390,0.000003,,,,0,103,7,0,0,qwen/qwen3.7-flash-20260727,Alibaba,standard,false,true,,stop,stop,597,597,MSCodeBase 1-L live arm,test567,false
gen-1786736034-iYDUFzoMNzIZMJDCAZSh,2026-08-14 19:33:54.022,0.000004,,,,0,107,7,0,0,qwen/qwen3.7-flash-20260727,Alibaba,standard,false,true,,stop,stop,752,752,MSCodeBase 1-L live arm,test567,false
gen-1786736032-U4lF3eZicFufPu9swrKu,2026-08-14 19:33:52.675,0.000004,,,,0,106,11,0,0,qwen/qwen3.7-flash-20260727,Alibaba,standard,false,true,,stop,stop,686,686,MSCodeBase 1-L live arm,test567,false
gen-1786736031-ghPfczOaPXP1wExZi865,2026-08-14 19:33:51.513,0.000004,,,,0,107,7,0,0,qwen/qwen3.7-flash-20260727,Alibaba,standard,false,true,,stop,stop,541,541,MSCodeBase 1-L live arm,test567,false
gen-1786736030-yz3yLPBv5FjbmP7XqYLv,2026-08-14 19:33:50.292,0.000004,,,,0,107,7,0,0,qwen/qwen3.7-flash-20260727,Alibaba,standard,false,true,,stop,stop,605,605,MSCodeBase 1-L live arm,test567,false
gen-1786736026-doO5ufXJDV0cfhsPhaxZ,2026-08-14 19:33:46.527,0.000004,,,,0,106,7,0,0,qwen/qwen3.7-flash-20260727,Alibaba,standard,false,true,,stop,stop,568,568,MSCodeBase 1-L live arm,test567,false
gen-1786736025-gzLWVkZNiw6FzmWWr4Xl,2026-08-14 19:33:45.129,0.000004,,,,0,107,12,0,0,qwen/qwen3.7-flash-20260727,Alibaba,standard,false,true,,stop,stop,799,799,MSCodeBase 1-L live arm,test567,false
gen-1786736024-y9i8flzaHSflz7lPzXyt,2026-08-14 19:33:43.999,0.000004,,,,0,109,7,0,0,qwen/qwen3.7-flash-20260727,Alibaba,standard,false,true,,stop,stop,541,541,MSCodeBase 1-L live arm,test567,false
gen-1786736020-vdK73gKU6cglZByt5UsD,2026-08-14 19:33:40.150,0.000004,,,,0,106,7,0,0,qwen/qwen3.7-flash-20260727,Alibaba,standard,false,true,,stop,stop,659,659,MSCodeBase 1-L live arm,test567,false
gen-1786736018-hadUvLANuxUF398Hlq8B,2026-08-14 19:33:38.897,0.000004,,,,0,108,11,0,0,qwen/qwen3.7-flash-20260727,Alibaba,standard,false,true,,stop,stop,625,625,MSCodeBase 1-L live arm,test567,false
gen-1786736017-FHjA2SQtWE39GKHRvsmP,2026-08-14 19:33:37.689,0.000004,,,,0,108,7,0,0,qwen/qwen3.7-flash-20260727,Alibaba,standard,false,true,,stop,stop,571,571,MSCodeBase 1-L live arm,test567,false
gen-1786736016-6Y0ujkIDAS2BlapPFUt7,2026-08-14 19:33:36.456,0.000003,,,,0,104,7,0,0,qwen/qwen3.7-flash-20260727,Alibaba,standard,false,true,,stop,stop,634,634,MSCodeBase 1-L live arm,test567,false
gen-1786736015-zfniDC3T5VhYX41n7hlm,2026-08-14 19:33:35.105,0.000004,,,,0,106,11,0,0,qwen/qwen3.7-flash-20260727,Alibaba,standard,false,true,,stop,stop,638,638,MSCodeBase 1-L live arm,test567,false
gen-1786736013-Cz5VmRmlcJLHLD3mY1Lg,2026-08-14 19:33:33.860,0.000004,,,,0,106,12,0,0,qwen/qwen3.7-flash-20260727,Alibaba,standard,false,true,,stop,stop,653,653,MSCodeBase 1-L live arm,test567,false
gen-1786736012-FXeZzCqmGUGuAaelIVwR,2026-08-14 19:33:32.381,0.000004,,,,0,108,11,0,0,qwen/qwen3.7-flash-20260727,Alibaba,standard,false,true,,stop,stop,878,878,MSCodeBase 1-L live arm,test567,false
gen-1786736011-c4ZFMsDqHyIFuxeIPWSR,2026-08-14 19:33:31.201,0.000004,,,,0,108,7,0,0,qwen/qwen3.7-flash-20260727,Alibaba,standard,false,true,,stop,stop,573,573,MSCodeBase 1-L live arm,test567,false
gen-1786736009-092vRV5KmSjaxYlBgh5p,2026-08-14 19:33:29.890,0.000004,,,,0,108,12,0,0,qwen/qwen3.7-flash-20260727,Alibaba,standard,false,true,,stop,stop,731,731,MSCodeBase 1-L live arm,test567,false
gen-1786736008-1BSdxYgFKRWkcUGxUlX8,2026-08-14 19:33:28.525,0.000004,,,,0,108,7,0,0,qwen/qwen3.7-flash-20260727,Alibaba,standard,false,true,,stop,stop,781,781,MSCodeBase 1-L live arm,test567,false
gen-1786736007-ydpfoM0NEYsoYFjCt8yh,2026-08-14 19:33:27.107,0.000004,,,,0,106,12,0,0,qwen/qwen3.7-flash-20260727,Alibaba,standard,false,true,,stop,stop,813,813,MSCodeBase 1-L live arm,test567,false
gen-1786736005-JQX6H8OnUQJKLzF0vPME,2026-08-14 19:33:25.779,0.000004,,,,0,108,12,0,0,qwen/qwen3.7-flash-20260727,Alibaba,standard,false,true,,stop,stop,750,750,MSCodeBase 1-L live arm,test567,false
gen-1786736004-PlOCPszQ0qhliv5p4li0,2026-08-14 19:33:24.563,0.000004,,,,0,107,12,0,0,qwen/qwen3.7-flash-20260727,Alibaba,standard,false,true,,stop,stop,626,626,MSCodeBase 1-L live arm,test567,false
gen-1786736000-tghHvG0J0wQMQFTlZMzx,2026-08-14 19:33:20.845,0.000004,,,,0,107,12,0,0,qwen/qwen3.7-flash-20260727,Alibaba,standard,false,true,,stop,stop,582,582,MSCodeBase 1-L live arm,test567,false
gen-1786735999-xvzRd1NqRwHp8ssqjdGX,2026-08-14 19:33:19.461,0.000004,,,,0,108,12,0,0,qwen/qwen3.7-flash-20260727,Alibaba,standard,false,true,,stop,stop,779,779,MSCodeBase 1-L live arm,test567,false
gen-1786735998-h4GL9UEN7wkGCv0o7CmQ,2026-08-14 19:33:18.113,0.000004,,,,0,104,12,0,0,qwen/qwen3.7-flash-20260727,Alibaba,standard,false,true,,stop,stop,760,760,MSCodeBase 1-L live arm,test567,false
gen-1786735996-6rSKPSaPwD1eH6LIcnZW,2026-08-14 19:33:16.899,0.000004,,,,0,108,12,0,0,qwen/qwen3.7-flash-20260727,Alibaba,standard,false,true,,stop,stop,631,631,MSCodeBase 1-L live arm,test567,false
gen-1786735995-7GsSEtKKSbG7oQZ6F3SO,2026-08-14 19:33:15.768,0.000004,,,,0,104,11,0,0,qwen/qwen3.7-flash-20260727,Alibaba,standard,false,true,,stop,stop,549,549,MSCodeBase 1-L live arm,test567,false
gen-1786735994-8AJr5HfMSrUE0PsK84vk,2026-08-14 19:33:14.470,0.000004,,,,0,106,12,0,0,qwen/qwen3.7-flash-20260727,Alibaba,standard,false,true,,stop,stop,702,702,MSCodeBase 1-L live arm,test567,false
gen-1786735993-TXaQNkeq6cVV8rFW9QfK,2026-08-14 19:33:13.270,0.000004,,,,0,104,11,0,0,qwen/qwen3.7-flash-20260727,Alibaba,standard,false,true,,stop,stop,602,602,MSCodeBase 1-L live arm,test567,false
gen-1786735991-PK3MCuzO5BtcqPxSGlUA,2026-08-14 19:33:11.814,0.000004,,,,0,107,12,0,0,qwen/qwen3.7-flash-20260727,Alibaba,standard,false,true,,stop,stop,805,805,MSCodeBase 1-L live arm,test567,false
gen-1786735990-SFTkKbJwl62tHZMBb0KU,2026-08-14 19:33:10.477,0.000004,,,,0,105,12,0,0,qwen/qwen3.7-flash-20260727,Alibaba,standard,false,true,,stop,stop,731,731,MSCodeBase 1-L live arm,test567,false
gen-1786735988-ytAzL4Kl01DQ6ywkumEW,2026-08-14 19:33:08.961,0.000004,,,,0,108,12,0,0,qwen/qwen3.7-flash-20260727,Alibaba,standard,false,true,,stop,stop,866,866,MSCodeBase 1-L live arm,test567,false
gen-1786735987-PBE8LStq2GdcATj8PLd9,2026-08-14 19:33:07.717,0.000004,,,,0,109,12,0,0,qwen/qwen3.7-flash-20260727,Alibaba,standard,false,true,,stop,stop,652,652,MSCodeBase 1-L live arm,test567,false
gen-1786735986-C8rh2ziijutukqaDOjMV,2026-08-14 19:33:06.338,0.000004,,,,0,108,12,0,0,qwen/qwen3.7-flash-20260727,Alibaba,standard,false,true,,stop,stop,789,789,MSCodeBase 1-L live arm,test567,false
gen-1786735984-173NKcVGL6qurBS0OV1q,2026-08-14 19:33:04.866,0.000004,,,,0,107,7,0,0,qwen/qwen3.7-flash-20260727,Alibaba,standard,false,true,,stop,stop,794,794,MSCodeBase 1-L live arm,test567,false
gen-1786735983-QleTKyqc9wRx6J9x4Kzm,2026-08-14 19:33:03.688,0.000004,,,,0,108,12,0,0,qwen/qwen3.7-flash-20260727,Alibaba,standard,false,true,,stop,stop,585,585,MSCodeBase 1-L live arm,test567,false
gen-1786735982-yQAhiDiDKAGG1d5EOVcM,2026-08-14 19:33:02.428,0.000004,,,,0,108,7,0,0,qwen/qwen3.7-flash-20260727,Alibaba,standard,false,true,,stop,stop,670,670,MSCodeBase 1-L live arm,test567,false
gen-1786735981-K9r8qI2iFfIt4IZ1DJv8,2026-08-14 19:33:01.208,0.000004,,,,0,106,7,0,0,qwen/qwen3.7-flash-20260727,Alibaba,standard,false,true,,stop,stop,616,616,MSCodeBase 1-L live arm,test567,false
gen-1786735977-0Mx8XsqCRjoAMPqsi8gF,2026-08-14 19:32:57.358,0.000004,,,,0,112,12,0,0,qwen/qwen3.7-flash-20260727,Alibaba,standard,false,true,,stop,stop,664,664,MSCodeBase 1-L live arm,test567,false
gen-1786735976-6U2ftXb3DAADQTX5P6DX,2026-08-14 19:32:56.040,0.000004,,,,0,106,12,0,0,qwen/qwen3.7-flash-20260727,Alibaba,standard,false,true,,stop,stop,734,734,MSCodeBase 1-L live arm,test567,false
gen-1786735974-cvPqUZ6RJqtcG652dNyd,2026-08-14 19:32:54.054,0.000004,,,,0,108,12,0,0,qwen/qwen3.7-flash-20260727,Alibaba,standard,false,true,,stop,stop,1407,1407,MSCodeBase 1-L live arm,test567,false
gen-1786735972-dwcAg1P7QXGEeQt4EFfK,2026-08-14 19:32:52.842,0.000004,,,,0,109,12,0,0,qwen/qwen3.7-flash-20260727,Alibaba,standard,false,true,,stop,stop,620,620,MSCodeBase 1-L live arm,test567,false
gen-1786735971-zbecChd0BujQ3uWYttjr,2026-08-14 19:32:51.497,0.000004,,,,0,106,7,0,0,qwen/qwen3.7-flash-20260727,Alibaba,standard,false,true,,stop,stop,744,744,MSCodeBase 1-L live arm,test567,false
gen-1786735970-sb1gckregkQJbpoqCdO3,2026-08-14 19:32:50.250,0.000004,,,,0,108,12,0,0,qwen/qwen3.7-flash-20260727,Alibaba,standard,false,true,,stop,stop,661,661,MSCodeBase 1-L live arm,test567,false
gen-1786735938-LzJIkLVgnYkf0lkezEE8,2026-08-14 19:32:18.551,0.000008,,,,0,106,7,0,0,qwen/qwen3.5-flash-20260224,Alibaba,standard,false,true,,stop,stop,932,932,MSCodeBase 1-L live arm,test567,false
gen-1786735937-pfavga03zCsKIz1vJmUA,2026-08-14 19:32:17.774,0.000008,,,,0,108,7,0,0,qwen/qwen3.5-flash-20260224,Alibaba,standard,false,true,,stop,stop,482,482,MSCodeBase 1-L live arm,test567,false
gen-1786735936-hY9YLdCKm9SQAapVXTCU,2026-08-14 19:32:16.725,0.000008,,,,0,109,7,0,0,qwen/qwen3.5-flash-20260224,Alibaba,standard,false,true,,stop,stop,718,718,MSCodeBase 1-L live arm,test567,false
gen-1786735935-qbk6OoPems7ax8YV0sgL,2026-08-14 19:32:15.209,0.000008,,,,0,106,7,0,0,qwen/qwen3.5-flash-20260224,Alibaba,standard,false,true,,stop,stop,1186,1186,MSCodeBase 1-L live arm,test567,false
gen-1786735934-BoYI1XwjtYoFjbW9W5Vw,2026-08-14 19:32:14.063,0.000008,,,,0,108,7,0,0,qwen/qwen3.5-flash-20260224,Alibaba,standard,false,true,,stop,stop,696,696,MSCodeBase 1-L live arm,test567,false
gen-1786735190-KVzO2dFr6Lu3n4Cm5SnY,2026-08-14 19:19:50.005,0.000033,,,,0,116,11,0,0,qwen/qwen3.6-flash,Alibaba,standard,false,true,,stop,stop,536,536,MSCodeBase 1-L live arm,test567,false
gen-1786735188-KYtAupSbQyIWLvdmkX7P,2026-08-14 19:19:48.802,0.000034,,,,0,121,11,0,0,qwen/qwen3.6-flash,Alibaba,standard,false,true,,stop,stop,576,576,MSCodeBase 1-L live arm,test567,false
gen-1786735187-rOFmWi3ujU193GvuuD64,2026-08-14 19:19:47.688,0.000035,,,,0,121,12,0,0,qwen/qwen3.6-flash,Alibaba,standard,false,true,,stop,stop,498,498,MSCodeBase 1-L live arm,test567,false
gen-1786735186-L71NKLiKAkd9A8VYsvDD,2026-08-14 19:19:46.584,0.000034,,,,0,118,11,0,0,qwen/qwen3.6-flash,Alibaba,standard,false,true,,stop,stop,497,497,MSCodeBase 1-L live arm,test567,false
gen-1786735185-3vyDbvFHD1nohFD0buoZ,2026-08-14 19:19:45.460,0.000035,,,,0,119,12,0,0,qwen/qwen3.6-flash,Alibaba,standard,false,true,,stop,stop,499,499,MSCodeBase 1-L live arm,test567,false
gen-1786735184-kVcSZOFST7egSuc2vTCl,2026-08-14 19:19:44.304,0.000035,,,,0,118,12,0,0,qwen/qwen3.6-flash,Alibaba,standard,false,true,,stop,stop,534,534,MSCodeBase 1-L live arm,test567,false
gen-1786735183-tCQP63l7MfQFMLRc6MGE,2026-08-14 19:19:43.146,0.000035,,,,0,121,12,0,0,qwen/qwen3.6-flash,Alibaba,standard,false,true,,stop,stop,555,555,MSCodeBase 1-L live arm,test567,false
gen-1786735181-RPNPNNobngVkJJPOQN9C,2026-08-14 19:19:41.990,0.000033,,,,0,115,11,0,0,qwen/qwen3.6-flash,Alibaba,standard,false,true,,stop,stop,542,542,MSCodeBase 1-L live arm,test567,false
gen-1786735180-7L0qheaa8ZYERlPHQg0X,2026-08-14 19:19:40.836,0.000035,,,,0,120,12,0,0,qwen/qwen3.6-flash,Alibaba,standard,false,true,,stop,stop,528,528,MSCodeBase 1-L live arm,test567,false
gen-1786735179-9TsWrKjT0nrWTEprKQkB,2026-08-14 19:19:39.697,0.000034,,,,0,118,11,0,0,qwen/qwen3.6-flash,Alibaba,standard,false,true,,stop,stop,498,498,MSCodeBase 1-L live arm,test567,false
gen-1786735178-5eQEsrcYVbE43MTnyuTo,2026-08-14 19:19:38.487,0.000035,,,,0,118,12,0,0,qwen/qwen3.6-flash,Alibaba,standard,false,true,,stop,stop,591,591,MSCodeBase 1-L live arm,test567,false
gen-1786735177-JnywLY44gxOVNUai7Nfm,2026-08-14 19:19:37.363,0.000035,,,,0,120,12,0,0,qwen/qwen3.6-flash,Alibaba,standard,false,true,,stop,stop,513,513,MSCodeBase 1-L live arm,test567,false
gen-1786735176-kIqM8SwDSnm1NHZSBuFa,2026-08-14 19:19:36.238,0.000034,,,,0,118,11,0,0,qwen/qwen3.6-flash,Alibaba,standard,false,true,,stop,stop,497,497,MSCodeBase 1-L live arm,test567,false
gen-1786735175-gOYo3OKX5518hbtS8iIs,2026-08-14 19:19:35.107,0.000034,,,,0,119,11,0,0,qwen/qwen3.6-flash,Alibaba,standard,false,true,,stop,stop,509,509,MSCodeBase 1-L live arm,test567,false
gen-1786735173-jEXcPwRZfxMthQD0efF4,2026-08-14 19:19:33.983,0.000035,,,,0,121,12,0,0,qwen/qwen3.6-flash,Alibaba,standard,false,true,,stop,stop,516,516,MSCodeBase 1-L live arm,test567,false
gen-1786735172-LZcPzCBfjdbwXJ52yvgT,2026-08-14 19:19:32.808,0.000035,,,,0,118,12,0,0,qwen/qwen3.6-flash,Alibaba,standard,false,true,,stop,stop,515,515,MSCodeBase 1-L live arm,test567,false
gen-1786735171-d5keBY2Xe6DmDwVPlOPx,2026-08-14 19:19:31.664,0.000035,,,,0,120,12,0,0,qwen/qwen3.6-flash,Alibaba,standard,false,true,,stop,stop,505,505,MSCodeBase 1-L live arm,test567,false
gen-1786735170-BcozDFHp00G2rkYxr1Wm,2026-08-14 19:19:30.567,0.000034,,,,0,120,11,0,0,qwen/qwen3.6-flash,Alibaba,standard,false,true,,stop,stop,491,491,MSCodeBase 1-L live arm,test567,false
gen-1786735169-UyUJ5ZhAOQQ3NHcAlF8e,2026-08-14 19:19:29.406,0.000034,,,,0,116,12,0,0,qwen/qwen3.6-flash,Alibaba,standard,false,true,,stop,stop,518,518,MSCodeBase 1-L live arm,test567,false
gen-1786735168-02ApPlj8w3YRzJkYauMx,2026-08-14 19:19:28.214,0.000035,,,,0,118,12,0,0,qwen/qwen3.6-flash,Alibaba,standard,false,true,,stop,stop,509,509,MSCodeBase 1-L live arm,test567,false
gen-1786735166-FxTZqYYPAZpBfjniDIUx,2026-08-14 19:19:26.979,0.000035,,,,0,118,12,0,0,qwen/qwen3.6-flash,Alibaba,standard,false,true,,stop,stop,590,590,MSCodeBase 1-L live arm,test567,false
gen-1786735165-272SOPLCZcEXqWWqmqc9,2026-08-14 19:19:25.624,0.000035,,,,0,121,12,0,0,qwen/qwen3.6-flash,Alibaba,standard,false,true,,stop,stop,547,547,MSCodeBase 1-L live arm,test567,false
gen-1786735164-zCxC5x6Mm4ifPFlDPJel,2026-08-14 19:19:24.438,0.000034,,,,0,120,11,0,0,qwen/qwen3.6-flash,Alibaba,standard,false,true,,stop,stop,565,565,MSCodeBase 1-L live arm,test567,false
gen-1786735163-TJ5C4uSQvuEfojQQogXG,2026-08-14 19:19:23.311,0.000034,,,,0,121,11,0,0,qwen/qwen3.6-flash,Alibaba,standard,false,true,,stop,stop,502,502,MSCodeBase 1-L live arm,test567,false
gen-1786735162-CDT4AOHC2kzGAnbQA1Zm,2026-08-14 19:19:22.183,0.000035,,,,0,119,12,0,0,qwen/qwen3.6-flash,Alibaba,standard,false,true,,stop,stop,504,504,MSCodeBase 1-L live arm,test567,false
gen-1786735161-P9P1pxmHtvv1shFYeBh8,2026-08-14 19:19:21.063,0.000034,,,,0,118,11,0,0,qwen/qwen3.6-flash,Alibaba,standard,false,true,,stop,stop,504,504,MSCodeBase 1-L live arm,test567,false
gen-1786735159-gaVoamRxRivXh3Zwt6bn,2026-08-14 19:19:19.878,0.000035,,,,0,121,12,0,0,qwen/qwen3.6-flash,Alibaba,standard,false,true,,stop,stop,571,571,MSCodeBase 1-L live arm,test567,false
gen-1786735158-Mul0bKjJ0HtsO3qEfXGY,2026-08-14 19:19:18.617,0.000035,,,,0,121,12,0,0,qwen/qwen3.6-flash,Alibaba,standard,false,true,,stop,stop,547,547,MSCodeBase 1-L live arm,test567,false
gen-1786735157-TRa3QXVlDFlW7Mi6ORhv,2026-08-14 19:19:17.442,0.000035,,,,0,120,12,0,0,qwen/qwen3.6-flash,Alibaba,standard,false,true,,stop,stop,577,577,MSCodeBase 1-L live arm,test567,false
gen-1786735156-jccKo4hkl17lA4DGSi43,2026-08-14 19:19:16.268,0.000035,,,,0,120,12,0,0,qwen/qwen3.6-flash,Alibaba,standard,false,true,,stop,stop,525,525,MSCodeBase 1-L live arm,test567,false
gen-1786735155-1PyQxEE7t88Og7NWUhJu,2026-08-14 19:19:15.068,0.000034,,,,0,116,12,0,0,qwen/qwen3.6-flash,Alibaba,standard,false,true,,stop,stop,583,583,MSCodeBase 1-L live arm,test567,false
gen-1786735153-vh068i84gwgO5O4Vv4Fu,2026-08-14 19:19:13.992,0.00003,,,,0,121,7,0,0,qwen/qwen3.6-flash,Alibaba,standard,false,true,,stop,stop,480,480,MSCodeBase 1-L live arm,test567,false
gen-1786735152-GippF75e69Wqae6iVkRe,2026-08-14 19:19:12.668,0.000034,,,,0,116,12,0,0,qwen/qwen3.6-flash,Alibaba,standard,false,true,,stop,stop,549,549,MSCodeBase 1-L live arm,test567,false
gen-1786735151-WPXVOUbXYFy1zccwv58b,2026-08-14 19:19:11.505,0.000035,,,,0,118,12,0,0,qwen/qwen3.6-flash,Alibaba,standard,false,true,,stop,stop,546,546,MSCodeBase 1-L live arm,test567,false
gen-1786735150-sfI9s3A0P0gzTQueCHS2,2026-08-14 19:19:10.362,0.000034,,,,0,115,12,0,0,qwen/qwen3.6-flash,Alibaba,standard,false,true,,stop,stop,547,547,MSCodeBase 1-L live arm,test567,false
gen-1786735149-hN1k5r2bAYgQrcWtNhNn,2026-08-14 19:19:09.227,0.000035,,,,0,119,12,0,0,qwen/qwen3.6-flash,Alibaba,standard,false,true,,stop,stop,525,525,MSCodeBase 1-L live arm,test567,false
gen-1786735148-2BXn0iJLDRbmQLhaKD0g,2026-08-14 19:19:08.075,0.000034,,,,0,118,11,0,0,qwen/qwen3.6-flash,Alibaba,standard,false,true,,stop,stop,504,504,MSCodeBase 1-L live arm,test567,false
gen-1786735146-dpWCQMW0MbwGSu8hFcTi,2026-08-14 19:19:06.963,0.000035,,,,0,119,12,0,0,qwen/qwen3.6-flash,Alibaba,standard,false,true,,stop,stop,504,504,MSCodeBase 1-L live arm,test567,false
gen-1786735145-yVFE92Mq2PClTVCcLSxn,2026-08-14 19:19:05.840,0.000036,,,,0,123,12,0,0,qwen/qwen3.6-flash,Alibaba,standard,false,true,,stop,stop,522,522,MSCodeBase 1-L live arm,test567,false
gen-1786735144-WbiEiBk1vfmxPRTQso0V,2026-08-14 19:19:04.683,0.000035,,,,0,119,12,0,0,qwen/qwen3.6-flash,Alibaba,standard,false,true,,stop,stop,530,530,MSCodeBase 1-L live arm,test567,false
gen-1786735143-p95TiHG0JJBCuvtIVwQu,2026-08-14 19:19:03.537,0.000035,,,,0,118,12,0,0,qwen/qwen3.6-flash,Alibaba,standard,false,true,,stop,stop,508,508,MSCodeBase 1-L live arm,test567,false
gen-1786735142-Y5bzS2NgLIwZFUHTVfw4,2026-08-14 19:19:02.361,0.000035,,,,0,120,12,0,0,qwen/qwen3.6-flash,Alibaba,standard,false,true,,stop,stop,569,569,MSCodeBase 1-L live arm,test567,false
gen-1786735141-TfT5UrScir71MdjXD5SP,2026-08-14 19:19:01.206,0.000036,,,,0,123,12,0,0,qwen/qwen3.6-flash,Alibaba,standard,false,true,,stop,stop,547,547,MSCodeBase 1-L live arm,test567,false
gen-1786735139-so2D5cAa7Yshe8lnKfc4,2026-08-14 19:18:59.354,0.000035,,,,0,121,12,0,0,qwen/qwen3.6-flash,Alibaba,standard,false,true,,stop,stop,808,808,MSCodeBase 1-L live arm,test567,false
gen-1786735136-vlPdTbYu4DSJebHpXWGy,2026-08-14 19:18:56.299,0.000037,,,,0,132,12,0,0,qwen/qwen3.6-flash,Alibaba,standard,false,true,,stop,stop,526,526,MSCodeBase 1-L live arm,test567,false
gen-1786735134-U3RTpEO9HNgeCthjwc2a,2026-08-14 19:18:54.951,0.000036,,,,0,125,12,0,0,qwen/qwen3.6-flash,Alibaba,standard,false,true,,stop,stop,560,560,MSCodeBase 1-L live arm,test567,false
gen-1786735133-Kt8kWtgzxvNKSvARUNzq,2026-08-14 19:18:53.818,0.000035,,,,0,126,11,0,0,qwen/qwen3.6-flash,Alibaba,standard,false,true,,stop,stop,528,528,MSCodeBase 1-L live arm,test567,false
gen-1786735132-Q17EBtz4o2nXkZVHH5Hp,2026-08-14 19:18:52.643,0.000037,,,,0,130,12,0,0,qwen/qwen3.6-flash,Alibaba,standard,false,true,,stop,stop,546,546,MSCodeBase 1-L live arm,test567,false
gen-1786735131-7wuVzRdKTBFpWSATnANd,2026-08-14 19:18:51.427,0.000036,,,,0,124,12,0,0,qwen/qwen3.6-flash,Alibaba,standard,false,true,,stop,stop,584,584,MSCodeBase 1-L live arm,test567,false
gen-1786735130-WunQF4SwEvJNSpqNBpiv,2026-08-14 19:18:50.141,0.000035,,,,0,126,11,0,0,qwen/qwen3.6-flash,Alibaba,standard,false,true,,stop,stop,673,673,MSCodeBase 1-L live arm,test567,false
gen-1786735129-ePrTTQoWUEXOF2jGwEQM,2026-08-14 19:18:49.249,0.000032,,,,0,104,12,0,0,qwen/qwen3.6-flash,Alibaba,standard,false,true,,stop,stop,521,521,MSCodeBase 1-L live arm,test567,false
gen-1786735128-4ODTgy94hFlZpbihx8xY,2026-08-14 19:18:48.146,0.000028,,,,0,109,7,0,0,qwen/qwen3.6-flash,Alibaba,standard,false,true,,stop,stop,490,490,MSCodeBase 1-L live arm,test567,false
gen-1786735126-1ALZYy6htC9SGAvshs4s,2026-08-14 19:18:46.996,0.000033,,,,0,109,12,0,0,qwen/qwen3.6-flash,Alibaba,standard,false,true,,stop,stop,527,527,MSCodeBase 1-L live arm,test567,false
gen-1786735125-VnY8xsIszdjPGFkgRHRS,2026-08-14 19:18:45.685,0.000033,,,,0,106,12,0,0,qwen/qwen3.6-flash,Alibaba,standard,false,true,,stop,stop,708,708,MSCodeBase 1-L live arm,test567,false
gen-1786735124-vplwaMOR7jByhvwsiOKi,2026-08-14 19:18:44.352,0.000033,,,,0,107,12,0,0,qwen/qwen3.6-flash,Alibaba,standard,false,true,,stop,stop,710,710,MSCodeBase 1-L live arm,test567,false
gen-1786735122-b7u35nELRXcs5JS06pXU,2026-08-14 19:18:42.870,0.000033,,,,0,106,12,0,0,qwen/qwen3.6-flash,Alibaba,standard,false,true,,stop,stop,561,561,MSCodeBase 1-L live arm,test567,false
gen-1786735121-7P5F27BzzNyL8YitkBYn,2026-08-14 19:18:41.660,0.000033,,,,0,109,12,0,0,qwen/qwen3.6-flash,Alibaba,standard,false,true,,stop,stop,603,603,MSCodeBase 1-L live arm,test567,false
gen-1786735120-CSH8T8MAFVqOt1DuwX8h,2026-08-14 19:18:40.520,0.000026,,,,0,103,7,0,0,qwen/qwen3.6-flash,Alibaba,standard,false,true,,stop,stop,531,531,MSCodeBase 1-L live arm,test567,false
gen-1786735119-4q2zvArP0bodhf9ETvy3,2026-08-14 19:18:39.389,0.000027,,,,0,107,7,0,0,qwen/qwen3.6-flash,Alibaba,standard,false,true,,stop,stop,508,508,MSCodeBase 1-L live arm,test567,false
gen-1786735118-pw0ZCqswx5CAS7siB9Hv,2026-08-14 19:18:38.252,0.000031,,,,0,106,11,0,0,qwen/qwen3.6-flash,Alibaba,standard,false,true,,stop,stop,537,537,MSCodeBase 1-L live arm,test567,false
gen-1786735117-QDAsdwGEBgYFRdzGz8gG,2026-08-14 19:18:37.153,0.000032,,,,0,107,11,0,0,qwen/qwen3.6-flash,Alibaba,standard,false,true,,stop,stop,489,489,MSCodeBase 1-L live arm,test567,false
gen-1786735115-GxCMjE5THTC65l6Wrxwh,2026-08-14 19:18:35.915,0.000032,,,,0,107,11,0,0,qwen/qwen3.6-flash,Alibaba,standard,false,true,,stop,stop,625,625,MSCodeBase 1-L live arm,test567,false
gen-1786735114-rDuDb1A6alQ7c2rxrTeA,2026-08-14 19:18:34.433,0.000031,,,,0,106,11,0,0,qwen/qwen3.6-flash,Alibaba,standard,false,true,,stop,stop,765,765,MSCodeBase 1-L live arm,test567,false
gen-1786735113-wKOjopjZhNNWE18qyAam,2026-08-14 19:18:33.096,0.000032,,,,0,107,11,0,0,qwen/qwen3.6-flash,Alibaba,standard,false,true,,stop,stop,562,562,MSCodeBase 1-L live arm,test567,false
gen-1786735111-ws4D2nBDfZ8r2fLyCaBi,2026-08-14 19:18:31.976,0.000033,,,,0,109,12,0,0,qwen/qwen3.6-flash,Alibaba,standard,false,true,,stop,stop,500,500,MSCodeBase 1-L live arm,test567,false
gen-1786735110-UFAQEauQ2HX2WXDXThja,2026-08-14 19:18:30.867,0.000031,,,,0,106,11,0,0,qwen/qwen3.6-flash,Alibaba,standard,false,true,,stop,stop,510,510,MSCodeBase 1-L live arm,test567,false
gen-1786735109-NxxPNinNdICmRvtLGknk,2026-08-14 19:18:29.743,0.000033,,,,0,108,12,0,0,qwen/qwen3.6-flash,Alibaba,standard,false,true,,stop,stop,519,519,MSCodeBase 1-L live arm,test567,false
gen-1786735108-vWcMrfIkrZyNp8I0dBFz,2026-08-14 19:18:28.606,0.000033,,,,0,108,12,0,0,qwen/qwen3.6-flash,Alibaba,standard,false,true,,stop,stop,533,533,MSCodeBase 1-L live arm,test567,false
gen-1786735107-eLl33VSbDUo8flreXS3b,2026-08-14 19:18:27.403,0.000032,,,,0,104,12,0,0,qwen/qwen3.6-flash,Alibaba,standard,false,true,,stop,stop,593,593,MSCodeBase 1-L live arm,test567,false
gen-1786735106-97MB5pZ8tGCS3jWPLeq8,2026-08-14 19:18:26.332,0.000027,,,,0,106,7,0,0,qwen/qwen3.6-flash,Alibaba,standard,false,true,,stop,stop,474,474,MSCodeBase 1-L live arm,test567,false
gen-1786735105-QLys6vuWDs7L7sXezVj4,2026-08-14 19:18:25.204,0.000031,,,,0,106,11,0,0,qwen/qwen3.6-flash,Alibaba,standard,false,true,,stop,stop,514,514,MSCodeBase 1-L live arm,test567,false
gen-1786735104-gstEwjoAO688Cjz5Anuj,2026-08-14 19:18:24.075,0.000033,,,,0,108,12,0,0,qwen/qwen3.6-flash,Alibaba,standard,false,true,,stop,stop,519,519,MSCodeBase 1-L live arm,test567,false
gen-1786735103-J1pKjDBlxM3YmUhMktLw,2026-08-14 19:18:23.001,0.000027,,,,0,108,7,0,0,qwen/qwen3.6-flash,Alibaba,standard,false,true,,stop,stop,481,481,MSCodeBase 1-L live arm,test567,false
gen-1786735101-t5ZUYSHI5VZ8GBS4yhMy,2026-08-14 19:18:21.627,0.000032,,,,0,108,11,0,0,qwen/qwen3.6-flash,Alibaba,standard,false,true,,stop,stop,579,579,MSCodeBase 1-L live arm,test567,false
gen-1786735100-qgLXjr87khTCGxagJ9ws,2026-08-14 19:18:20.447,0.000033,,,,0,108,12,0,0,qwen/qwen3.6-flash,Alibaba,standard,false,true,,stop,stop,561,561,MSCodeBase 1-L live arm,test567,false
gen-1786735099-imjeJzXiUPRilYt92MdX,2026-08-14 19:18:19.165,0.000027,,,,0,106,7,0,0,qwen/qwen3.6-flash,Alibaba,standard,false,true,,stop,stop,683,683,MSCodeBase 1-L live arm,test567,false
gen-1786735097-Bh08zTBtKQwnCJCJr2NT,2026-08-14 19:18:17.899,0.000033,,,,0,108,12,0,0,qwen/qwen3.6-flash,Alibaba,standard,false,true,,stop,stop,542,542,MSCodeBase 1-L live arm,test567,false
gen-1786735096-Vu6smS6PPfaxwKvgpPBy,2026-08-14 19:18:16.761,0.000033,,,,0,107,12,0,0,qwen/qwen3.6-flash,Alibaba,standard,false,true,,stop,stop,509,509,MSCodeBase 1-L live arm,test567,false
gen-1786735095-0U4PzpmBhC1Box2CGH3K,2026-08-14 19:18:15.492,0.000033,,,,0,107,12,0,0,qwen/qwen3.6-flash,Alibaba,standard,false,true,,stop,stop,634,634,MSCodeBase 1-L live arm,test567,false
gen-1786735094-fmSdLCC3LRlTbTjkwizK,2026-08-14 19:18:14.400,0.000027,,,,0,108,7,0,0,qwen/qwen3.6-flash,Alibaba,standard,false,true,,stop,stop,481,481,MSCodeBase 1-L live arm,test567,false
gen-1786735093-HvUyYvmxCmJ90QjkO2eL,2026-08-14 19:18:13.217,0.000032,,,,0,104,12,0,0,qwen/qwen3.6-flash,Alibaba,standard,false,true,,stop,stop,516,516,MSCodeBase 1-L live arm,test567,false
gen-1786735092-1o5o9ceiW9YcjtLAzPfy,2026-08-14 19:18:12.059,0.000032,,,,0,108,11,0,0,qwen/qwen3.6-flash,Alibaba,standard,false,true,,stop,stop,535,535,MSCodeBase 1-L live arm,test567,false
gen-1786735090-moHD3BUzohAm9CKR5mEO,2026-08-14 19:18:10.920,0.000031,,,,0,104,11,0,0,qwen/qwen3.6-flash,Alibaba,standard,false,true,,stop,stop,548,548,MSCodeBase 1-L live arm,test567,false
gen-1786735089-CH9nw6tjdqSbo0m3VDs5,2026-08-14 19:18:09.661,0.000033,,,,0,106,12,0,0,qwen/qwen3.6-flash,Alibaba,standard,false,true,,stop,stop,546,546,MSCodeBase 1-L live arm,test567,false
gen-1786735088-cD9NzfeY1NDub8i5fYoC,2026-08-14 19:18:08.542,0.000031,,,,0,104,11,0,0,qwen/qwen3.6-flash,Alibaba,standard,false,true,,stop,stop,510,510,MSCodeBase 1-L live arm,test567,false
gen-1786735087-hI4ilBMCtmuFavCEV4xc,2026-08-14 19:18:07.414,0.000032,,,,0,107,11,0,0,qwen/qwen3.6-flash,Alibaba,standard,false,true,,stop,stop,493,493,MSCodeBase 1-L live arm,test567,false
gen-1786735086-2RZhJKuQ7rA73EKT8jbb,2026-08-14 19:18:06.170,0.000032,,,,0,105,12,0,0,qwen/qwen3.6-flash,Alibaba,standard,false,true,,stop,stop,538,538,MSCodeBase 1-L live arm,test567,false
gen-1786735084-NtRNcDOare0uHpQHhvZY,2026-08-14 19:18:04.880,0.000033,,,,0,108,12,0,0,qwen/qwen3.6-flash,Alibaba,standard,false,true,,stop,stop,567,567,MSCodeBase 1-L live arm,test567,false
gen-1786735083-wbdKitQzFPeUkJOl7V7b,2026-08-14 19:18:03.820,0.000028,,,,0,109,7,0,0,qwen/qwen3.6-flash,Alibaba,standard,false,true,,stop,stop,464,464,MSCodeBase 1-L live arm,test567,false
gen-1786735082-fx1ZaSGjgW7cZMbzzsyd,2026-08-14 19:18:02.639,0.000033,,,,0,108,12,0,0,qwen/qwen3.6-flash,Alibaba,standard,false,true,,stop,stop,559,559,MSCodeBase 1-L live arm,test567,false
gen-1786735081-osN9Sl1Ql240hU60KLQ7,2026-08-14 19:18:01.470,0.000032,,,,0,107,11,0,0,qwen/qwen3.6-flash,Alibaba,standard,false,true,,stop,stop,519,519,MSCodeBase 1-L live arm,test567,false
gen-1786735080-7vhbwDLHPBJ9odNWyUAH,2026-08-14 19:18:00.341,0.000033,,,,0,108,12,0,0,qwen/qwen3.6-flash,Alibaba,standard,false,true,,stop,stop,525,525,MSCodeBase 1-L live arm,test567,false
gen-1786735079-ETQj0LvuXzIx9KvJd2Rw,2026-08-14 19:17:59.223,0.000033,,,,0,108,12,0,0,qwen/qwen3.6-flash,Alibaba,standard,false,true,,stop,stop,532,532,MSCodeBase 1-L live arm,test567,false
gen-1786735077-FPy1ENIEmRfAnQqMf0Ho,2026-08-14 19:17:57.975,0.000033,,,,0,106,12,0,0,qwen/qwen3.6-flash,Alibaba,standard,false,true,,stop,stop,624,624,MSCodeBase 1-L live arm,test567,false
gen-1786735076-e0DsXmxKu7tlQrj2KL7A,2026-08-14 19:17:56.850,0.000033,,,,0,112,11,0,0,qwen/qwen3.6-flash,Alibaba,standard,false,true,,stop,stop,510,510,MSCodeBase 1-L live arm,test567,false
gen-1786735075-e8GmrPiHE9v0h4z17nIJ,2026-08-14 19:17:55.584,0.000033,,,,0,106,12,0,0,qwen/qwen3.6-flash,Alibaba,standard,false,true,,stop,stop,661,661,MSCodeBase 1-L live arm,test567,false
gen-1786735074-XQQZA3a9Me0SWT22ClkM,2026-08-14 19:17:54.429,0.000033,,,,0,108,12,0,0,qwen/qwen3.6-flash,Alibaba,standard,false,true,,stop,stop,545,545,MSCodeBase 1-L live arm,test567,false
gen-1786735073-N97qAaI6T7wKU4PSHEWp,2026-08-14 19:17:53.161,0.000033,,,,0,109,12,0,0,qwen/qwen3.6-flash,Alibaba,standard,false,true,,stop,stop,555,555,MSCodeBase 1-L live arm,test567,false
gen-1786735072-6kZBFgezpLCHTCQ1vldg,2026-08-14 19:17:52.007,0.000033,,,,0,106,12,0,0,qwen/qwen3.6-flash,Alibaba,standard,false,true,,stop,stop,534,534,MSCodeBase 1-L live arm,test567,false
gen-1786735070-9NeLENF5f4x6WKo4YloJ,2026-08-14 19:17:50.385,0.000033,,,,0,108,12,0,0,qwen/qwen3.6-flash,Alibaba,standard,false,true,,stop,stop,524,524,MSCodeBase 1-L live arm,test567,false
gen-1786735066-Fnq8TQlyevg8NTgryZLS,2026-08-14 19:17:46.085,0.000008,,,,0,103,8,0,0,deepseek/deepseek-v4-flash-20260423,DigitalOcean,standard,false,true,,stop,stop,3998,3998,MSCodeBase 1-L live arm,test567,false
gen-1786735063-Q63LGqTwFbeHLWjC4qtI,2026-08-14 19:17:43.279,0.000008,,,,0,109,8,0,0,deepseek/deepseek-v4-flash-20260423,DigitalOcean,standard,false,true,,stop,stop,1999,1999,MSCodeBase 1-L live arm,test567,false
gen-1786735061-ZERu2oHB3U7kweeOHuSm,2026-08-14 19:17:41.677,0.000008,,,,0,110,8,0,0,deepseek/deepseek-v4-flash-20260423,DigitalOcean,standard,false,true,,stop,stop,978,978,MSCodeBase 1-L live arm,test567,false
gen-1786735059-HJiSjX2X31yOaae8C863,2026-08-14 19:17:39.904,0.000008,,,,0,109,8,0,0,deepseek/deepseek-v4-flash-20260423,DigitalOcean,standard,false,true,,stop,stop,1155,1155,MSCodeBase 1-L live arm,test567,false
gen-1786735057-zEGFT4v7R68C1XwxwuFI,2026-08-14 19:17:37.389,0.000008,,,,0,107,8,0,0,deepseek/deepseek-v4-flash-20260423,DigitalOcean,standard,false,true,,stop,stop,1908,1908,MSCodeBase 1-L live arm,test567,false
gen-1786735052-A1A3f7spAZ0aJUaJJvMS,2026-08-14 19:17:32.562,0.000008,,,,0,105,8,0,0,deepseek/deepseek-v4-flash-20260423,DigitalOcean,standard,false,true,,stop,stop,4235,4235,MSCodeBase 1-L live arm,test567,false
gen-1786735050-XXq5xNCDwD2jRXXVqGEY,2026-08-14 19:17:30.954,0.000008,,,,0,110,8,0,0,deepseek/deepseek-v4-flash-20260423,DigitalOcean,standard,false,true,,stop,stop,1013,1013,MSCodeBase 1-L live arm,test567,false
gen-1786735048-LtfmNwYSGiGX9zrRsLHx,2026-08-14 19:17:28.962,0.000008,,,,0,102,8,0,0,deepseek/deepseek-v4-flash-20260423,DigitalOcean,standard,false,true,,stop,stop,1359,1359,MSCodeBase 1-L live arm,test567,false
gen-1786735047-dNROUaqKQwlSsvsFZzmi,2026-08-14 19:17:27.013,0.000008,,,,0,109,8,0,0,deepseek/deepseek-v4-flash-20260423,DigitalOcean,standard,false,true,,stop,stop,1316,1316,MSCodeBase 1-L live arm,test567,false
gen-1786735045-T2Uxj9QGRnQyjBsKPSeK,2026-08-14 19:17:25.523,0.000008,,,,0,106,8,0,0,deepseek/deepseek-v4-flash-20260423,DigitalOcean,standard,false,true,,stop,stop,859,859,MSCodeBase 1-L live arm,test567,false
gen-1786735043-jZkfCGubVEYW4mIfhcmA,2026-08-14 19:17:23.714,0.000008,,,,0,107,8,0,0,deepseek/deepseek-v4-flash-20260423,DigitalOcean,standard,false,true,,stop,stop,1146,1146,MSCodeBase 1-L live arm,test567,false
gen-1786735041-xP4HLAEKeXe7X6FSwT7o,2026-08-14 19:17:21.861,0.000008,,,,0,108,8,0,0,deepseek/deepseek-v4-flash-20260423,DigitalOcean,standard,false,true,,stop,stop,1217,1217,MSCodeBase 1-L live arm,test567,false
gen-1786735037-0Olz1B268qtHUFa8vQbK,2026-08-14 19:17:17.627,0.000008,,,,0,108,8,0,0,deepseek/deepseek-v4-flash-20260423,DigitalOcean,standard,false,true,,stop,stop,3637,3637,MSCodeBase 1-L live arm,test567,false
gen-1786735034-bDIClwzaI3jH9H1kLdwM,2026-08-14 19:17:14.316,0.000008,,,,0,107,8,0,0,deepseek/deepseek-v4-flash-20260423,DigitalOcean,standard,false,true,,stop,stop,2676,2676,MSCodeBase 1-L live arm,test567,false
gen-1786735030-lS0cpgrd4xvX2XOExA6U,2026-08-14 19:17:10.524,0.000008,,,,0,110,8,0,0,deepseek/deepseek-v4-flash-20260423,DigitalOcean,standard,false,true,,stop,stop,3173,3173,MSCodeBase 1-L live arm,test567,false
gen-1786735028-fpLiFkhZ5ykCu3WOClNi,2026-08-14 19:17:08.809,0.000008,,,,0,106,8,0,0,deepseek/deepseek-v4-flash-20260423,DigitalOcean,standard,false,true,,stop,stop,1114,1114,MSCodeBase 1-L live arm,test567,false
gen-1786735026-ND0sEGu5cyAdUqHSA2dJ,2026-08-14 19:17:06.634,0.000008,,,,0,108,8,0,0,deepseek/deepseek-v4-flash-20260423,DigitalOcean,standard,false,true,,stop,stop,1550,1550,MSCodeBase 1-L live arm,test567,false
gen-1786735020-hNUE2Wc4K0IV6UwJ5zIV,2026-08-14 19:17:00.512,0.000008,,,,0,110,8,0,0,deepseek/deepseek-v4-flash-20260423,DigitalOcean,standard,false,true,,stop,stop,5499,5499,MSCodeBase 1-L live arm,test567,false
gen-1786735014-t2VmNhcSqI3QQXrVpBkf,2026-08-14 19:16:54.783,0.000008,,,,0,105,8,0,0,deepseek/deepseek-v4-flash-20260423,DigitalOcean,standard,false,true,,stop,stop,5122,5122,MSCodeBase 1-L live arm,test567,false
gen-1786735011-AIej9RkMyaBpnWdtoKqo,2026-08-14 19:16:51.159,0.000008,,,,0,106,8,0,0,deepseek/deepseek-v4-flash-20260423,DigitalOcean,standard,false,true,,stop,stop,2951,2951,MSCodeBase 1-L live arm,test567,false
gen-1786735007-X0WJNdu8CQH6kbUhLUva,2026-08-14 19:16:47.170,0.000008,,,,0,107,8,0,0,deepseek/deepseek-v4-flash-20260423,DigitalOcean,standard,false,true,,stop,stop,3358,3358,MSCodeBase 1-L live arm,test567,false
gen-1786735004-ah5sStuihBwVWkXgHYgR,2026-08-14 19:16:44.072,0.000008,,,,0,111,8,0,0,deepseek/deepseek-v4-flash-20260423,DigitalOcean,standard,false,true,,stop,stop,2486,2486,MSCodeBase 1-L live arm,test567,false
gen-1786735002-YWErlQiZTKggTumoos6g,2026-08-14 19:16:42.147,0.000008,,,,0,108,8,0,0,deepseek/deepseek-v4-flash-20260423,DigitalOcean,standard,false,true,,stop,stop,1295,1295,MSCodeBase 1-L live arm,test567,false
gen-1786734997-bez6divwJcsKJh9iTY5j,2026-08-14 19:16:37.493,0.000008,,,,0,110,8,0,0,deepseek/deepseek-v4-flash-20260423,DigitalOcean,standard,false,true,,stop,stop,4056,4056,MSCodeBase 1-L live arm,test567,false
gen-1786734995-tobjiTJhgLNT754X3pc2,2026-08-14 19:16:35.858,0.000008,,,,0,108,8,0,0,deepseek/deepseek-v4-flash-20260423,DigitalOcean,standard,false,true,,stop,stop,1021,1021,MSCodeBase 1-L live arm,test567,false
gen-1786734993-JLuFPsLoNptUgr3jmzRT,2026-08-14 19:16:33.447,0.000008,,,,0,106,8,0,0,deepseek/deepseek-v4-flash-20260423,DigitalOcean,standard,false,true,,stop,stop,1794,1794,MSCodeBase 1-L live arm,test567,false
gen-1786734991-iglkrPmVoyg2u9PeYndl,2026-08-14 19:16:31.151,0.000008,,,,0,108,8,0,0,deepseek/deepseek-v4-flash-20260423,DigitalOcean,standard,false,true,,stop,stop,1608,1608,MSCodeBase 1-L live arm,test567,false
gen-1786734986-NLIoiMiE8kz0ajAwHllh,2026-08-14 19:16:26.326,0.000008,,,,0,110,8,0,0,deepseek/deepseek-v4-flash-20260423,DigitalOcean,standard,false,true,,stop,stop,4210,4210,MSCodeBase 1-L live arm,test567,false
gen-1786734984-Uf33O7yNipfeXABAJgnQ,2026-08-14 19:16:24.535,0.000008,,,,0,107,8,0,0,deepseek/deepseek-v4-flash-20260423,DigitalOcean,standard,false,true,,stop,stop,1120,1120,MSCodeBase 1-L live arm,test567,false
gen-1786734982-Gg3nUippkJIwLWwojss7,2026-08-14 19:16:22.792,0.000008,,,,0,108,8,0,0,deepseek/deepseek-v4-flash-20260423,DigitalOcean,standard,false,true,,stop,stop,1088,1088,MSCodeBase 1-L live arm,test567,false
gen-1786734981-M9CJcL85u2xrXKUZhogm,2026-08-14 19:16:21.155,0.000008,,,,0,104,8,0,0,deepseek/deepseek-v4-flash-20260423,DigitalOcean,standard,false,true,,stop,stop,952,952,MSCodeBase 1-L live arm,test567,false
gen-1786734978-Y2x438KGkw192wrDAIQY,2026-08-14 19:16:18.856,0.000008,,,,0,108,8,0,0,deepseek/deepseek-v4-flash-20260423,DigitalOcean,standard,false,true,,stop,stop,1651,1651,MSCodeBase 1-L live arm,test567,false
gen-1786734976-DuxufP86Crjc8YPQE2m4,2026-08-14 19:16:16.411,0.000008,,,,0,103,8,0,0,deepseek/deepseek-v4-flash-20260423,DigitalOcean,standard,false,true,,stop,stop,1702,1702,MSCodeBase 1-L live arm,test567,false
gen-1786734974-33XlFusBXBfUkMIcWgZv,2026-08-14 19:16:14.766,0.000008,,,,0,106,8,0,0,deepseek/deepseek-v4-flash-20260423,DigitalOcean,standard,false,true,,stop,stop,931,931,MSCodeBase 1-L live arm,test567,false
gen-1786734971-RGeaZEYBENI9M7iL2Ntt,2026-08-14 19:16:11.766,0.000008,,,,0,103,8,0,0,deepseek/deepseek-v4-flash-20260423,DigitalOcean,standard,false,true,,stop,stop,2287,2287,MSCodeBase 1-L live arm,test567,false
gen-1786734970-W0PRivWTFIq1VqzEjNie,2026-08-14 19:16:10.100,0.000008,,,,0,105,8,0,0,deepseek/deepseek-v4-flash-20260423,DigitalOcean,standard,false,true,,stop,stop,1056,1056,MSCodeBase 1-L live arm,test567,false
gen-1786734968-8mkDjrHyOYvdMb7scIOy,2026-08-14 19:16:08.192,0.000008,,,,0,106,8,0,0,deepseek/deepseek-v4-flash-20260423,DigitalOcean,standard,false,true,,stop,stop,1316,1316,MSCodeBase 1-L live arm,test567,false
gen-1786734965-Gb7gDUCOIHZj0yWjhDhE,2026-08-14 19:16:05.794,0.000008,,,,0,109,8,0,0,deepseek/deepseek-v4-flash-20260423,DigitalOcean,standard,false,true,,stop,stop,1821,1821,MSCodeBase 1-L live arm,test567,false
gen-1786734963-TQRkXXslzDV4KHtLYART,2026-08-14 19:16:03.915,0.000008,,,,0,112,8,0,0,deepseek/deepseek-v4-flash-20260423,DigitalOcean,standard,false,true,,stop,stop,1287,1287,MSCodeBase 1-L live arm,test567,false
gen-1786734962-Bx5hB28gQ6Zg0jTtqD25,2026-08-14 19:16:02.225,0.000008,,,,0,107,8,0,0,deepseek/deepseek-v4-flash-20260423,DigitalOcean,standard,false,true,,stop,stop,1104,1104,MSCodeBase 1-L live arm,test567,false
gen-1786734959-ihR2L2NSjS43wVxbKkBP,2026-08-14 19:15:59.448,0.000008,,,,0,106,8,0,0,deepseek/deepseek-v4-flash-20260423,DigitalOcean,standard,false,true,,stop,stop,2191,2191,MSCodeBase 1-L live arm,test567,false
gen-1786734957-gpnI4zwww644SuHL0q7P,2026-08-14 19:15:57.969,0.000008,,,,0,107,8,0,0,deepseek/deepseek-v4-flash-20260423,DigitalOcean,standard,false,true,,stop,stop,882,882,MSCodeBase 1-L live arm,test567,false
gen-1786734956-WMF045YswI3GM5LIWlDB,2026-08-14 19:15:56.596,0.000009,,,,0,115,8,0,0,deepseek/deepseek-v4-flash-20260423,DigitalOcean,standard,false,true,,stop,stop,763,763,MSCodeBase 1-L live arm,test567,false
gen-1786734954-KED1XtVuo7Xp0G3uHpwD,2026-08-14 19:15:54.719,0.000008,,,,0,111,8,0,0,deepseek/deepseek-v4-flash-20260423,DigitalOcean,standard,false,true,,stop,stop,1297,1297,MSCodeBase 1-L live arm,test567,false
gen-1786734950-dv6b1BUgHsYt2Q0GHSGX,2026-08-14 19:15:50.946,0.000009,,,,0,120,8,0,0,deepseek/deepseek-v4-flash-20260423,DigitalOcean,standard,false,true,,stop,stop,3197,3197,MSCodeBase 1-L live arm,test567,false
gen-1786734946-DlofkHye8gYwblsUN9LO,2026-08-14 19:15:46.913,0.000008,,,,0,113,8,0,0,deepseek/deepseek-v4-flash-20260423,DigitalOcean,standard,false,true,,stop,stop,3453,3453,MSCodeBase 1-L live arm,test567,false
gen-1786734945-IKSrTtbMJeRjazoIqkvg,2026-08-14 19:15:45.089,0.000009,,,,0,115,8,0,0,deepseek/deepseek-v4-flash-20260423,DigitalOcean,standard,false,true,,stop,stop,1245,1245,MSCodeBase 1-L live arm,test567,false
gen-1786734940-kWWHRaRAsoTzv0mTqj6w,2026-08-14 19:15:40.616,0.000009,,,,0,117,8,0,0,deepseek/deepseek-v4-flash-20260423,DigitalOcean,standard,false,true,,stop,stop,3892,3892,MSCodeBase 1-L live arm,test567,false
gen-1786734938-ilY3yfjG8GXvRtofCnpg,2026-08-14 19:15:38.830,0.000008,,,,0,112,8,0,0,deepseek/deepseek-v4-flash-20260423,DigitalOcean,standard,false,true,,stop,stop,1204,1204,MSCodeBase 1-L live arm,test567,false
gen-1786734936-gr6wlB19Nx8Blavv2qYo,2026-08-14 19:15:36.033,0.000009,,,,0,115,8,0,0,deepseek/deepseek-v4-flash-20260423,DigitalOcean,standard,false,true,,stop,stop,2205,2205,MSCodeBase 1-L live arm,test567,false
gen-1786734932-L34NtZqEpGbVDCEI9HFK,2026-08-14 19:15:32.778,0.000007,,,,0,89,8,0,0,deepseek/deepseek-v4-flash-20260423,DigitalOcean,standard,false,true,,stop,stop,2972,2972,MSCodeBase 1-L live arm,test567,false
gen-1786734929-aQHEdkNL5fEasioYr1BG,2026-08-14 19:15:29.413,0.000007,,,,0,95,8,0,0,deepseek/deepseek-v4-flash-20260423,DigitalOcean,standard,false,true,,stop,stop,2797,2797,MSCodeBase 1-L live arm,test567,false
gen-1786734928-rTluPGEdSWgaIfAlqhDN,2026-08-14 19:15:28.163,0.000007,,,,0,96,8,0,0,deepseek/deepseek-v4-flash-20260423,DigitalOcean,standard,false,true,,stop,stop,668,668,MSCodeBase 1-L live arm,test567,false
gen-1786734926-V560RXwA9zr2DUMMqP3O,2026-08-14 19:15:26.316,0.000007,,,,0,95,8,0,0,deepseek/deepseek-v4-flash-20260423,DigitalOcean,standard,false,true,,stop,stop,1266,1266,MSCodeBase 1-L live arm,test567,false
gen-1786734923-0X4Lo9CtDHb95dmgHL0s,2026-08-14 19:15:23.048,0.000007,,,,0,94,8,0,0,deepseek/deepseek-v4-flash-20260423,DigitalOcean,standard,false,true,,stop,stop,2700,2700,MSCodeBase 1-L live arm,test567,false
gen-1786734917-ZSQIzvTS4czX05z1WNPA,2026-08-14 19:15:17.842,0.000007,,,,0,93,8,0,0,deepseek/deepseek-v4-flash-20260423,DigitalOcean,standard,false,true,,stop,stop,4611,4611,MSCodeBase 1-L live arm,test567,false
gen-1786734914-Rol7NkrqxebHO6TBVN8r,2026-08-14 19:15:14.843,0.000007,,,,0,96,8,0,0,deepseek/deepseek-v4-flash-20260423,DigitalOcean,standard,false,true,,stop,stop,2427,2427,MSCodeBase 1-L live arm,test567,false
gen-1786734910-wZNFAwL2GlS8MC2WPx1v,2026-08-14 19:15:10.914,0.000007,,,,0,90,8,0,0,deepseek/deepseek-v4-flash-20260423,DigitalOcean,standard,false,true,,stop,stop,3353,3353,MSCodeBase 1-L live arm,test567,false
gen-1786734907-ymOg1yU0W9UAezIv58p0,2026-08-14 19:15:07.445,0.000007,,,,0,95,8,0,0,deepseek/deepseek-v4-flash-20260423,DigitalOcean,standard,false,true,,stop,stop,2881,2881,MSCodeBase 1-L live arm,test567,false
gen-1786734905-PW3ldhTqfbjvPOjE5E2Z,2026-08-14 19:15:05.715,0.000007,,,,0,92,8,0,0,deepseek/deepseek-v4-flash-20260423,DigitalOcean,standard,false,true,,stop,stop,1136,1136,MSCodeBase 1-L live arm,test567,false
gen-1786734903-JfRb3KbtWFixTxp7JCSm,2026-08-14 19:15:03.924,0.000007,,,,0,93,8,0,0,deepseek/deepseek-v4-flash-20260423,DigitalOcean,standard,false,true,,stop,stop,1202,1202,MSCodeBase 1-L live arm,test567,false
gen-1786734898-xNkm48vV4m4UIgiXhQrj,2026-08-14 19:14:58.344,0.000007,,,,0,93,8,0,0,deepseek/deepseek-v4-flash-20260423,DigitalOcean,standard,false,true,,stop,stop,4999,4999,MSCodeBase 1-L live arm,test567,false
gen-1786734895-ESE0ky6QjuZGz9btmJOf,2026-08-14 19:14:55.064,0.000007,,,,0,93,8,0,0,deepseek/deepseek-v4-flash-20260423,DigitalOcean,standard,false,true,,stop,stop,2504,2504,MSCodeBase 1-L live arm,test567,false
gen-1786734887-S7TLV0kTJrl3kjrbGsgX,2026-08-14 19:14:47.837,0.000007,,,,0,94,8,0,0,deepseek/deepseek-v4-flash-20260423,DigitalOcean,standard,false,true,,stop,stop,4511,4511,MSCodeBase 1-L live arm,test567,false
gen-1786734885-cBv66olPPb0jyqRdCLxx,2026-08-14 19:14:45.712,0.000007,,,,0,96,8,0,0,deepseek/deepseek-v4-flash-20260423,DigitalOcean,standard,false,true,,stop,stop,1533,1533,MSCodeBase 1-L live arm,test567,false
gen-1786734883-YRHi6HlSFVKb93vaoS9i,2026-08-14 19:14:43.900,0.000007,,,,0,92,8,0,0,deepseek/deepseek-v4-flash-20260423,DigitalOcean,standard,false,true,,stop,stop,1222,1222,MSCodeBase 1-L live arm,test567,false
gen-1786734882-vr88M9a6tbStEIHShW5j,2026-08-14 19:14:42.164,0.000007,,,,0,94,8,0,0,deepseek/deepseek-v4-flash-20260423,DigitalOcean,standard,false,true,,stop,stop,1120,1120,MSCodeBase 1-L live arm,test567,false
gen-1786734880-FRelSHnRKkaEheDtF6PQ,2026-08-14 19:14:40.015,0.000007,,,,0,95,8,0,0,deepseek/deepseek-v4-flash-20260423,DigitalOcean,standard,false,true,,stop,stop,1545,1545,MSCodeBase 1-L live arm,test567,false
gen-1786734877-AigOD1inMfEu3mhqjiJP,2026-08-14 19:14:37.681,0.000007,,,,0,91,8,0,0,deepseek/deepseek-v4-flash-20260423,DigitalOcean,standard,false,true,,stop,stop,1752,1752,MSCodeBase 1-L live arm,test567,false
gen-1786734875-GxOlNocDc0NuPfxXmEnd,2026-08-14 19:14:35.813,0.000007,,,,0,92,8,0,0,deepseek/deepseek-v4-flash-20260423,DigitalOcean,standard,false,true,,stop,stop,1281,1281,MSCodeBase 1-L live arm,test567,false
gen-1786734873-v1BXv8R1ZcOUt86bMiDB,2026-08-14 19:14:33.983,0.000007,,,,0,93,8,0,0,deepseek/deepseek-v4-flash-20260423,DigitalOcean,standard,false,true,,stop,stop,1152,1152,MSCodeBase 1-L live arm,test567,false
gen-1786734872-9zUa1sXdakKs5li6Ru98,2026-08-14 19:14:32.212,0.000007,,,,0,96,8,0,0,deepseek/deepseek-v4-flash-20260423,DigitalOcean,standard,false,true,,stop,stop,1174,1174,MSCodeBase 1-L live arm,test567,false
gen-1786734869-tPxom93b6ZHxleUvI1z3,2026-08-14 19:14:29.491,0.000007,,,,0,94,8,0,0,deepseek/deepseek-v4-flash-20260423,DigitalOcean,standard,false,true,,stop,stop,2136,2136,MSCodeBase 1-L live arm,test567,false
gen-1786734866-OjfYxuhZYywjDjV9VroI,2026-08-14 19:14:26.722,0.000007,,,,0,95,8,0,0,deepseek/deepseek-v4-flash-20260423,DigitalOcean,standard,false,true,,stop,stop,2176,2176,MSCodeBase 1-L live arm,test567,false
gen-1786734865-sq2kvLcQ3ZxjGaCPBLDd,2026-08-14 19:14:25.145,0.000007,,,,0,93,8,0,0,deepseek/deepseek-v4-flash-20260423,DigitalOcean,standard,false,true,,stop,stop,981,981,MSCodeBase 1-L live arm,test567,false
gen-1786734862-zn4iSKorA6DF8Ha2Xz3f,2026-08-14 19:14:22.865,0.000007,,,,0,94,8,0,0,deepseek/deepseek-v4-flash-20260423,DigitalOcean,standard,false,true,,stop,stop,1693,1693,MSCodeBase 1-L live arm,test567,false
gen-1786734858-CrhxPF0Y5khcEU6mSBw1,2026-08-14 19:14:18.383,0.000007,,,,0,94,8,0,0,deepseek/deepseek-v4-flash-20260423,DigitalOcean,standard,false,true,,stop,stop,3886,3886,MSCodeBase 1-L live arm,test567,false
gen-1786734853-6F1OTdJEg8n61tncVUYN,2026-08-14 19:14:13.735,0.000007,,,,0,95,8,0,0,deepseek/deepseek-v4-flash-20260423,DigitalOcean,standard,false,true,,stop,stop,4038,4038,MSCodeBase 1-L live arm,test567,false
gen-1786734851-Agph3UNJTnyC9bMm9sJp,2026-08-14 19:14:11.699,0.000007,,,,0,93,8,0,0,deepseek/deepseek-v4-flash-20260423,DigitalOcean,standard,false,true,,stop,stop,1445,1445,MSCodeBase 1-L live arm,test567,false
gen-1786734849-PumnP6homW1mRgk9eeUc,2026-08-14 19:14:09.102,0.000007,,,,0,95,8,0,0,deepseek/deepseek-v4-flash-20260423,DigitalOcean,standard,false,true,,stop,stop,2010,2010,MSCodeBase 1-L live arm,test567,false
gen-1786734846-LN4qVy3lj57Cfb6TiMll,2026-08-14 19:14:06.870,0.000007,,,,0,91,8,0,0,deepseek/deepseek-v4-flash-20260423,DigitalOcean,standard,false,true,,stop,stop,1645,1645,MSCodeBase 1-L live arm,test567,false
gen-1786734844-qWM9iCXNuYjuaW5iITuh,2026-08-14 19:14:04.101,0.000007,,,,0,95,8,0,0,deepseek/deepseek-v4-flash-20260423,DigitalOcean,standard,false,true,,stop,stop,1840,1840,MSCodeBase 1-L live arm,test567,false
gen-1786734842-5AnFVEAdin3uVSHYv8uk,2026-08-14 19:14:02.252,0.000007,,,,0,91,8,0,0,deepseek/deepseek-v4-flash-20260423,DigitalOcean,standard,false,true,,stop,stop,1266,1266,MSCodeBase 1-L live arm,test567,false
gen-1786734839-gpVJnz7jQkYfnAttSzDB,2026-08-14 19:13:59.313,0.000007,,,,0,93,8,0,0,deepseek/deepseek-v4-flash-20260423,DigitalOcean,standard,false,true,,stop,stop,2344,2344,MSCodeBase 1-L live arm,test567,false
gen-1786734837-KfF2SFUvD8ECvaEtoVE2,2026-08-14 19:13:57.431,0.000007,,,,0,90,8,0,0,deepseek/deepseek-v4-flash-20260423,DigitalOcean,standard,false,true,,stop,stop,1295,1295,MSCodeBase 1-L live arm,test567,false
gen-1786734834-4a0effkpsJ7rmnxw7vdB,2026-08-14 19:13:54.230,0.000007,,,,0,92,8,0,0,deepseek/deepseek-v4-flash-20260423,DigitalOcean,standard,false,true,,stop,stop,2622,2622,MSCodeBase 1-L live arm,test567,false
gen-1786734832-xcvjncxBLXnUTDZf7jyU,2026-08-14 19:13:52.210,0.000007,,,,0,92,8,0,0,deepseek/deepseek-v4-flash-20260423,DigitalOcean,standard,false,true,,stop,stop,1426,1426,MSCodeBase 1-L live arm,test567,false
gen-1786734830-uaioQ8VJQ9C441V0UPL6,2026-08-14 19:13:50.120,0.000007,,,,0,96,8,0,0,deepseek/deepseek-v4-flash-20260423,DigitalOcean,standard,false,true,,stop,stop,1498,1498,MSCodeBase 1-L live arm,test567,false
gen-1786734828-axHwI9LYXrge2UwRLQlh,2026-08-14 19:13:48.030,0.000007,,,,0,97,8,0,0,deepseek/deepseek-v4-flash-20260423,DigitalOcean,standard,false,true,,stop,stop,1325,1325,MSCodeBase 1-L live arm,test567,false
gen-1786734823-gP34h4nETC4avs4qJfaq,2026-08-14 19:13:43.617,0.000007,,,,0,93,8,0,0,deepseek/deepseek-v4-flash-20260423,DigitalOcean,standard,false,true,,stop,stop,2462,2462,MSCodeBase 1-L live arm,test567,false
gen-1786734818-hN1gt3Gyrc23E7aGA4Jp,2026-08-14 19:13:38.832,0.000007,,,,0,93,8,0,0,deepseek/deepseek-v4-flash-20260423,DigitalOcean,standard,false,true,,stop,stop,4211,4211,MSCodeBase 1-L live arm,test567,false
gen-1786734813-iiqEhTajvHY41LurIBBg,2026-08-14 19:13:33.083,0.000007,,,,0,95,8,0,0,deepseek/deepseek-v4-flash-20260423,DigitalOcean,standard,false,true,,stop,stop,5177,5177,MSCodeBase 1-L live arm,test567,false
gen-1786734811-P8mXT7KfRyqDwjKcQDVN,2026-08-14 19:13:30.999,0.000007,,,,0,96,8,0,0,deepseek/deepseek-v4-flash-20260423,DigitalOcean,standard,false,true,,stop,stop,1472,1472,MSCodeBase 1-L live arm,test567,false
gen-1786734808-t5p3lEZ5fo7ZGy8GmjAu,2026-08-14 19:13:28.119,0.000007,,,,0,93,8,0,0,deepseek/deepseek-v4-flash-20260423,DigitalOcean,standard,false,true,,stop,stop,2024,2024,MSCodeBase 1-L live arm,test567,false
gen-1786734804-P4CFOIt6pLENSvGopbSd,2026-08-14 19:13:24.253,0.000007,,,,0,98,8,0,0,deepseek/deepseek-v4-flash-20260423,DigitalOcean,standard,false,true,,stop,stop,1250,1250,MSCodeBase 1-L live arm,test567,false
gen-1786734801-kT3NE4IDukFdHoLrJ8xF,2026-08-14 19:13:21.767,0.000007,,,,0,92,8,0,0,deepseek/deepseek-v4-flash-20260423,DigitalOcean,standard,false,true,,stop,stop,1905,1905,MSCodeBase 1-L live arm,test567,false
gen-1786734799-vim3KeusWAsCUVTD7CCp,2026-08-14 19:13:19.940,0.000007,,,,0,95,8,0,0,deepseek/deepseek-v4-flash-20260423,DigitalOcean,standard,false,true,,stop,stop,1207,1207,MSCodeBase 1-L live arm,test567,false
gen-1786734797-603DFplYA0dmVib8tkVE,2026-08-14 19:13:17.134,0.000007,,,,0,95,8,0,0,deepseek/deepseek-v4-flash-20260423,DigitalOcean,standard,false,true,,stop,stop,2215,2215,MSCodeBase 1-L live arm,test567,false
gen-1786734794-RkngQDuyOzWVgeRSfzWo,2026-08-14 19:13:14.789,0.000007,,,,0,92,8,0,0,deepseek/deepseek-v4-flash-20260423,DigitalOcean,standard,false,true,,stop,stop,1710,1710,MSCodeBase 1-L live arm,test567,false
gen-1786734793-ZUqmJUitmIq3RnYDOuvK,2026-08-14 19:13:13.040,0.000007,,,,0,96,8,0,0,deepseek/deepseek-v4-flash-20260423,DigitalOcean,standard,false,true,,stop,stop,1068,1068,MSCodeBase 1-L live arm,test567,false
gen-1786734792-i2hKsim92O3n7oXeoESk,2026-08-14 19:13:12.078,0.00001,,,,0,115,8,0,0,nvidia/nemotron-3.5-lightning-20260807,DeepInfra,standard,false,true,,stop,stop,678,678,MSCodeBase 1-L live arm,test567,false
gen-1786734791-rYGKlUPjyTDfI5J5syA8,2026-08-14 19:13:11.038,0.000011,,,,0,120,8,0,0,nvidia/nemotron-3.5-lightning-20260807,DeepInfra,standard,false,true,,stop,stop,437,437,MSCodeBase 1-L live arm,test567,false
gen-1786734789-E11yovsEwWPyrEAlRQoK,2026-08-14 19:13:09.948,0.000011,,,,0,119,8,0,0,nvidia/nemotron-3.5-lightning-20260807,DeepInfra,standard,false,true,,stop,stop,503,503,MSCodeBase 1-L live arm,test567,false
gen-1786734788-PGnCG8hhN5RM9k2uMLRB,2026-08-14 19:13:08.777,0.000011,,,,0,121,8,0,0,nvidia/nemotron-3.5-lightning-20260807,DeepInfra,standard,false,true,,stop,stop,575,575,MSCodeBase 1-L live arm,test567,false
gen-1786734787-urxaz6XKY8m34MegjpDG,2026-08-14 19:13:07.766,0.00001,,,,0,118,8,0,0,nvidia/nemotron-3.5-lightning-20260807,DeepInfra,standard,false,true,,stop,stop,408,408,MSCodeBase 1-L live arm,test567,false
gen-1786734786-gvyCEmx8xUP7zXWYYzb2,2026-08-14 19:13:06.601,0.00001,,,,0,117,8,0,0,nvidia/nemotron-3.5-lightning-20260807,DeepInfra,standard,false,true,,stop,stop,548,548,MSCodeBase 1-L live arm,test567,false
gen-1786734785-Dj11wMJ6ETJ5HUORIYw1,2026-08-14 19:13:05.476,0.000011,,,,0,122,8,0,0,nvidia/nemotron-3.5-lightning-20260807,DeepInfra,standard,false,true,,stop,stop,466,466,MSCodeBase 1-L live arm,test567,false
gen-1786734784-0zT4Q87gQ7bftkuxsIgY,2026-08-14 19:13:04.046,0.00001,,,,0,116,8,0,0,nvidia/nemotron-3.5-lightning-20260807,DeepInfra,standard,false,true,,stop,stop,827,827,MSCodeBase 1-L live arm,test567,false
gen-1786734782-Ik0Azay4qzv64YAgGXcK,2026-08-14 19:13:02.530,0.000011,,,,0,121,8,0,0,nvidia/nemotron-3.5-lightning-20260807,DeepInfra,standard,false,true,,stop,stop,635,635,MSCodeBase 1-L live arm,test567,false
gen-1786734779-PTYE2HsxEwTajkKOJNia,2026-08-14 19:12:59.935,0.00001,,,,0,118,8,0,0,nvidia/nemotron-3.5-lightning-20260807,DeepInfra,standard,false,true,,stop,stop,529,529,MSCodeBase 1-L live arm,test567,false
gen-1786734778-9Z3m5ZI8Litz3UbUHWmb,2026-08-14 19:12:58.718,0.00001,,,,0,118,8,0,0,nvidia/nemotron-3.5-lightning-20260807,DeepInfra,standard,false,true,,stop,stop,620,620,MSCodeBase 1-L live arm,test567,false
gen-1786734777-4aLohjMPisPsRDqxt8F6,2026-08-14 19:12:57.706,0.000011,,,,0,121,8,0,0,nvidia/nemotron-3.5-lightning-20260807,DeepInfra,standard,false,true,,stop,stop,389,389,MSCodeBase 1-L live arm,test567,false
gen-1786734776-SmuXMCWE1xHmi0XDRT44,2026-08-14 19:12:56.464,0.000011,,,,0,121,8,0,0,nvidia/nemotron-3.5-lightning-20260807,DeepInfra,standard,false,true,,stop,stop,634,634,MSCodeBase 1-L live arm,test567,false
gen-1786734775-VqzFsCNqWIWMT9wniIeh,2026-08-14 19:12:55.043,0.000011,,,,0,119,8,0,0,nvidia/nemotron-3.5-lightning-20260807,DeepInfra,standard,false,true,,stop,stop,815,815,MSCodeBase 1-L live arm,test567,false
gen-1786734773-mbmHkaRJLzCtBgSiuTXQ,2026-08-14 19:12:53.796,0.000011,,,,0,122,8,0,0,nvidia/nemotron-3.5-lightning-20260807,DeepInfra,standard,false,true,,stop,stop,656,656,MSCodeBase 1-L live arm,test567,false
gen-1786734772-KbBNGJjZmJEDcAgSdSQD,2026-08-14 19:12:52.917,0.000011,,,,0,119,8,0,0,nvidia/nemotron-3.5-lightning-20260807,DeepInfra,standard,false,true,,stop,stop,278,278,MSCodeBase 1-L live arm,test567,false
gen-1786734772-JcrJOp7rBFCi45VkT3X3,2026-08-14 19:12:52.021,0.000011,,,,0,121,8,0,0,nvidia/nemotron-3.5-lightning-20260807,DeepInfra,standard,false,true,,stop,stop,273,273,MSCodeBase 1-L live arm,test567,false
gen-1786734771-qesU4cNkTEL0sWFqbExA,2026-08-14 19:12:51.121,0.000011,,,,0,123,8,0,0,nvidia/nemotron-3.5-lightning-20260807,DeepInfra,standard,false,true,,stop,stop,276,276,MSCodeBase 1-L live arm,test567,false
gen-1786734770-wZFiPILYYHFEVKpHlsvx,2026-08-14 19:12:50.139,0.00001,,,,0,118,8,0,0,nvidia/nemotron-3.5-lightning-20260807,DeepInfra,standard,false,true,,stop,stop,368,368,MSCodeBase 1-L live arm,test567,false
gen-1786734769-cZfuIjmHaoLAtk6BgcFN,2026-08-14 19:12:49.135,0.000011,,,,0,119,8,0,0,nvidia/nemotron-3.5-lightning-20260807,DeepInfra,standard,false,true,,stop,stop,372,372,MSCodeBase 1-L live arm,test567,false
gen-1786734767-56kKEZtG9QPM8vIkAvHS,2026-08-14 19:12:47.994,0.000011,,,,0,120,8,0,0,nvidia/nemotron-3.5-lightning-20260807,DeepInfra,standard,false,true,,stop,stop,490,490,MSCodeBase 1-L live arm,test567,false
gen-1786734766-JtYJkjNOJCdOst5KGGdB,2026-08-14 19:12:46.906,0.000011,,,,0,123,8,0,0,nvidia/nemotron-3.5-lightning-20260807,DeepInfra,standard,false,true,,stop,stop,483,483,MSCodeBase 1-L live arm,test567,false
gen-1786734765-5SuuZuvOWd0fvXsXM4zF,2026-08-14 19:12:45.729,0.000011,,,,0,121,8,0,0,nvidia/nemotron-3.5-lightning-20260807,DeepInfra,standard,false,true,,stop,stop,585,585,MSCodeBase 1-L live arm,test567,false
gen-1786734764-irMv6SAz4MsjFClEIH0b,2026-08-14 19:12:44.072,0.000011,,,,0,122,8,0,0,nvidia/nemotron-3.5-lightning-20260807,DeepInfra,standard,false,true,,stop,stop,707,707,MSCodeBase 1-L live arm,test567,false
gen-1786734760-TSi58S9Kl9FjrqdZwVmd,2026-08-14 19:12:40.328,0.000011,,,,0,122,8,0,0,nvidia/nemotron-3.5-lightning-20260807,DeepInfra,standard,false,true,,stop,stop,767,767,MSCodeBase 1-L live arm,test567,false
gen-1786734757-GKXCYDN78KzQuX2whkhk,2026-08-14 19:12:37.942,0.00001,,,,0,118,8,0,0,nvidia/nemotron-3.5-lightning-20260807,DeepInfra,standard,false,true,,stop,stop,391,391,MSCodeBase 1-L live arm,test567,false
gen-1786734757-dblMjV2BGvaxss4MQ8RU,2026-08-14 19:12:37.002,0.000011,,,,0,120,8,0,0,nvidia/nemotron-3.5-lightning-20260807,DeepInfra,standard,false,true,,stop,stop,345,345,MSCodeBase 1-L live arm,test567,false
gen-1786734755-BNP96yIttFsxaBj3TySk,2026-08-14 19:12:35.788,0.000011,,,,0,121,8,0,0,nvidia/nemotron-3.5-lightning-20260807,DeepInfra,standard,false,true,,stop,stop,600,600,MSCodeBase 1-L live arm,test567,false
gen-1786734754-gPYuaMDtYmUjpd9b9D3q,2026-08-14 19:12:34.180,0.000011,,,,0,119,8,0,0,nvidia/nemotron-3.5-lightning-20260807,DeepInfra,standard,false,true,,stop,stop,735,735,MSCodeBase 1-L live arm,test567,false
gen-1786734751-n9oplbMoxVk8d05puRSo,2026-08-14 19:12:31.963,0.000011,,,,0,119,8,0,0,nvidia/nemotron-3.5-lightning-20260807,DeepInfra,standard,false,true,,stop,stop,456,456,MSCodeBase 1-L live arm,test567,false
gen-1786734750-xTi1j14jj2WvN9Stftie,2026-08-14 19:12:30.741,0.00001,,,,0,116,8,0,0,nvidia/nemotron-3.5-lightning-20260807,DeepInfra,standard,false,true,,stop,stop,638,638,MSCodeBase 1-L live arm,test567,false
gen-1786734749-DhrAc8ScnOf7Y6K3Z9PZ,2026-08-14 19:12:29.371,0.000011,,,,0,120,8,0,0,nvidia/nemotron-3.5-lightning-20260807,DeepInfra,standard,false,true,,stop,stop,781,781,MSCodeBase 1-L live arm,test567,false
gen-1786734748-GXAHBreIMqa7GlDFwmbC,2026-08-14 19:12:28.473,0.00001,,,,0,117,8,0,0,nvidia/nemotron-3.5-lightning-20260807,DeepInfra,standard,false,true,,stop,stop,311,311,MSCodeBase 1-L live arm,test567,false
gen-1786734747-ShayZAwwMrnG5W3ok38h,2026-08-14 19:12:27.511,0.000011,,,,0,119,8,0,0,nvidia/nemotron-3.5-lightning-20260807,DeepInfra,standard,false,true,,stop,stop,365,365,MSCodeBase 1-L live arm,test567,false
gen-1786734746-8Px5pBSdmk3rnAdFcTP4,2026-08-14 19:12:26.125,0.00001,,,,0,114,8,0,0,nvidia/nemotron-3.5-lightning-20260807,DeepInfra,standard,false,true,,stop,stop,796,796,MSCodeBase 1-L live arm,test567,false
gen-1786734744-Dts6ZC2poCgAnrNASrdv,2026-08-14 19:12:24.973,0.00001,,,,0,116,8,0,0,nvidia/nemotron-3.5-lightning-20260807,DeepInfra,standard,false,true,,stop,stop,577,577,MSCodeBase 1-L live arm,test567,false
gen-1786734744-UVxk1YaBXeEJiAqcL7MG,2026-08-14 19:12:24.042,0.000011,,,,0,119,8,0,0,nvidia/nemotron-3.5-lightning-20260807,DeepInfra,standard,false,true,,stop,stop,339,339,MSCodeBase 1-L live arm,test567,false
gen-1786734742-uJSZd0VgngXBDHM8f4va,2026-08-14 19:12:22.749,0.000011,,,,0,121,8,0,0,nvidia/nemotron-3.5-lightning-20260807,DeepInfra,standard,false,true,,stop,stop,669,669,MSCodeBase 1-L live arm,test567,false
gen-1786734741-eaWL9d4B2ZAQbKSeghUh,2026-08-14 19:12:21.685,0.000011,,,,0,126,8,0,0,nvidia/nemotron-3.5-lightning-20260807,DeepInfra,standard,false,true,,stop,stop,481,481,MSCodeBase 1-L live arm,test567,false
gen-1786734740-38MmC7XIclFRIpaXQEvd,2026-08-14 19:12:20.406,0.000011,,,,0,121,8,0,0,nvidia/nemotron-3.5-lightning-20260807,DeepInfra,standard,false,true,,stop,stop,678,678,MSCodeBase 1-L live arm,test567,false
gen-1786734739-YtUNMKRx7xHnkJjInJjn,2026-08-14 19:12:18.991,0.000011,,,,0,119,8,0,0,nvidia/nemotron-3.5-lightning-20260807,DeepInfra,standard,false,true,,stop,stop,665,665,MSCodeBase 1-L live arm,test567,false
gen-1786734736-DPQESwp4cLyXCyuD9T37,2026-08-14 19:12:16.648,0.000011,,,,0,119,8,0,0,nvidia/nemotron-3.5-lightning-20260807,DeepInfra,standard,false,true,,stop,stop,452,452,MSCodeBase 1-L live arm,test567,false
gen-1786734735-xQVk51wirr9xbQ3Tqs6q,2026-08-14 19:12:15.406,0.000011,,,,0,125,8,0,0,nvidia/nemotron-3.5-lightning-20260807,DeepInfra,standard,false,true,,stop,stop,665,665,MSCodeBase 1-L live arm,test567,false
gen-1786734733-rRLlITCFNi3qmWSGsLFo,2026-08-14 19:12:13.870,0.000011,,,,0,125,8,0,0,nvidia/nemotron-3.5-lightning-20260807,DeepInfra,standard,false,true,,stop,stop,635,635,MSCodeBase 1-L live arm,test567,false
gen-1786734732-CzBAaYI5CdrUEaW71odJ,2026-08-14 19:12:12.879,0.000011,,,,0,131,8,0,0,nvidia/nemotron-3.5-lightning-20260807,DeepInfra,standard,false,true,,stop,stop,403,403,MSCodeBase 1-L live arm,test567,false
gen-1786734731-SyKX3ZMhCaZ1BZmijkiC,2026-08-14 19:12:11.372,0.000011,,,,0,124,8,0,0,nvidia/nemotron-3.5-lightning-20260807,DeepInfra,standard,false,true,,stop,stop,916,916,MSCodeBase 1-L live arm,test567,false
gen-1786734730-NfqqT7rI0y3hrqqXh7JE,2026-08-14 19:12:10.229,0.000011,,,,0,124,8,0,0,nvidia/nemotron-3.5-lightning-20260807,DeepInfra,standard,false,true,,stop,stop,563,563,MSCodeBase 1-L live arm,test567,false
gen-1786734728-QfPjhbrROIEJjsmBNR0G,2026-08-14 19:12:08.961,0.000011,,,,0,130,8,0,0,nvidia/nemotron-3.5-lightning-20260807,DeepInfra,standard,false,true,,stop,stop,670,670,MSCodeBase 1-L live arm,test567,false
gen-1786734727-4UwLQFTxaTYxp0JIkwHb,2026-08-14 19:12:07.462,0.000011,,,,0,124,8,0,0,nvidia/nemotron-3.5-lightning-20260807,DeepInfra,standard,false,true,,stop,stop,901,901,MSCodeBase 1-L live arm,test567,false
gen-1786734726-wXTQPlJwFlXZXpnyL4Nq,2026-08-14 19:12:06.166,0.000011,,,,0,129,8,0,0,nvidia/nemotron-3.5-lightning-20260807,DeepInfra,standard,false,true,,stop,stop,710,710,MSCodeBase 1-L live arm,test567,false
gen-1786734725-bfRRy3HaF8jO7zWmzYpN,2026-08-14 19:12:05.120,0.000009,,,,0,101,8,0,0,nvidia/nemotron-3.5-lightning-20260807,DeepInfra,standard,false,true,,stop,stop,741,741,MSCodeBase 1-L live arm,test567,false
gen-1786734723-C1wdl9sMFZrVbRr29XZq,2026-08-14 19:12:03.902,0.00001,,,,0,107,8,0,0,nvidia/nemotron-3.5-lightning-20260807,DeepInfra,standard,false,true,,stop,stop,636,636,MSCodeBase 1-L live arm,test567,false
gen-1786734722-VO8zxugetErSE3HT5p1k,2026-08-14 19:12:02.488,0.000009,,,,0,105,8,0,0,nvidia/nemotron-3.5-lightning-20260807,DeepInfra,standard,false,true,,stop,stop,837,837,MSCodeBase 1-L live arm,test567,false
gen-1786734721-suGw49lZ009Dd5heIMBL,2026-08-14 19:12:01.521,0.00001,,,,0,107,8,0,0,nvidia/nemotron-3.5-lightning-20260807,DeepInfra,standard,false,true,,stop,stop,376,376,MSCodeBase 1-L live arm,test567,false
gen-1786734719-R7BhFi8k2OcyA6FNIbDw,2026-08-14 19:11:59.927,0.000009,,,,0,105,8,0,0,nvidia/nemotron-3.5-lightning-20260807,DeepInfra,standard,false,true,,stop,stop,1021,1021,MSCodeBase 1-L live arm,test567,false
gen-1786734718-dvRRlBactXGDZv13ZU7c,2026-08-14 19:11:58.588,0.000009,,,,0,105,8,0,0,nvidia/nemotron-3.5-lightning-20260807,DeepInfra,standard,false,true,,stop,stop,754,754,MSCodeBase 1-L live arm,test567,false
gen-1786734717-rP4vYaqcKpUSfVzxGLG7,2026-08-14 19:11:57.582,0.00001,,,,0,108,8,0,0,nvidia/nemotron-3.5-lightning-20260807,DeepInfra,standard,false,true,,stop,stop,404,404,MSCodeBase 1-L live arm,test567,false
gen-1786734716-1arF3PG4vtGcm62pe8aQ,2026-08-14 19:11:56.179,0.000009,,,,0,104,8,0,0,nvidia/nemotron-3.5-lightning-20260807,DeepInfra,standard,false,true,,stop,stop,797,797,MSCodeBase 1-L live arm,test567,false
gen-1786734714-0z1dhKmz522WFaFXrYpu,2026-08-14 19:11:54.737,0.00001,,,,0,107,8,0,0,nvidia/nemotron-3.5-lightning-20260807,DeepInfra,standard,false,true,,stop,stop,856,856,MSCodeBase 1-L live arm,test567,false
gen-1786734713-QMQbzkHZLJlV0M9v7EgM,2026-08-14 19:11:53.501,0.000009,,,,0,105,8,0,0,nvidia/nemotron-3.5-lightning-20260807,DeepInfra,standard,false,true,,stop,stop,645,645,MSCodeBase 1-L live arm,test567,false
gen-1786734712-l3UXhFwayv07OVA9SUBM,2026-08-14 19:11:52.457,0.000009,,,,0,104,8,0,0,nvidia/nemotron-3.5-lightning-20260807,DeepInfra,standard,false,true,,stop,stop,450,450,MSCodeBase 1-L live arm,test567,false
gen-1786734711-DlUxFUIYvej5AaLFqM6V,2026-08-14 19:11:51.403,0.000009,,,,0,106,8,0,0,nvidia/nemotron-3.5-lightning-20260807,DeepInfra,standard,false,true,,stop,stop,472,472,MSCodeBase 1-L live arm,test567,false
gen-1786734710-JU6ombwP8XSGpvSXLHHn,2026-08-14 19:11:50.214,0.000009,,,,0,106,8,0,0,nvidia/nemotron-3.5-lightning-20260807,DeepInfra,standard,false,true,,stop,stop,591,591,MSCodeBase 1-L live arm,test567,false
gen-1786734708-b6xrEAuOC2YAk10NeTAu,2026-08-14 19:11:48.592,0.000009,,,,0,106,8,0,0,nvidia/nemotron-3.5-lightning-20260807,DeepInfra,standard,false,true,,stop,stop,1024,1024,MSCodeBase 1-L live arm,test567,false
gen-1786734707-O4rY14WYVvPsoUoQZVvT,2026-08-14 19:11:47.243,0.00001,,,,0,108,8,0,0,nvidia/nemotron-3.5-lightning-20260807,DeepInfra,standard,false,true,,stop,stop,762,762,MSCodeBase 1-L live arm,test567,false
gen-1786734706-34BSxqPGBDSg9jslMkJE,2026-08-14 19:11:46.194,0.000009,,,,0,105,8,0,0,nvidia/nemotron-3.5-lightning-20260807,DeepInfra,standard,false,true,,stop,stop,449,449,MSCodeBase 1-L live arm,test567,false
gen-1786734705-PixgWIPqdXEkUkTRal2Y,2026-08-14 19:11:45.088,0.00001,,,,0,107,8,0,0,nvidia/nemotron-3.5-lightning-20260807,DeepInfra,standard,false,true,,stop,stop,506,506,MSCodeBase 1-L live arm,test567,false
gen-1786734703-87Pyfi3qR4kWZU1M49qt,2026-08-14 19:11:43.741,0.00001,,,,0,108,8,0,0,nvidia/nemotron-3.5-lightning-20260807,DeepInfra,standard,false,true,,stop,stop,239,239,MSCodeBase 1-L live arm,test567,false
gen-1786734702-1w6y377M6e2FOIS4KWfU,2026-08-14 19:11:42.371,0.000009,,,,0,104,8,0,0,nvidia/nemotron-3.5-lightning-20260807,DeepInfra,standard,false,true,,stop,stop,754,754,MSCodeBase 1-L live arm,test567,false
gen-1786734701-NOPOsNxDmlTULu089jOX,2026-08-14 19:11:41.121,0.000009,,,,0,105,8,0,0,nvidia/nemotron-3.5-lightning-20260807,DeepInfra,standard,false,true,,stop,stop,663,663,MSCodeBase 1-L live arm,test567,false
gen-1786734699-EK0VvriSgBzJRougJDkt,2026-08-14 19:11:39.987,0.000009,,,,0,106,8,0,0,nvidia/nemotron-3.5-lightning-20260807,DeepInfra,standard,false,true,,stop,stop,546,546,MSCodeBase 1-L live arm,test567,false
gen-1786734698-QBjuiAduaVXqL9AVOPZe,2026-08-14 19:11:38.815,0.00001,,,,0,108,8,0,0,nvidia/nemotron-3.5-lightning-20260807,DeepInfra,standard,false,true,,stop,stop,589,589,MSCodeBase 1-L live arm,test567,false
gen-1786734696-PhgBrDaOALRjI6if6FUv,2026-08-14 19:11:36.747,0.00001,,,,0,107,8,0,0,nvidia/nemotron-3.5-lightning-20260807,DeepInfra,standard,false,true,,stop,stop,1494,1494,MSCodeBase 1-L live arm,test567,false
gen-1786734695-zInauQqWvPdUXJ80vDM4,2026-08-14 19:11:35.396,0.00001,,,,0,107,8,0,0,nvidia/nemotron-3.5-lightning-20260807,DeepInfra,standard,false,true,,stop,stop,767,767,MSCodeBase 1-L live arm,test567,false
gen-1786734694-b3uYzgch80QeAMmvpRqo,2026-08-14 19:11:34.185,0.00001,,,,0,107,8,0,0,nvidia/nemotron-3.5-lightning-20260807,DeepInfra,standard,false,true,,stop,stop,628,628,MSCodeBase 1-L live arm,test567,false
gen-1786734692-r9dUAzG8dIuJXQjy3qiO,2026-08-14 19:11:32.774,0.000009,,,,0,106,8,0,0,nvidia/nemotron-3.5-lightning-20260807,DeepInfra,standard,false,true,,stop,stop,824,824,MSCodeBase 1-L live arm,test567,false
gen-1786734691-YPUqen05SY33mP8p98D8,2026-08-14 19:11:31.271,0.00001,,,,0,107,8,0,0,nvidia/nemotron-3.5-lightning-20260807,DeepInfra,standard,false,true,,stop,stop,925,925,MSCodeBase 1-L live arm,test567,false
gen-1786734690-5BGKIHZQS0tdIQct9FWA,2026-08-14 19:11:30.070,0.000009,,,,0,106,8,0,0,nvidia/nemotron-3.5-lightning-20260807,DeepInfra,standard,false,true,,stop,stop,620,620,MSCodeBase 1-L live arm,test567,false
gen-1786734688-ECkhqMenbIyH40b23vlz,2026-08-14 19:11:28.583,0.000009,,,,0,105,8,0,0,nvidia/nemotron-3.5-lightning-20260807,DeepInfra,standard,false,true,,stop,stop,904,904,MSCodeBase 1-L live arm,test567,false
gen-1786734687-kq8OS2wadlyC27KOZ7ij,2026-08-14 19:11:27.210,0.000009,,,,0,106,8,0,0,nvidia/nemotron-3.5-lightning-20260807,DeepInfra,standard,false,true,,stop,stop,787,787,MSCodeBase 1-L live arm,test567,false
gen-1786734685-j7yBNc8GQpUIrLuW0Y7b,2026-08-14 19:11:25.980,0.000009,,,,0,103,8,0,0,nvidia/nemotron-3.5-lightning-20260807,DeepInfra,standard,false,true,,stop,stop,646,646,MSCodeBase 1-L live arm,test567,false
gen-1786734684-eHvfPxTn4fgYwe49gEX5,2026-08-14 19:11:24.844,0.00001,,,,0,107,8,0,0,nvidia/nemotron-3.5-lightning-20260807,DeepInfra,standard,false,true,,stop,stop,554,554,MSCodeBase 1-L live arm,test567,false
gen-1786734683-W35zQEFCDn682DooKRcR,2026-08-14 19:11:23.245,0.000009,,,,0,105,8,0,0,nvidia/nemotron-3.5-lightning-20260807,DeepInfra,standard,false,true,,stop,stop,1002,1002,MSCodeBase 1-L live arm,test567,false
gen-1786734681-LmpCNfXg87nISGvv3huZ,2026-08-14 19:11:21.945,0.000009,,,,0,106,8,0,0,nvidia/nemotron-3.5-lightning-20260807,DeepInfra,standard,false,true,,stop,stop,683,683,MSCodeBase 1-L live arm,test567,false
gen-1786734680-z4H8m9THKdWyzMXI71K6,2026-08-14 19:11:20.596,0.000009,,,,0,102,8,0,0,nvidia/nemotron-3.5-lightning-20260807,DeepInfra,standard,false,true,,stop,stop,763,763,MSCodeBase 1-L live arm,test567,false
gen-1786734679-ap2PYLNeVxfD5NriQW7i,2026-08-14 19:11:19.440,0.000009,,,,0,103,8,0,0,nvidia/nemotron-3.5-lightning-20260807,DeepInfra,standard,false,true,,stop,stop,309,309,MSCodeBase 1-L live arm,test567,false
gen-1786734678-7oNe2DVPZ4ssCMt8NNGm,2026-08-14 19:11:18.398,0.000009,,,,0,105,8,0,0,nvidia/nemotron-3.5-lightning-20260807,DeepInfra,standard,false,true,,stop,stop,432,432,MSCodeBase 1-L live arm,test567,false
gen-1786734677-86oTX3dRoSUdJqSq7Jqf,2026-08-14 19:11:17.051,0.00001,,,,0,108,8,0,0,nvidia/nemotron-3.5-lightning-20260807,DeepInfra,standard,false,true,,stop,stop,764,764,MSCodeBase 1-L live arm,test567,false
gen-1786734675-tLif4Vu5Z2cwZNqF6zec,2026-08-14 19:11:15.994,0.00001,,,,0,110,8,0,0,nvidia/nemotron-3.5-lightning-20260807,DeepInfra,standard,false,true,,stop,stop,464,464,MSCodeBase 1-L live arm,test567,false
gen-1786734674-p75pz2cRjWJIYpbxnmcd,2026-08-14 19:11:14.738,0.00001,,,,0,107,8,0,0,nvidia/nemotron-3.5-lightning-20260807,DeepInfra,standard,false,true,,stop,stop,684,684,MSCodeBase 1-L live arm,test567,false
gen-1786734673-w16RazFkp6msfEuLaPoz,2026-08-14 19:11:13.769,0.000009,,,,0,105,8,0,0,nvidia/nemotron-3.5-lightning-20260807,DeepInfra,standard,false,true,,stop,stop,375,375,MSCodeBase 1-L live arm,test567,false
gen-1786734672-u7w0xF27R0bxX2PkIrwc,2026-08-14 19:11:12.816,0.00001,,,,0,107,8,0,0,nvidia/nemotron-3.5-lightning-20260807,DeepInfra,standard,false,true,,stop,stop,358,358,MSCodeBase 1-L live arm,test567,false
gen-1786734671-BxFlDg5fUNDwzp7JbBeS,2026-08-14 19:11:11.648,0.00001,,,,0,107,8,0,0,nvidia/nemotron-3.5-lightning-20260807,DeepInfra,standard,false,true,,stop,stop,566,566,MSCodeBase 1-L live arm,test567,false
gen-1786734670-n3CFK3BuzP8hZ3jITngE,2026-08-14 19:11:10.424,0.000009,,,,0,106,8,0,0,nvidia/nemotron-3.5-lightning-20260807,DeepInfra,standard,false,true,,stop,stop,645,645,MSCodeBase 1-L live arm,test567,false
gen-1786734669-G0cgFSswn7cgPizldhvQ,2026-08-14 19:11:09.256,0.00001,,,,0,110,8,0,0,nvidia/nemotron-3.5-lightning-20260807,DeepInfra,standard,false,true,,stop,stop,588,588,MSCodeBase 1-L live arm,test567,false
gen-1786734668-aSYbKEOzE7ulDGqCNJ4s,2026-08-14 19:11:08.282,0.000009,,,,0,105,8,0,0,nvidia/nemotron-3.5-lightning-20260807,DeepInfra,standard,false,true,,stop,stop,369,369,MSCodeBase 1-L live arm,test567,false
gen-1786734667-Dvd3wH3u6cjAjReHLcKS,2026-08-14 19:11:07.020,0.000009,,,,0,106,8,0,0,nvidia/nemotron-3.5-lightning-20260807,DeepInfra,standard,false,true,,stop,stop,681,681,MSCodeBase 1-L live arm,test567,false
gen-1786734666-fJj2lHDvlxg8xRfEr9q1,2026-08-14 19:11:06.138,0.00001,,,,0,108,8,0,0,nvidia/nemotron-3.5-lightning-20260807,DeepInfra,standard,false,true,,stop,stop,306,306,MSCodeBase 1-L live arm,test567,false
gen-1786734665-AKv6mraaX3Zrc7iVkaxc,2026-08-14 19:11:05.085,0.000009,,,,0,105,8,0,0,nvidia/nemotron-3.5-lightning-20260807,DeepInfra,standard,false,true,,stop,stop,471,471,MSCodeBase 1-L live arm,test567,false
gen-1786734663-Ihu8WVACVd5nry4lWtaQ,2026-08-14 19:11:03.883,0.00001,,,,0,109,8,0,0,nvidia/nemotron-3.5-lightning-20260807,DeepInfra,standard,false,true,,stop,stop,618,618,MSCodeBase 1-L live arm,test567,false
gen-1786734663-o9j8sbj08kTWDIKTzU8G,2026-08-14 19:11:03.383,0.000009,,,,0,101,8,0,0,z-ai/glm-4.7-flash-20260119,Cloudflare,standard,false,true,,stop,stop,210,210,MSCodeBase 1-L live arm,test567,false
gen-1786734662-tuDyS5neI8FAiTzWKcfF,2026-08-14 19:11:02.243,0.000006,,-0.000003,,0,107,8,0,64,z-ai/glm-4.7-flash-20260119,DeepInfra,standard,false,true,,stop,stop,562,562,MSCodeBase 1-L live arm,test567,false
gen-1786734660-njAUtNn4T3ZGZw2xQ6AI,2026-08-14 19:11:00.871,0.000006,,-0.000003,,0,108,8,0,64,z-ai/glm-4.7-flash-20260119,DeepInfra,standard,false,true,,stop,stop,761,761,MSCodeBase 1-L live arm,test567,false
gen-1786734659-T8VnwUrq91jKlA1DoyKk,2026-08-14 19:10:59.755,0.000006,,-0.000003,,0,106,8,0,64,z-ai/glm-4.7-flash-20260119,DeepInfra,standard,false,true,,stop,stop,540,540,MSCodeBase 1-L live arm,test567,false
gen-1786734658-i0vmmOnOqqV90swjdv3X,2026-08-14 19:10:58.577,0.000006,,-0.000003,,0,104,8,0,64,z-ai/glm-4.7-flash-20260119,DeepInfra,standard,false,true,,stop,stop,585,585,MSCodeBase 1-L live arm,test567,false
gen-1786734654-SjcEC0SCgU5txcyAW0XY,2026-08-14 19:10:54.806,0.000006,,-0.000003,,0,106,8,0,64,z-ai/glm-4.7-flash-20260119,DeepInfra,standard,false,true,,stop,stop,3168,3168,MSCodeBase 1-L live arm,test567,false
gen-1786734653-VfSriysoKVQEHxvlxh7f,2026-08-14 19:10:53.635,0.000006,,-0.000003,,0,106,8,0,64,z-ai/glm-4.7-flash-20260119,DeepInfra,standard,false,true,,stop,stop,577,577,MSCodeBase 1-L live arm,test567,false
gen-1786734652-qBDNOfu5iC5A2IvweaPR,2026-08-14 19:10:52.774,0.000009,,,,0,101,8,0,0,z-ai/glm-4.7-flash-20260119,Cloudflare,standard,false,true,,stop,stop,274,274,MSCodeBase 1-L live arm,test567,false
gen-1786734651-QvEWr90ebNvItYRZNi73,2026-08-14 19:10:51.415,0.000006,,-0.000003,,0,108,8,0,64,z-ai/glm-4.7-flash-20260119,DeepInfra,standard,false,true,,stop,stop,762,762,MSCodeBase 1-L live arm,test567,false
gen-1786734650-mV4uJWoTvAG90PB320GB,2026-08-14 19:10:50.182,0.000006,,-0.000003,,0,104,8,0,64,z-ai/glm-4.7-flash-20260119,DeepInfra,standard,false,true,,stop,stop,653,653,MSCodeBase 1-L live arm,test567,false
gen-1786734638-kdeNt66vpBSDBueOUfAH,2026-08-14 19:10:38.739,0.000006,,-0.000003,,0,103,8,0,64,z-ai/glm-4.7-flash-20260119,Venice,standard,false,true,,stop,stop,750,750,MSCodeBase 1-L live arm,test567,false
gen-1786734637-DHSTdP2TUFZrcIAf9OCL,2026-08-14 19:10:37.615,0.000006,,-0.000003,,0,108,8,0,64,z-ai/glm-4.7-flash-20260119,DeepInfra,standard,false,true,,stop,stop,542,542,MSCodeBase 1-L live arm,test567,false
gen-1786734636-FJ7rvpRwDIHjYIw8VdT7,2026-08-14 19:10:36.213,0.000006,,-0.000003,,0,104,8,0,64,z-ai/glm-4.7-flash-20260119,DeepInfra,standard,false,true,,stop,stop,802,802,MSCodeBase 1-L live arm,test567,false
gen-1786734635-tBYHbih3Znz4ewqBdYxz,2026-08-14 19:10:35.138,0.000006,,-0.000003,,0,107,8,0,64,z-ai/glm-4.7-flash-20260119,DeepInfra,standard,false,true,,stop,stop,490,490,MSCodeBase 1-L live arm,test567,false
gen-1786734634-nyGpZtMaVS3U1xH7kdIT,2026-08-14 19:10:34.021,0.000006,,-0.000003,,0,107,8,0,64,z-ai/glm-4.7-flash-20260119,DeepInfra,standard,false,true,,stop,stop,523,523,MSCodeBase 1-L live arm,test567,false
gen-1786734632-DqOSl0WkBYCNmaOccNr6,2026-08-14 19:10:32.655,0.000008,,-0.000007,,0,156,12,0,117,z-ai/glm-4.7-flash-20260119,Novita,standard,false,true,,stop,stop,787,787,MSCodeBase 1-L live arm,test567,false
gen-1786734631-aNvduRfhAaFbWPORKKQr,2026-08-14 19:10:31.588,0.000006,,-0.000003,,0,107,8,0,64,z-ai/glm-4.7-flash-20260119,DeepInfra,standard,false,true,,stop,stop,482,482,MSCodeBase 1-L live arm,test567,false
gen-1786734630-hN04Em8YB9sdznqcILbY,2026-08-14 19:10:30.516,0.000006,,-0.000003,,0,107,8,0,64,z-ai/glm-4.7-flash-20260119,DeepInfra,standard,false,true,,stop,stop,493,493,MSCodeBase 1-L live arm,test567,false
gen-1786734629-IHKIUihin1O2UrxW0For,2026-08-14 19:10:29.290,0.000006,,-0.000003,,0,102,8,0,64,z-ai/glm-4.7-flash-20260119,DeepInfra,standard,false,true,,stop,stop,635,635,MSCodeBase 1-L live arm,test567,false
gen-1786734627-XCpIbZvaYcpFvWcakTxe,2026-08-14 19:10:27.940,0.000006,,-0.000003,,0,104,8,0,64,z-ai/glm-4.7-flash-20260119,DeepInfra,standard,false,true,,stop,stop,765,765,MSCodeBase 1-L live arm,test567,false
gen-1786734626-j3lToJvuzQL4TJw2UCgk,2026-08-14 19:10:26.829,0.000006,,-0.000003,,0,105,8,0,64,z-ai/glm-4.7-flash-20260119,DeepInfra,standard,false,true,,stop,stop,507,507,MSCodeBase 1-L live arm,test567,false
gen-1786734625-kOV93L432iHcofbl2fIz,2026-08-14 19:10:25.406,0.000006,,-0.000003,,0,109,8,0,64,z-ai/glm-4.7-flash-20260119,DeepInfra,standard,false,true,,stop,stop,847,847,MSCodeBase 1-L live arm,test567,false
gen-1786734624-7bg5uyX7MljzJjrvm9eS,2026-08-14 19:10:24.304,0.000006,,-0.000003,,0,107,8,0,64,z-ai/glm-4.7-flash-20260119,DeepInfra,standard,false,true,,stop,stop,527,527,MSCodeBase 1-L live arm,test567,false
gen-1786734623-JZ7IoJB7uDz84lW7Ig4N,2026-08-14 19:10:23.495,0.000009,,,,0,108,8,0,0,z-ai/glm-4.7-flash-20260119,Cloudflare,standard,false,true,,stop,stop,207,207,MSCodeBase 1-L live arm,test567,false
gen-1786734622-5ZTHMCLn9u3bCqPZpWJP,2026-08-14 19:10:22.407,0.000006,,-0.000003,,0,108,8,0,64,z-ai/glm-4.7-flash-20260119,DeepInfra,standard,false,true,,stop,stop,513,513,MSCodeBase 1-L live arm,test567,false
gen-1786734621-sfsFQZ1L7pcRVlrKvPZw,2026-08-14 19:10:21.362,0.000006,,-0.000003,,0,105,8,0,64,z-ai/glm-4.7-flash-20260119,DeepInfra,standard,false,true,,stop,stop,461,461,MSCodeBase 1-L live arm,test567,false
gen-1786734620-gE19gQxdnULcBjSuESs8,2026-08-14 19:10:20.287,0.000006,,-0.000003,,0,107,8,0,64,z-ai/glm-4.7-flash-20260119,DeepInfra,standard,false,true,,stop,stop,494,494,MSCodeBase 1-L live arm,test567,false
gen-1786734619-jaenqB1b7kUsE8Tnyt8G,2026-08-14 19:10:19.087,0.000009,,,,0,107,8,0,0,z-ai/glm-4.7-flash-20260119,Cloudflare,standard,false,true,,stop,stop,593,593,MSCodeBase 1-L live arm,test567,false
gen-1786734618-HZfsqWM1DBfZghO9zOnl,2026-08-14 19:10:18.206,0.000009,,,,0,107,8,0,0,z-ai/glm-4.7-flash-20260119,Cloudflare,standard,false,true,,stop,stop,261,261,MSCodeBase 1-L live arm,test567,false
gen-1786734617-UbNNqvGJ4zpR84sJ1BAO,2026-08-14 19:10:17.054,0.000006,,-0.000003,,0,105,8,0,64,z-ai/glm-4.7-flash-20260119,DeepInfra,standard,false,true,,stop,stop,550,550,MSCodeBase 1-L live arm,test567,false
gen-1786734615-rr6RqdstgElvHiDw6Ss2,2026-08-14 19:10:15.752,0.000009,,,,0,102,8,0,0,z-ai/glm-4.7-flash-20260119,Cloudflare,standard,false,true,,stop,stop,710,710,MSCodeBase 1-L live arm,test567,false
gen-1786734614-J5FxieKfmxwdT6eOW2Yr,2026-08-14 19:10:14.605,0.000006,,-0.000003,,0,109,8,0,64,z-ai/glm-4.7-flash-20260119,DeepInfra,standard,false,true,,stop,stop,532,532,MSCodeBase 1-L live arm,test567,false
gen-1786734613-fHLNQK3yiXgD5JamdYJc,2026-08-14 19:10:13.212,0.000006,,-0.000003,,0,102,8,0,64,z-ai/glm-4.7-flash-20260119,DeepInfra,standard,false,true,,stop,stop,733,733,MSCodeBase 1-L live arm,test567,false
gen-1786734612-fC3Txjxw5SplSunUiRKy,2026-08-14 19:10:12.022,0.000006,,-0.000003,,0,105,8,0,64,z-ai/glm-4.7-flash-20260119,DeepInfra,standard,false,true,,stop,stop,584,584,MSCodeBase 1-L live arm,test567,false
gen-1786734610-Z1rS9JPw7Y9MNcQS1f9X,2026-08-14 19:10:10.797,0.000009,,,,0,101,8,0,0,z-ai/glm-4.7-flash-20260119,Cloudflare,standard,false,true,,stop,stop,630,630,MSCodeBase 1-L live arm,test567,false
gen-1786734609-rOPWRCbvaIgh21uG2sp2,2026-08-14 19:10:09.734,0.000006,,-0.000003,,0,104,8,0,64,z-ai/glm-4.7-flash-20260119,DeepInfra,standard,false,true,,stop,stop,477,477,MSCodeBase 1-L live arm,test567,false
gen-1786734608-poEJ8sp0H6pw00h80IOs,2026-08-14 19:10:08.036,0.000006,,-0.000003,,0,104,8,0,64,z-ai/glm-4.7-flash-20260119,DeepInfra,standard,false,true,,stop,stop,485,485,MSCodeBase 1-L live arm,test567,false
gen-1786734607-2llVxA1IVYxAyIgavv5W,2026-08-14 19:10:07.166,0.000009,,,,0,106,8,0,0,z-ai/glm-4.7-flash-20260119,Cloudflare,standard,false,true,,stop,stop,278,278,MSCodeBase 1-L live arm,test567,false
gen-1786734605-pP9D3H0afmKDn2mTY88M,2026-08-14 19:10:05.825,0.000006,,-0.000003,,0,111,8,0,64,z-ai/glm-4.7-flash-20260119,DeepInfra,standard,false,true,,stop,stop,742,742,MSCodeBase 1-L live arm,test567,false
gen-1786734604-xxQa6ljIZZri7XO761nj,2026-08-14 19:10:04.653,0.000006,,-0.000003,,0,106,8,0,64,z-ai/glm-4.7-flash-20260119,DeepInfra,standard,false,true,,stop,stop,472,472,MSCodeBase 1-L live arm,test567,false
gen-1786734603-TQyAMywAL2ZxqOcfxWpO,2026-08-14 19:10:03.549,0.000006,,-0.000003,,0,105,8,0,64,z-ai/glm-4.7-flash-20260119,DeepInfra,standard,false,true,,stop,stop,511,511,MSCodeBase 1-L live arm,test567,false
gen-1786734602-QiomYXUA072PcllMSGFr,2026-08-14 19:10:02.753,0.000009,,,,0,106,8,0,0,z-ai/glm-4.7-flash-20260119,Cloudflare,standard,false,true,,stop,stop,208,208,MSCodeBase 1-L live arm,test567,false
gen-1786734601-dcdQMkBn2FmlkGCNpSSp,2026-08-14 19:10:01.539,0.000006,,-0.000003,,0,109,8,0,64,z-ai/glm-4.7-flash-20260119,DeepInfra,standard,false,true,,stop,stop,619,619,MSCodeBase 1-L live arm,test567,false
gen-1786734600-8LOnQKAdv2Lsc0pWEymN,2026-08-14 19:10:00.198,0.000006,,-0.000003,,0,106,8,0,64,z-ai/glm-4.7-flash-20260119,DeepInfra,standard,false,true,,stop,stop,764,764,MSCodeBase 1-L live arm,test567,false
gen-1786734599-HhEAmKEUKdcaLSnl8AmE,2026-08-14 19:09:59.137,0.000006,,-0.000003,,0,117,8,0,64,z-ai/glm-4.7-flash-20260119,DeepInfra,standard,false,true,,stop,stop,481,481,MSCodeBase 1-L live arm,test567,false
gen-1786734593-CKX0tziuuWvep6BcqDbG,2026-08-14 19:09:53.109,0.000009,,,,0,111,8,0,0,z-ai/glm-4.7-flash-20260119,Cloudflare,standard,false,true,,stop,stop,5434,5434,MSCodeBase 1-L live arm,test567,false
gen-1786734581-ACZRBABjTtPMrr8qseP6,2026-08-14 19:09:41.687,0.000006,,-0.000003,,0,111,8,0,64,z-ai/glm-4.7-flash-20260119,Venice,standard,false,true,,stop,stop,712,712,MSCodeBase 1-L live arm,test567,false
gen-1786734580-yuLRLvIVEC7BGJkBpy4n,2026-08-14 19:09:40.941,0.00001,,,,0,117,8,0,0,z-ai/glm-4.7-flash-20260119,Cloudflare,standard,false,true,,stop,stop,161,161,MSCodeBase 1-L live arm,test567,false
gen-1786734579-CKclxPfEC0MY5ESeCPbA,2026-08-14 19:09:39.584,0.000006,,-0.000003,,0,110,8,0,64,z-ai/glm-4.7-flash-20260119,DeepInfra,standard,false,true,,stop,stop,771,771,MSCodeBase 1-L live arm,test567,false
gen-1786734578-7nDJkja5LX2fLJzG80ck,2026-08-14 19:09:38.450,0.000006,,-0.000003,,0,113,8,0,64,z-ai/glm-4.7-flash-20260119,DeepInfra,standard,false,true,,stop,stop,538,538,MSCodeBase 1-L live arm,test567,false
gen-1786734576-t1w2DmEH80LReoa9c2QS,2026-08-14 19:09:36.770,0.000005,,-0.000003,,0,88,8,0,64,z-ai/glm-4.7-flash-20260119,DeepInfra,standard,false,true,,stop,stop,1406,1406,MSCodeBase 1-L live arm,test567,false
gen-1786734575-Jg8wzMIbm9o17aitt0qy,2026-08-14 19:09:35.293,0.000014,,0,,0,146,12,0,2,z-ai/glm-4.7-flash-20260119,Novita,standard,false,true,,stop,stop,883,883,MSCodeBase 1-L live arm,test567,false
gen-1786734573-hCkHJwDYHOfoCVPtdIWQ,2026-08-14 19:09:33.931,0.000005,,-0.000003,,0,95,8,0,64,z-ai/glm-4.7-flash-20260119,DeepInfra,standard,false,true,,stop,stop,748,748,MSCodeBase 1-L live arm,test567,false
gen-1786734572-qPj4LZTUkAVqmpQpiqWw,2026-08-14 19:09:32.819,0.000005,,-0.000003,,0,94,8,0,64,z-ai/glm-4.7-flash-20260119,DeepInfra,standard,false,true,,stop,stop,462,462,MSCodeBase 1-L live arm,test567,false
gen-1786734571-JIgtXZtw5R5IU57GZKHl,2026-08-14 19:09:31.766,0.000005,,-0.000003,,0,91,8,0,64,z-ai/glm-4.7-flash-20260119,DeepInfra,standard,false,true,,stop,stop,460,460,MSCodeBase 1-L live arm,test567,false
gen-1786734570-4Qh4k4iumu1uQzrWGgRh,2026-08-14 19:09:30.802,0.000008,,,,0,93,8,0,0,z-ai/glm-4.7-flash-20260119,Cloudflare,standard,false,true,,stop,stop,372,372,MSCodeBase 1-L live arm,test567,false
gen-1786734569-8Vhv7uM8KEus9MdC5fT8,2026-08-14 19:09:29.455,0.000008,,,,0,93,8,0,0,z-ai/glm-4.7-flash-20260119,Cloudflare,standard,false,true,,stop,stop,734,734,MSCodeBase 1-L live arm,test567,false
gen-1786734568-JXD5T807xlwCxTn4ROTk,2026-08-14 19:09:28.368,0.000005,,-0.000003,,0,89,8,0,64,z-ai/glm-4.7-flash-20260119,DeepInfra,standard,false,true,,stop,stop,501,501,MSCodeBase 1-L live arm,test567,false
gen-1786734567-3svBBo6glxUQeFAAPoF0,2026-08-14 19:09:27.073,0.000008,,,,0,94,8,0,0,z-ai/glm-4.7-flash-20260119,Cloudflare,standard,false,true,,stop,stop,701,701,MSCodeBase 1-L live arm,test567,false
gen-1786734566-KvrIqWqRggsffOR7mkI5,2026-08-14 19:09:26.125,0.000008,,,,0,91,8,0,0,z-ai/glm-4.7-flash-20260119,Cloudflare,standard,false,true,,stop,stop,239,239,MSCodeBase 1-L live arm,test567,false
gen-1786734564-uzXdoefy7qHb3dTZVklR,2026-08-14 19:09:24.544,0.000005,,-0.000003,,0,90,8,0,64,z-ai/glm-4.7-flash-20260119,DeepInfra,standard,false,true,,stop,stop,996,996,MSCodeBase 1-L live arm,test567,false
gen-1786734562-u9slwfrQFtaZsY39klTa,2026-08-14 19:09:22.917,0.000005,,-0.000003,,0,93,8,0,64,z-ai/glm-4.7-flash-20260119,Venice,standard,false,true,,stop,stop,938,938,MSCodeBase 1-L live arm,test567,false
gen-1786734561-2OxBE2M6zkklvIDMUr7q,2026-08-14 19:09:21.652,0.000014,,0,,0,143,12,0,2,z-ai/glm-4.7-flash-20260119,Novita,standard,false,true,,stop,stop,677,677,MSCodeBase 1-L live arm,test567,false
gen-1786734560-ViFehY9wXIUtPNnOwibL,2026-08-14 19:09:20.582,0.000005,,-0.000003,,0,94,8,0,64,z-ai/glm-4.7-flash-20260119,DeepInfra,standard,false,true,,stop,stop,466,466,MSCodeBase 1-L live arm,test567,false
gen-1786734558-GUB1eNDt05eflK5yWZrY,2026-08-14 19:09:18.918,0.000005,,-0.000003,,0,93,8,0,64,z-ai/glm-4.7-flash-20260119,DeepInfra,standard,false,true,,stop,stop,1073,1073,MSCodeBase 1-L live arm,test567,false
gen-1786734557-qa2iW05WQ6TylNJazHzB,2026-08-14 19:09:17.394,0.000008,,,,0,91,8,0,0,z-ai/glm-4.7-flash-20260119,DeepInfra,standard,false,true,,stop,stop,922,922,MSCodeBase 1-L live arm,test567,false
gen-1786734556-ijjE60pWo2VJsdracToR,2026-08-14 19:09:16.606,0.000008,,,,0,94,8,0,0,z-ai/glm-4.7-flash-20260119,Cloudflare,standard,false,true,,stop,stop,205,205,MSCodeBase 1-L live arm,test567,false
gen-1786734555-6KpuG19ft47ltHKwKc6P,2026-08-14 19:09:15.411,0.000008,,,,0,94,8,0,0,z-ai/glm-4.7-flash-20260119,Cloudflare,standard,false,true,,stop,stop,573,573,MSCodeBase 1-L live arm,test567,false
gen-1786734554-GmaTMfiSJzDbXXsfTfpZ,2026-08-14 19:09:14.577,0.000008,,,,0,89,8,0,0,z-ai/glm-4.7-flash-20260119,Cloudflare,standard,false,true,,stop,stop,245,245,MSCodeBase 1-L live arm,test567,false
gen-1786734553-oJEkXhPEkgV5NKa6vqdE,2026-08-14 19:09:13.316,0.000008,,,,0,91,8,0,0,z-ai/glm-4.7-flash-20260119,Cloudflare,standard,false,true,,stop,stop,678,678,MSCodeBase 1-L live arm,test567,false
gen-1786734552-IiPA6HsD8efHKZaIZWwj,2026-08-14 19:09:12.249,0.000005,,-0.000003,,0,92,8,0,64,z-ai/glm-4.7-flash-20260119,DeepInfra,standard,false,true,,stop,stop,478,478,MSCodeBase 1-L live arm,test567,false
gen-1786734551-m0VzCbNUD8T1hJaKM7SC,2026-08-14 19:09:11.113,0.000005,,-0.000003,,0,96,8,0,64,z-ai/glm-4.7-flash-20260119,DeepInfra,standard,false,true,,stop,stop,538,538,MSCodeBase 1-L live arm,test567,false
gen-1786734550-W4rt5Xps96B7NgVXgYnI,2026-08-14 19:09:10.009,0.000005,,-0.000003,,0,94,8,0,64,z-ai/glm-4.7-flash-20260119,DeepInfra,standard,false,true,,stop,stop,470,470,MSCodeBase 1-L live arm,test567,false
gen-1786734548-PYxspTFmrx7LqbtCr4i6,2026-08-14 19:09:08.879,0.000005,,-0.000003,,0,95,8,0,64,z-ai/glm-4.7-flash-20260119,DeepInfra,standard,false,true,,stop,stop,517,517,MSCodeBase 1-L live arm,test567,false
gen-1786734548-4F6Qo8M6NgH7UGaGl6se,2026-08-14 19:09:08.069,0.000008,,,,0,93,8,0,0,z-ai/glm-4.7-flash-20260119,Cloudflare,standard,false,true,,stop,stop,204,204,MSCodeBase 1-L live arm,test567,false
gen-1786734547-hbXFgamKOeB0mKM9RlJy,2026-08-14 19:09:07.254,0.000008,,,,0,92,8,0,0,z-ai/glm-4.7-flash-20260119,Cloudflare,standard,false,true,,stop,stop,222,222,MSCodeBase 1-L live arm,test567,false
gen-1786734546-P33CqL78ti9aAPlaViBw,2026-08-14 19:09:06.271,0.000008,,,,0,93,8,0,0,z-ai/glm-4.7-flash-20260119,Cloudflare,standard,false,true,,stop,stop,199,199,MSCodeBase 1-L live arm,test567,false
gen-1786734544-7FzPJzTPcRsqzdFk2hBC,2026-08-14 19:09:04.940,0.000005,,-0.000003,,0,92,8,0,64,z-ai/glm-4.7-flash-20260119,DeepInfra,standard,false,true,,stop,stop,746,746,MSCodeBase 1-L live arm,test567,false
gen-1786734544-wI6W78O9PesT157GPxKy,2026-08-14 19:09:04.103,0.000008,,,,0,93,8,0,0,z-ai/glm-4.7-flash-20260119,Cloudflare,standard,false,true,,stop,stop,232,232,MSCodeBase 1-L live arm,test567,false
gen-1786734542-ZRHKpeqNw09aTLNkVhH6,2026-08-14 19:09:02.941,0.000005,,-0.000003,,0,92,8,0,64,z-ai/glm-4.7-flash-20260119,DeepInfra,standard,false,true,,stop,stop,575,575,MSCodeBase 1-L live arm,test567,false
gen-1786734541-nXRrNl2uwl6q1nRFksCd,2026-08-14 19:09:01.684,0.000005,,-0.000003,,0,89,8,0,64,z-ai/glm-4.7-flash-20260119,Venice,standard,false,true,,stop,stop,655,655,MSCodeBase 1-L live arm,test567,false
gen-1786734540-3KdABrz5KBCxcFU9YIlb,2026-08-14 19:09:00.584,0.000005,,-0.000003,,0,95,8,0,64,z-ai/glm-4.7-flash-20260119,DeepInfra,standard,false,true,,stop,stop,504,504,MSCodeBase 1-L live arm,test567,false
gen-1786734539-8f8jAMTOexxMg5hRVQLN,2026-08-14 19:08:59.799,0.000008,,,,0,90,8,0,0,z-ai/glm-4.7-flash-20260119,Cloudflare,standard,false,true,,stop,stop,200,200,MSCodeBase 1-L live arm,test567,false
gen-1786734538-XWYnCYFFbJ2PDyyjXQsf,2026-08-14 19:08:58.762,0.000005,,-0.000003,,0,92,8,0,64,z-ai/glm-4.7-flash-20260119,DeepInfra,standard,false,true,,stop,stop,455,455,MSCodeBase 1-L live arm,test567,false
gen-1786734537-uvmBrRVVCHC6ZGQBQb1v,2026-08-14 19:08:57.471,0.000005,,-0.000003,,0,89,8,0,64,z-ai/glm-4.7-flash-20260119,DeepInfra,standard,false,true,,stop,stop,691,691,MSCodeBase 1-L live arm,test567,false
gen-1786734536-8669KYnpMZI7JSzESm4w,2026-08-14 19:08:56.428,0.000005,,-0.000003,,0,91,8,0,64,z-ai/glm-4.7-flash-20260119,DeepInfra,standard,false,true,,stop,stop,464,464,MSCodeBase 1-L live arm,test567,false
gen-1786734535-hevV5tR0FIstYyVQ4i1v,2026-08-14 19:08:55.280,0.000005,,-0.000003,,0,90,8,0,64,z-ai/glm-4.7-flash-20260119,DeepInfra,standard,false,true,,stop,stop,528,528,MSCodeBase 1-L live arm,test567,false
gen-1786734534-Qd2skjWht0CStQBPpsUA,2026-08-14 19:08:54.476,0.000008,,,,0,95,8,0,0,z-ai/glm-4.7-flash-20260119,Cloudflare,standard,false,true,,stop,stop,203,203,MSCodeBase 1-L live arm,test567,false
gen-1786734533-kfR8hF04xSV55kqY5XHk,2026-08-14 19:08:53.325,0.000005,,-0.000003,,0,97,8,0,64,z-ai/glm-4.7-flash-20260119,DeepInfra,standard,false,true,,stop,stop,556,556,MSCodeBase 1-L live arm,test567,false
gen-1786734532-ngYB2rjQUVs26F4hTHBi,2026-08-14 19:08:52.172,0.000008,,,,0,92,8,0,0,z-ai/glm-4.7-flash-20260119,Cloudflare,standard,false,true,,stop,stop,562,562,MSCodeBase 1-L live arm,test567,false
gen-1786734531-QW6MddRH0TqMlp1sOGp8,2026-08-14 19:08:51.004,0.000005,,-0.000003,,0,91,8,0,64,z-ai/glm-4.7-flash-20260119,DeepInfra,standard,false,true,,stop,stop,566,566,MSCodeBase 1-L live arm,test567,false
gen-1786734529-qm9JObFOsNIoxgw0ASsG,2026-08-14 19:08:49.916,0.000005,,-0.000003,,0,94,8,0,64,z-ai/glm-4.7-flash-20260119,DeepInfra,standard,false,true,,stop,stop,482,482,MSCodeBase 1-L live arm,test567,false
gen-1786734528-DTShMrRCYpUknIrQWO8t,2026-08-14 19:08:48.549,0.000008,,,,0,92,8,0,0,z-ai/glm-4.7-flash-20260119,Cloudflare,standard,false,true,,stop,stop,777,777,MSCodeBase 1-L live arm,test567,false
gen-1786734527-cS1yMdUVDctYeknY6PGP,2026-08-14 19:08:47.451,0.000008,,,,0,90,8,0,0,z-ai/glm-4.7-flash-20260119,Cloudflare,standard,false,true,,stop,stop,501,501,MSCodeBase 1-L live arm,test567,false
gen-1786734526-iqWYK6UU2mbJz4RruQzr,2026-08-14 19:08:46.218,0.000008,,,,0,96,8,0,0,z-ai/glm-4.7-flash-20260119,Cloudflare,standard,false,true,,stop,stop,621,621,MSCodeBase 1-L live arm,test567,false
gen-1786734522-mZCqjtacd3By7j0AGFAB,2026-08-14 19:08:42.614,0.000005,,-0.000003,,0,91,8,0,64,z-ai/glm-4.7-flash-20260119,DeepInfra,standard,false,true,,stop,stop,3019,3019,MSCodeBase 1-L live arm,test567,false
gen-1786734521-2cvuhcMogx11CjqJ5ENP,2026-08-14 19:08:41.494,0.000005,,-0.000003,,0,93,8,0,64,z-ai/glm-4.7-flash-20260119,DeepInfra,standard,false,true,,stop,stop,526,526,MSCodeBase 1-L live arm,test567,false
gen-1786734520-4jaV2tCX7xL1IKjvKm9D,2026-08-14 19:08:40.411,0.000005,,-0.000003,,0,95,8,0,64,z-ai/glm-4.7-flash-20260119,DeepInfra,standard,false,true,,stop,stop,497,497,MSCodeBase 1-L live arm,test567,false
gen-1786734519-1ka1Cehgu9yJfAQ8z04Q,2026-08-14 19:08:39.326,0.000005,,-0.000003,,0,91,8,0,64,z-ai/glm-4.7-flash-20260119,DeepInfra,standard,false,true,,stop,stop,493,493,MSCodeBase 1-L live arm,test567,false
gen-1786734518-rI1RavYalkyNIJQhwNS2,2026-08-14 19:08:38.262,0.000008,,,,0,94,8,0,0,z-ai/glm-4.7-flash-20260119,DeepInfra,standard,false,true,,stop,stop,466,466,MSCodeBase 1-L live arm,test567,false
gen-1786734517-JXiuHyNPpc47NLQ4AY2A,2026-08-14 19:08:37.259,0.000009,,,,0,116,7,0,0,qwen/qwen3.5-flash-20260224,Alibaba,standard,false,true,,stop,stop,715,715,MSCodeBase 1-L live arm,test567,false
gen-1786734516-UoQhuvb4Kluy32wkYun8,2026-08-14 19:08:36.183,0.000009,,,,0,121,7,0,0,qwen/qwen3.5-flash-20260224,Alibaba,standard,false,true,,stop,stop,498,498,MSCodeBase 1-L live arm,test567,false
gen-1786734515-dv1VaTQF4lpUamq2vvPx,2026-08-14 19:08:35.099,0.000009,,,,0,121,7,0,0,qwen/qwen3.5-flash-20260224,Alibaba,standard,false,true,,stop,stop,462,462,MSCodeBase 1-L live arm,test567,false
gen-1786734513-LJKFxb6ddZ7bVOeawJa7,2026-08-14 19:08:33.995,0.000009,,,,0,118,7,0,0,qwen/qwen3.5-flash-20260224,Alibaba,standard,false,true,,stop,stop,519,519,MSCodeBase 1-L live arm,test567,false
gen-1786734512-YPwHZmPMDKcV2FlpCFOD,2026-08-14 19:08:32.862,0.000009,,,,0,119,7,0,0,qwen/qwen3.5-flash-20260224,Alibaba,standard,false,true,,stop,stop,529,529,MSCodeBase 1-L live arm,test567,false
gen-1786734511-5hrqMDV6WrpnucbKrIDz,2026-08-14 19:08:31.638,0.000009,,,,0,118,7,0,0,qwen/qwen3.5-flash-20260224,Alibaba,standard,false,true,,stop,stop,634,634,MSCodeBase 1-L live arm,test567,false
gen-1786734510-XJ1avfZR5rsV1BiBsWe1,2026-08-14 19:08:30.551,0.000009,,,,0,121,7,0,0,qwen/qwen3.5-flash-20260224,Alibaba,standard,false,true,,stop,stop,505,505,MSCodeBase 1-L live arm,test567,false
gen-1786734509-iO02bEdlgLFAsnyGpbsv,2026-08-14 19:08:29.531,0.000009,,,,0,115,7,0,0,qwen/qwen3.5-flash-20260224,Alibaba,standard,false,true,,stop,stop,443,443,MSCodeBase 1-L live arm,test567,false
gen-1786734508-UFZeDFHWAKHtVTA8Pe35,2026-08-14 19:08:28.064,0.000009,,,,0,120,7,0,0,qwen/qwen3.5-flash-20260224,Alibaba,standard,false,true,,stop,stop,875,875,MSCodeBase 1-L live arm,test567,false
gen-1786734506-OO8vIdHRjSoJ6AnakCgM,2026-08-14 19:08:26.995,0.000009,,,,0,118,7,0,0,qwen/qwen3.5-flash-20260224,Alibaba,standard,false,true,,stop,stop,483,483,MSCodeBase 1-L live arm,test567,false
gen-1786734505-vG43jZku38fnNrBNBANB,2026-08-14 19:08:25.715,0.000009,,,,0,118,7,0,0,qwen/qwen3.5-flash-20260224,Alibaba,standard,false,true,,stop,stop,697,697,MSCodeBase 1-L live arm,test567,false
gen-1786734504-PxZWbRu9q8dNSSkeWP3w,2026-08-14 19:08:24.594,0.000009,,,,0,120,7,0,0,qwen/qwen3.5-flash-20260224,Alibaba,standard,false,true,,stop,stop,519,519,MSCodeBase 1-L live arm,test567,false
gen-1786734503-1QVjM7HN7LeIVwLAdvNn,2026-08-14 19:08:23.531,0.000009,,,,0,118,7,0,0,qwen/qwen3.5-flash-20260224,Alibaba,standard,false,true,,stop,stop,475,475,MSCodeBase 1-L live arm,test567,false
gen-1786734502-2EEI6rsS2Gxulvg0fdmG,2026-08-14 19:08:22.270,0.000009,,,,0,119,7,0,0,qwen/qwen3.5-flash-20260224,Alibaba,standard,false,true,,stop,stop,676,676,MSCodeBase 1-L live arm,test567,false
gen-1786734501-9PZCU1Eq6H2oQp6aSUvK,2026-08-14 19:08:21.143,0.000009,,,,0,121,7,0,0,qwen/qwen3.5-flash-20260224,Alibaba,standard,false,true,,stop,stop,527,527,MSCodeBase 1-L live arm,test567,false
gen-1786734499-O6G7EB04blGxa7pxDVYf,2026-08-14 19:08:19.755,0.000009,,,,0,118,7,0,0,qwen/qwen3.5-flash-20260224,Alibaba,standard,false,true,,stop,stop,779,779,MSCodeBase 1-L live arm,test567,false
gen-1786734498-32CpdKLkQYpMtEcduWvq,2026-08-14 19:08:18.684,0.000009,,,,0,120,7,0,0,qwen/qwen3.5-flash-20260224,Alibaba,standard,false,true,,stop,stop,489,489,MSCodeBase 1-L live arm,test567,false
gen-1786734497-oLkp3FwiaJq4XIodUivV,2026-08-14 19:08:17.550,0.000009,,,,0,120,7,0,0,qwen/qwen3.5-flash-20260224,Alibaba,standard,false,true,,stop,stop,532,532,MSCodeBase 1-L live arm,test567,false
gen-1786734496-2OVLUDCrlB0RaRKAInTU,2026-08-14 19:08:16.283,0.000009,,,,0,116,7,0,0,qwen/qwen3.5-flash-20260224,Alibaba,standard,false,true,,stop,stop,688,688,MSCodeBase 1-L live arm,test567,false
gen-1786734495-XJTDYBPFDur78k3zlN30,2026-08-14 19:08:15.197,0.000009,,,,0,118,7,0,0,qwen/qwen3.5-flash-20260224,Alibaba,standard,false,true,,stop,stop,507,507,MSCodeBase 1-L live arm,test567,false
gen-1786734494-fHfZP4384zOYWZdnRMz8,2026-08-14 19:08:14.088,0.000009,,,,0,118,7,0,0,qwen/qwen3.5-flash-20260224,Alibaba,standard,false,true,,stop,stop,528,528,MSCodeBase 1-L live arm,test567,false
gen-1786734492-nrpuZEc008OqkHWI1ZCp,2026-08-14 19:08:12.721,0.000009,,,,0,121,7,0,0,qwen/qwen3.5-flash-20260224,Alibaba,standard,false,true,,stop,stop,799,799,MSCodeBase 1-L live arm,test567,false
gen-1786734491-SfPhl7K6YoyC3hzHQacc,2026-08-14 19:08:11.186,0.000009,,,,0,120,7,0,0,qwen/qwen3.5-flash-20260224,Alibaba,standard,false,true,,stop,stop,961,961,MSCodeBase 1-L live arm,test567,false
gen-1786734490-dmdM3I8qt6SUMh7rO4UK,2026-08-14 19:08:10.015,0.000009,,,,0,121,7,0,0,qwen/qwen3.5-flash-20260224,Alibaba,standard,false,true,,stop,stop,587,587,MSCodeBase 1-L live arm,test567,false
gen-1786734488-U3pGYMBFuyHcMrHQEHAb,2026-08-14 19:08:08.631,0.000009,,,,0,119,7,0,0,qwen/qwen3.5-flash-20260224,Alibaba,standard,false,true,,stop,stop,808,808,MSCodeBase 1-L live arm,test567,false
gen-1786734487-nWMyuW1Dltn7qA5SENEw,2026-08-14 19:08:07.578,0.000009,,,,0,118,7,0,0,qwen/qwen3.5-flash-20260224,Alibaba,standard,false,true,,stop,stop,473,473,MSCodeBase 1-L live arm,test567,false
gen-1786734486-tTdXALrXbyTd5W1n3GEQ,2026-08-14 19:08:06.471,0.000009,,,,0,121,7,0,0,qwen/qwen3.5-flash-20260224,Alibaba,standard,false,true,,stop,stop,528,528,MSCodeBase 1-L live arm,test567,false
gen-1786734485-Bh6gujlUHbdKSfvzk6Pq,2026-08-14 19:08:05.378,0.000009,,,,0,121,7,0,0,qwen/qwen3.5-flash-20260224,Alibaba,standard,false,true,,stop,stop,479,479,MSCodeBase 1-L live arm,test567,false
gen-1786734484-keJ5KGT843VU0SmT2HTR,2026-08-14 19:08:04.083,0.000009,,,,0,120,7,0,0,qwen/qwen3.5-flash-20260224,Alibaba,standard,false,true,,stop,stop,711,711,MSCodeBase 1-L live arm,test567,false
gen-1786734482-iOefaL1t41CkP1O7iMEF,2026-08-14 19:08:02.796,0.000009,,,,0,120,7,0,0,qwen/qwen3.5-flash-20260224,Alibaba,standard,false,true,,stop,stop,709,709,MSCodeBase 1-L live arm,test567,false
gen-1786734481-XAb2YuzDpTID8Mil5Xgi,2026-08-14 19:08:01.306,0.000009,,,,0,116,7,0,0,qwen/qwen3.5-flash-20260224,Alibaba,standard,false,true,,stop,stop,904,904,MSCodeBase 1-L live arm,test567,false
gen-1786734480-u7bPJquMt8pQAy1jXuXa,2026-08-14 19:08:00.125,0.000009,,,,0,121,7,0,0,qwen/qwen3.5-flash-20260224,Alibaba,standard,false,true,,stop,stop,583,583,MSCodeBase 1-L live arm,test567,false
gen-1786734478-HVod4nusthZwfO7gT2na,2026-08-14 19:07:58.761,0.000009,,,,0,116,7,0,0,qwen/qwen3.5-flash-20260224,Alibaba,standard,false,true,,stop,stop,774,774,MSCodeBase 1-L live arm,test567,false
gen-1786734477-mKPanJxwDufBR4P8bH5e,2026-08-14 19:07:57.609,0.000009,,,,0,118,7,0,0,qwen/qwen3.5-flash-20260224,Alibaba,standard,false,true,,stop,stop,562,562,MSCodeBase 1-L live arm,test567,false
gen-1786734476-qbworgCKnFbOLSUKrtqz,2026-08-14 19:07:56.574,0.000009,,,,0,115,7,0,0,qwen/qwen3.5-flash-20260224,Alibaba,standard,false,true,,stop,stop,433,433,MSCodeBase 1-L live arm,test567,false
gen-1786734475-98zk2ey4B6G109tW7xpR,2026-08-14 19:07:55.256,0.000009,,,,0,119,7,0,0,qwen/qwen3.5-flash-20260224,Alibaba,standard,false,true,,stop,stop,733,733,MSCodeBase 1-L live arm,test567,false
gen-1786734474-EOSXfcVMIll5lwkfVSr3,2026-08-14 19:07:54.183,0.000009,,,,0,118,7,0,0,qwen/qwen3.5-flash-20260224,Alibaba,standard,false,true,,stop,stop,486,486,MSCodeBase 1-L live arm,test567,false
gen-1786734473-8G7wDiFGDIJjyzg1B9tk,2026-08-14 19:07:53.090,0.000009,,,,0,119,7,0,0,qwen/qwen3.5-flash-20260224,Alibaba,standard,false,true,,stop,stop,512,512,MSCodeBase 1-L live arm,test567,false
gen-1786734471-V4OAmZttkNgj5XwJ7fao,2026-08-14 19:07:51.990,0.000009,,,,0,123,7,0,0,qwen/qwen3.5-flash-20260224,Alibaba,standard,false,true,,stop,stop,518,518,MSCodeBase 1-L live arm,test567,false
gen-1786734470-RMrEVU8KHUmsPmbZR3hS,2026-08-14 19:07:50.897,0.000009,,,,0,119,7,0,0,qwen/qwen3.5-flash-20260224,Alibaba,standard,false,true,,stop,stop,494,494,MSCodeBase 1-L live arm,test567,false
gen-1786734469-nrIL9NehhcGORWcs3ZNh,2026-08-14 19:07:49.359,0.000009,,,,0,118,7,0,0,qwen/qwen3.5-flash-20260224,Alibaba,standard,false,true,,stop,stop,946,946,MSCodeBase 1-L live arm,test567,false
gen-1786734468-Iszbe2ozDAFDb7pk6Sh0,2026-08-14 19:07:48.198,0.000009,,,,0,120,7,0,0,qwen/qwen3.5-flash-20260224,Alibaba,standard,false,true,,stop,stop,579,579,MSCodeBase 1-L live arm,test567,false
gen-1786734467-cIaNcdETRPwAAgO3TYx1,2026-08-14 19:07:47.139,0.000009,,,,0,123,7,0,0,qwen/qwen3.5-flash-20260224,Alibaba,standard,false,true,,stop,stop,467,467,MSCodeBase 1-L live arm,test567,false
gen-1786734466-3Zk0quEgFyMdNFpppx90,2026-08-14 19:07:46.073,0.000009,,,,0,121,7,0,0,qwen/qwen3.5-flash-20260224,Alibaba,standard,false,true,,stop,stop,491,491,MSCodeBase 1-L live arm,test567,false
gen-1786734464-obZV91q3cV8G5bPAzd8G,2026-08-14 19:07:44.761,0.00001,,,,0,132,7,0,0,qwen/qwen3.5-flash-20260224,Alibaba,standard,false,true,,stop,stop,729,729,MSCodeBase 1-L live arm,test567,false
gen-1786734463-ojK55Mmkw2CJYxAvhLV2,2026-08-14 19:07:43.676,0.000009,,,,0,125,7,0,0,qwen/qwen3.5-flash-20260224,Alibaba,standard,false,true,,stop,stop,473,473,MSCodeBase 1-L live arm,test567,false
gen-1786734462-NgLSUK61NbNumwBYlzkh,2026-08-14 19:07:42.628,0.000009,,,,0,126,7,0,0,qwen/qwen3.5-flash-20260224,Alibaba,standard,false,true,,stop,stop,470,470,MSCodeBase 1-L live arm,test567,false
gen-1786734461-YTXFkmsGRN7wePuhoOLg,2026-08-14 19:07:41.366,0.00001,,,,0,130,7,0,0,qwen/qwen3.5-flash-20260224,Alibaba,standard,false,true,,stop,stop,688,688,MSCodeBase 1-L live arm,test567,false
gen-1786734460-VyEnuP2QP54JMwTNRZ8z,2026-08-14 19:07:40.275,0.000009,,,,0,124,7,0,0,qwen/qwen3.5-flash-20260224,Alibaba,standard,false,true,,stop,stop,513,513,MSCodeBase 1-L live arm,test567,false
gen-1786734458-vGNJH1ZZiVJAbbt8Ln9X,2026-08-14 19:07:38.966,0.000009,,,,0,126,7,0,0,qwen/qwen3.5-flash-20260224,Alibaba,standard,false,true,,stop,stop,720,720,MSCodeBase 1-L live arm,test567,false
gen-1786734458-e2j2pdCm7cr428Gab0Nj,2026-08-14 19:07:38.213,0.000008,,,,0,104,7,0,0,qwen/qwen3.5-flash-20260224,Alibaba,standard,false,true,,stop,stop,481,481,MSCodeBase 1-L live arm,test567,false
gen-1786734457-kB2laEsiZjsmEhjYJX7w,2026-08-14 19:07:37.135,0.000008,,,,0,109,7,0,0,qwen/qwen3.5-flash-20260224,Alibaba,standard,false,true,,stop,stop,492,492,MSCodeBase 1-L live arm,test567,false
gen-1786734456-c3S8dGPhARjoA3zL36qm,2026-08-14 19:07:36.053,0.000008,,,,0,109,7,0,0,qwen/qwen3.5-flash-20260224,Alibaba,standard,false,true,,stop,stop,488,488,MSCodeBase 1-L live arm,test567,false
gen-1786734454-foycnYWsPCAZwdPz3Aui,2026-08-14 19:07:34.777,0.000008,,,,0,106,7,0,0,qwen/qwen3.5-flash-20260224,Alibaba,standard,false,true,,stop,stop,678,678,MSCodeBase 1-L live arm,test567,false
gen-1786734453-8iItxTJHfOR3SMXYLlm6,2026-08-14 19:07:33.488,0.000008,,,,0,107,7,0,0,qwen/qwen3.5-flash-20260224,Alibaba,standard,false,true,,stop,stop,712,712,MSCodeBase 1-L live arm,test567,false
gen-1786734452-gsK8xnRIJ8Me6BBT84TD,2026-08-14 19:07:32.196,0.000008,,,,0,106,7,0,0,qwen/qwen3.5-flash-20260224,Alibaba,standard,false,true,,stop,stop,719,719,MSCodeBase 1-L live arm,test567,false
gen-1786734451-PzxFpcgrkci69ydpyBzC,2026-08-14 19:07:31.152,0.000008,,,,0,109,7,0,0,qwen/qwen3.5-flash-20260224,Alibaba,standard,false,true,,stop,stop,467,467,MSCodeBase 1-L live arm,test567,false
gen-1786734449-dhL7UP5Cg2nXK9FiKrMu,2026-08-14 19:07:29.811,0.000008,,,,0,103,7,0,0,qwen/qwen3.5-flash-20260224,Alibaba,standard,false,true,,stop,stop,749,749,MSCodeBase 1-L live arm,test567,false
gen-1786734448-kZW9ZZTe9xRm85L3uFaF,2026-08-14 19:07:28.539,0.000008,,,,0,107,7,0,0,qwen/qwen3.5-flash-20260224,Alibaba,standard,false,true,,stop,stop,666,666,MSCodeBase 1-L live arm,test567,false
gen-1786734447-RneexzGrmnim37HAmTvp,2026-08-14 19:07:27.493,0.000008,,,,0,106,7,0,0,qwen/qwen3.5-flash-20260224,Alibaba,standard,false,true,,stop,stop,450,450,MSCodeBase 1-L live arm,test567,false
gen-1786734446-BkBYPvXcqtBSQnSrmgXR,2026-08-14 19:07:26.408,0.000008,,,,0,107,7,0,0,qwen/qwen3.5-flash-20260224,Alibaba,standard,false,true,,stop,stop,494,494,MSCodeBase 1-L live arm,test567,false
gen-1786734445-DznUSy1qLeJel7brxKXP,2026-08-14 19:07:25.151,0.000008,,,,0,107,7,0,0,qwen/qwen3.5-flash-20260224,Alibaba,standard,false,true,,stop,stop,678,678,MSCodeBase 1-L live arm,test567,false
gen-1786734444-Wc1CGPSAoxq5NJ3TPkg7,2026-08-14 19:07:24.096,0.000008,,,,0,106,7,0,0,qwen/qwen3.5-flash-20260224,Alibaba,standard,false,true,,stop,stop,477,477,MSCodeBase 1-L live arm,test567,false
gen-1786734442-DTqrMIV82akiFuQLaJIu,2026-08-14 19:07:22.786,0.000008,,,,0,107,7,0,0,qwen/qwen3.5-flash-20260224,Alibaba,standard,false,true,,stop,stop,727,727,MSCodeBase 1-L live arm,test567,false
gen-1786734441-oWKR1TQftD61YLL4mnU1,2026-08-14 19:07:21.731,0.000008,,,,0,109,7,0,0,qwen/qwen3.5-flash-20260224,Alibaba,standard,false,true,,stop,stop,465,465,MSCodeBase 1-L live arm,test567,false
gen-1786734440-bq2aQgTQ9GVNKJ11awhh,2026-08-14 19:07:20.338,0.000008,,,,0,106,7,0,0,qwen/qwen3.5-flash-20260224,Alibaba,standard,false,true,,stop,stop,808,808,MSCodeBase 1-L live arm,test567,false
gen-1786734439-MzQ0nlCzY9M3f3TTWiqP,2026-08-14 19:07:19.232,0.000008,,,,0,108,7,0,0,qwen/qwen3.5-flash-20260224,Alibaba,standard,false,true,,stop,stop,534,534,MSCodeBase 1-L live arm,test567,false
gen-1786734438-8TlcvNTI4667xpcLiSa3,2026-08-14 19:07:18.040,0.000008,,,,0,108,7,0,0,qwen/qwen3.5-flash-20260224,Alibaba,standard,false,true,,stop,stop,608,608,MSCodeBase 1-L live arm,test567,false
gen-1786734436-xoxLaolJFqPbJJrVXPPS,2026-08-14 19:07:16.761,0.000008,,,,0,104,7,0,0,qwen/qwen3.5-flash-20260224,Alibaba,standard,false,true,,stop,stop,697,697,MSCodeBase 1-L live arm,test567,false
gen-1786734435-ChGcfrXyKuI13qMeWm07,2026-08-14 19:07:15.655,0.000008,,,,0,106,7,0,0,qwen/qwen3.5-flash-20260224,Alibaba,standard,false,true,,stop,stop,532,532,MSCodeBase 1-L live arm,test567,false
gen-1786734434-lOprZPKakTR5VF409huV,2026-08-14 19:07:14.595,0.000008,,,,0,106,7,0,0,qwen/qwen3.5-flash-20260224,Alibaba,standard,false,true,,stop,stop,458,458,MSCodeBase 1-L live arm,test567,false
gen-1786734433-y086bo8VICaNOu8BPSDW,2026-08-14 19:07:13.221,0.000008,,,,0,108,7,0,0,qwen/qwen3.5-flash-20260224,Alibaba,standard,false,true,,stop,stop,649,649,MSCodeBase 1-L live arm,test567,false
gen-1786734431-rT6xCqs1KEJrtQ4qVyy8,2026-08-14 19:07:11.887,0.000008,,,,0,108,7,0,0,qwen/qwen3.5-flash-20260224,Alibaba,standard,false,true,,stop,stop,528,528,MSCodeBase 1-L live arm,test567,false
gen-1786734430-StecInnzigCJynZnkgwN,2026-08-14 19:07:10.734,0.000008,,,,0,108,7,0,0,qwen/qwen3.5-flash-20260224,Alibaba,standard,false,true,,stop,stop,577,577,MSCodeBase 1-L live arm,test567,false
gen-1786734429-EqF0dYeDft9vWUwgpQSd,2026-08-14 19:07:09.641,0.000008,,,,0,108,7,0,0,qwen/qwen3.5-flash-20260224,Alibaba,standard,false,true,,stop,stop,501,501,MSCodeBase 1-L live arm,test567,false
gen-1786734428-2UAzmxlML9ZiD2WwOZL5,2026-08-14 19:07:08.308,0.000008,,,,0,106,7,0,0,qwen/qwen3.5-flash-20260224,Alibaba,standard,false,true,,stop,stop,750,750,MSCodeBase 1-L live arm,test567,false
gen-1786734427-2G6UTHNilNesLW4fW0A2,2026-08-14 19:07:07.024,0.000008,,,,0,108,7,0,0,qwen/qwen3.5-flash-20260224,Alibaba,standard,false,true,,stop,stop,710,710,MSCodeBase 1-L live arm,test567,false
gen-1786734425-WFLQOmdR50RvehZvSvG0,2026-08-14 19:07:05.982,0.000008,,,,0,107,7,0,0,qwen/qwen3.5-flash-20260224,Alibaba,standard,false,true,,stop,stop,440,440,MSCodeBase 1-L live arm,test567,false
gen-1786734424-L32jdULa0saPGeDYNmlc,2026-08-14 19:07:04.641,0.000008,,,,0,107,7,0,0,qwen/qwen3.5-flash-20260224,Alibaba,standard,false,true,,stop,stop,752,752,MSCodeBase 1-L live arm,test567,false
gen-1786734423-zyk56oaJZqTx59Rs0NoV,2026-08-14 19:07:03.344,0.000008,,,,0,108,7,0,0,qwen/qwen3.5-flash-20260224,Alibaba,standard,false,true,,stop,stop,719,719,MSCodeBase 1-L live arm,test567,false
gen-1786734422-ZSGRMUO56RaCdW9JcSgQ,2026-08-14 19:07:02.094,0.000008,,,,0,104,7,0,0,qwen/qwen3.5-flash-20260224,Alibaba,standard,false,true,,stop,stop,657,657,MSCodeBase 1-L live arm,test567,false
gen-1786734420-pX6Kr0Bu5fXWozDQpQkt,2026-08-14 19:07:00.675,0.000008,,,,0,108,7,0,0,qwen/qwen3.5-flash-20260224,Alibaba,standard,false,true,,stop,stop,841,841,MSCodeBase 1-L live arm,test567,false
gen-1786734419-PkZk6ZIW56RHUSMCm5BD,2026-08-14 19:06:59.433,0.000008,,,,0,104,7,0,0,qwen/qwen3.5-flash-20260224,Alibaba,standard,false,true,,stop,stop,651,651,MSCodeBase 1-L live arm,test567,false
gen-1786734418-XRdIJ1wZYaiSGyEbMwZb,2026-08-14 19:06:58.106,0.000008,,,,0,106,7,0,0,qwen/qwen3.5-flash-20260224,Alibaba,standard,false,true,,stop,stop,725,725,MSCodeBase 1-L live arm,test567,false
gen-1786734416-2pglFFcR0DudPAd4kaHB,2026-08-14 19:06:56.723,0.000008,,,,0,104,7,0,0,qwen/qwen3.5-flash-20260224,Alibaba,standard,false,true,,stop,stop,758,758,MSCodeBase 1-L live arm,test567,false
gen-1786734415-sPF4sMrzkXGbW6xp0CzQ,2026-08-14 19:06:55.316,0.000008,,,,0,107,7,0,0,qwen/qwen3.5-flash-20260224,Alibaba,standard,false,true,,stop,stop,784,784,MSCodeBase 1-L live arm,test567,false
gen-1786734414-ALtpo1Py61zQ5hJ5qoQC,2026-08-14 19:06:54.213,0.000008,,,,0,105,7,0,0,qwen/qwen3.5-flash-20260224,Alibaba,standard,false,true,,stop,stop,486,486,MSCodeBase 1-L live arm,test567,false
gen-1786734412-fYgs43wiRCSuYBiOw2bS,2026-08-14 19:06:52.836,0.000008,,,,0,108,7,0,0,qwen/qwen3.5-flash-20260224,Alibaba,standard,false,true,,stop,stop,776,776,MSCodeBase 1-L live arm,test567,false
gen-1786734411-xCEcc4NCk6r0kBVYhDmi,2026-08-14 19:06:51.686,0.000008,,,,0,109,7,0,0,qwen/qwen3.5-flash-20260224,Alibaba,standard,false,true,,stop,stop,530,530,MSCodeBase 1-L live arm,test567,false
gen-1786734410-KIKOPlj4lvZafqELCJ5q,2026-08-14 19:06:50.294,0.000008,,,,0,108,7,0,0,qwen/qwen3.5-flash-20260224,Alibaba,standard,false,true,,stop,stop,781,781,MSCodeBase 1-L live arm,test567,false
gen-1786734409-xzAoGNJIXZvut3zaOczs,2026-08-14 19:06:49.151,0.000008,,,,0,107,7,0,0,qwen/qwen3.5-flash-20260224,Alibaba,standard,false,true,,stop,stop,519,519,MSCodeBase 1-L live arm,test567,false
gen-1786734408-wUOlw6DCiCnvgSiQbdzf,2026-08-14 19:06:48.086,0.000008,,,,0,108,7,0,0,qwen/qwen3.5-flash-20260224,Alibaba,standard,false,true,,stop,stop,442,442,MSCodeBase 1-L live arm,test567,false
gen-1786734406-il6JoOA7R4KpGq4kTcuw,2026-08-14 19:06:46.977,0.000008,,,,0,108,7,0,0,qwen/qwen3.5-flash-20260224,Alibaba,standard,false,true,,stop,stop,479,479,MSCodeBase 1-L live arm,test567,false
gen-1786734405-MvWmM7WPNbjz8bdgsNbx,2026-08-14 19:06:45.913,0.000008,,,,0,106,7,0,0,qwen/qwen3.5-flash-20260224,Alibaba,standard,false,true,,stop,stop,440,440,MSCodeBase 1-L live arm,test567,false
gen-1786734404-YVtxqIi8MUcF05zSKANC,2026-08-14 19:06:44.619,0.000009,,,,0,112,7,0,0,qwen/qwen3.5-flash-20260224,Alibaba,standard,false,true,,stop,stop,699,699,MSCodeBase 1-L live arm,test567,false
gen-1786734403-jjlMrJveWCFMGeyDjfDJ,2026-08-14 19:06:43.288,0.000008,,,,0,106,7,0,0,qwen/qwen3.5-flash-20260224,Alibaba,standard,false,true,,stop,stop,607,607,MSCodeBase 1-L live arm,test567,false
gen-1786734401-lRiYF2toDAWqgigj07Q9,2026-08-14 19:06:41.982,0.000008,,,,0,108,7,0,0,qwen/qwen3.5-flash-20260224,Alibaba,standard,false,true,,stop,stop,700,700,MSCodeBase 1-L live arm,test567,false
gen-1786734400-e6DTb9HXGtVwhVWhzLyt,2026-08-14 19:06:40.840,0.000008,,,,0,109,7,0,0,qwen/qwen3.5-flash-20260224,Alibaba,standard,false,true,,stop,stop,519,519,MSCodeBase 1-L live arm,test567,false
gen-1786734399-JVn3Mi5IWmH2qRPa5l7V,2026-08-14 19:06:39.720,0.000008,,,,0,106,7,0,0,qwen/qwen3.5-flash-20260224,Alibaba,standard,false,true,,stop,stop,498,498,MSCodeBase 1-L live arm,test567,false
gen-1786734398-eSF1QbilcO5l52WXXp1D,2026-08-14 19:06:38.648,0.000008,,,,0,108,7,0,0,qwen/qwen3.5-flash-20260224,Alibaba,standard,false,true,,stop,stop,450,450,MSCodeBase 1-L live arm,test567,false
gen-1786734397-soXroVsk2xUqxglfczNS,2026-08-14 19:06:37.675,0.000004,,,,0,116,7,0,0,qwen/qwen3.7-flash-20260727,Alibaba,standard,false,true,,stop,stop,685,685,MSCodeBase 1-L live arm,test567,false
gen-1786734396-2MJUUZUxHuKsu9ow3MUl,2026-08-14 19:06:36.354,0.000004,,,,0,121,7,0,0,qwen/qwen3.7-flash-20260727,Alibaba,standard,false,true,,stop,stop,692,692,MSCodeBase 1-L live arm,test567,false
gen-1786734394-lGXojvNUMnUQaChBJi3Q,2026-08-14 19:06:34.956,0.000005,,,,0,121,11,0,0,qwen/qwen3.7-flash-20260727,Alibaba,standard,false,true,,stop,stop,782,782,MSCodeBase 1-L live arm,test567,false
gen-1786734393-H3TMy0NGweokUt9Nvazf,2026-08-14 19:06:32.837,0.000005,,,,0,118,12,0,0,qwen/qwen3.7-flash-20260727,Alibaba,standard,false,true,,stop,stop,671,671,MSCodeBase 1-L live arm,test567,false
gen-1786734391-ggPVb36iM6m2Tb121Mrb,2026-08-14 19:06:31.669,0.000005,,,,0,119,12,0,0,qwen/qwen3.7-flash-20260727,Alibaba,standard,false,true,,stop,stop,568,568,MSCodeBase 1-L live arm,test567,false
gen-1786734390-SJjTNlmXo2cW1dMkkitv,2026-08-14 19:06:30.240,0.000005,,,,0,118,12,0,0,qwen/qwen3.7-flash-20260727,Alibaba,standard,false,true,,stop,stop,807,807,MSCodeBase 1-L live arm,test567,false
gen-1786734388-zDcadwrH4UdtW9Pac0dI,2026-08-14 19:06:28.654,0.000005,,,,0,121,12,0,0,qwen/qwen3.7-flash-20260727,Alibaba,standard,false,true,,stop,stop,958,958,MSCodeBase 1-L live arm,test567,false
gen-1786734387-iAQUNadZbndCoSg5OiSE,2026-08-14 19:06:27.316,0.000004,,,,0,115,7,0,0,qwen/qwen3.7-flash-20260727,Alibaba,standard,false,true,,stop,stop,729,729,MSCodeBase 1-L live arm,test567,false
gen-1786734385-yhVtvloJ8LBUTggv7sDn,2026-08-14 19:06:25.959,0.000005,,,,0,120,12,0,0,qwen/qwen3.7-flash-20260727,Alibaba,standard,false,true,,stop,stop,684,684,MSCodeBase 1-L live arm,test567,false
gen-1786734384-OXq6ip43raCFAi4oQxbt,2026-08-14 19:06:24.783,0.000005,,,,0,118,12,0,0,qwen/qwen3.7-flash-20260727,Alibaba,standard,false,true,,stop,stop,562,562,MSCodeBase 1-L live arm,test567,false
gen-1786734383-wMyc4pJKEpM2uqbxGkog,2026-08-14 19:06:23.591,0.000005,,,,0,118,12,0,0,qwen/qwen3.7-flash-20260727,Alibaba,standard,false,true,,stop,stop,594,594,MSCodeBase 1-L live arm,test567,false
gen-1786734382-DCvz1cNxNr5nuiZb6ULH,2026-08-14 19:06:22.372,0.000004,,,,0,120,7,0,0,qwen/qwen3.7-flash-20260727,Alibaba,standard,false,true,,stop,stop,603,603,MSCodeBase 1-L live arm,test567,false
gen-1786734380-5s9UDviQMCoiGuGX8bGp,2026-08-14 19:06:20.994,0.000004,,,,0,118,11,0,0,qwen/qwen3.7-flash-20260727,Alibaba,standard,false,true,,stop,stop,776,776,MSCodeBase 1-L live arm,test567,false
gen-1786734379-PkeefpJMoX18onWDxJeu,2026-08-14 19:06:19.679,0.000004,,,,0,119,11,0,0,qwen/qwen3.7-flash-20260727,Alibaba,standard,false,true,,stop,stop,706,706,MSCodeBase 1-L live arm,test567,false
gen-1786734378-OXxUeZWIcVwEjRBk0PCE,2026-08-14 19:06:18.474,0.000005,,,,0,121,11,0,0,qwen/qwen3.7-flash-20260727,Alibaba,standard,false,true,,stop,stop,600,600,MSCodeBase 1-L live arm,test567,false
gen-1786734376-vIYUnSroadnoLYquYnug,2026-08-14 19:06:16.904,0.000005,,,,0,118,12,0,0,qwen/qwen3.7-flash-20260727,Alibaba,standard,false,true,,stop,stop,968,968,MSCodeBase 1-L live arm,test567,false
gen-1786734375-5AJ4A94vsyLMswsuzYaX,2026-08-14 19:06:15.747,0.000005,,,,0,120,12,0,0,qwen/qwen3.7-flash-20260727,Alibaba,standard,false,true,,stop,stop,545,545,MSCodeBase 1-L live arm,test567,false
gen-1786734374-83afmWfwd1jo2jef7ryZ,2026-08-14 19:06:14.301,0.000004,,,,0,120,7,0,0,qwen/qwen3.7-flash-20260727,Alibaba,standard,false,true,,stop,stop,836,836,MSCodeBase 1-L live arm,test567,false
gen-1786734372-vcnKKU1qexjgQ2kcSj4r,2026-08-14 19:06:12.926,0.000004,,,,0,116,7,0,0,qwen/qwen3.7-flash-20260727,Alibaba,standard,false,true,,stop,stop,764,764,MSCodeBase 1-L live arm,test567,false
gen-1786734371-mANfehE07u8WqcaDWx5k,2026-08-14 19:06:11.525,0.000005,,,,0,118,12,0,0,qwen/qwen3.7-flash-20260727,Alibaba,standard,false,true,,stop,stop,784,784,MSCodeBase 1-L live arm,test567,false
gen-1786734370-NNTHNt4Td6EXxYFS0qT8,2026-08-14 19:06:10.211,0.000004,,,,0,118,7,0,0,qwen/qwen3.7-flash-20260727,Alibaba,standard,false,true,,stop,stop,709,709,MSCodeBase 1-L live arm,test567,false
gen-1786734368-oYNRcDDguHhCml2OTe4x,2026-08-14 19:06:08.760,0.000005,,,,0,121,12,0,0,qwen/qwen3.7-flash-20260727,Alibaba,standard,false,true,,stop,stop,833,833,MSCodeBase 1-L live arm,test567,false
gen-1786734367-c7py2CgVydjnSy7XNvR2,2026-08-14 19:06:07.423,0.000005,,,,0,120,12,0,0,qwen/qwen3.7-flash-20260727,Alibaba,standard,false,true,,stop,stop,723,723,MSCodeBase 1-L live arm,test567,false
gen-1786734366-bmOxDonWyhDkGpaYeOfy,2026-08-14 19:06:06.233,0.000005,,,,0,121,12,0,0,qwen/qwen3.7-flash-20260727,Alibaba,standard,false,true,,stop,stop,595,595,MSCodeBase 1-L live arm,test567,false
gen-1786734364-limuPVoL9aklXEUL7UdG,2026-08-14 19:06:04.975,0.000005,,,,0,119,12,0,0,qwen/qwen3.7-flash-20260727,Alibaba,standard,false,true,,stop,stop,642,642,MSCodeBase 1-L live arm,test567,false
gen-1786734363-VdDM89uya80OpJc0ny0R,2026-08-14 19:06:03.571,0.000005,,,,0,118,12,0,0,qwen/qwen3.7-flash-20260727,Alibaba,standard,false,true,,stop,stop,769,769,MSCodeBase 1-L live arm,test567,false
gen-1786734362-ImDMOsvsGf3fcHtFOhL3,2026-08-14 19:06:02.223,0.000005,,,,0,121,12,0,0,qwen/qwen3.7-flash-20260727,Alibaba,standard,false,true,,stop,stop,721,721,MSCodeBase 1-L live arm,test567,false
gen-1786734358-cMT1kS2I7KdPN3angJDA,2026-08-14 19:05:58.381,0.000005,,,,0,121,12,0,0,qwen/qwen3.7-flash-20260727,Alibaba,standard,false,true,,stop,stop,660,660,MSCodeBase 1-L live arm,test567,false
gen-1786734357-a8LZ7cbbpVLI5YzwTCCz,2026-08-14 19:05:57.074,0.000005,,,,0,120,12,0,0,qwen/qwen3.7-flash-20260727,Alibaba,standard,false,true,,stop,stop,652,652,MSCodeBase 1-L live arm,test567,false
gen-1786734355-2ndKwZNHo2xtkRH03Ze4,2026-08-14 19:05:55.861,0.000005,,,,0,120,12,0,0,qwen/qwen3.7-flash-20260727,Alibaba,standard,false,true,,stop,stop,600,600,MSCodeBase 1-L live arm,test567,false
gen-1786734352-TLYoDsKRdndpSRvv7OBh,2026-08-14 19:05:52.094,0.000004,,,,0,116,12,0,0,qwen/qwen3.7-flash-20260727,Alibaba,standard,false,true,,stop,stop,575,575,MSCodeBase 1-L live arm,test567,false
gen-1786734350-LsA6SpJlXibWcBoh5hmH,2026-08-14 19:05:50.769,0.000005,,,,0,121,11,0,0,qwen/qwen3.7-flash-20260727,Alibaba,standard,false,true,,stop,stop,712,712,MSCodeBase 1-L live arm,test567,false
gen-1786734349-WV6UyQxRc7pTNIiHbj1S,2026-08-14 19:05:49.617,0.000004,,,,0,116,7,0,0,qwen/qwen3.7-flash-20260727,Alibaba,standard,false,true,,stop,stop,566,566,MSCodeBase 1-L live arm,test567,false
gen-1786734345-X3OMtt1JOUoHf62vv6bx,2026-08-14 19:05:45.493,0.000005,,,,0,118,12,0,0,qwen/qwen3.7-flash-20260727,Alibaba,standard,false,true,,stop,stop,558,558,MSCodeBase 1-L live arm,test567,false
gen-1786734344-rE3u6qn1DvZnEO7ZxLMA,2026-08-14 19:05:44.384,0.000004,,,,0,115,7,0,0,qwen/qwen3.7-flash-20260727,Alibaba,standard,false,true,,stop,stop,506,506,MSCodeBase 1-L live arm,test567,false
gen-1786734340-ozArm0uZ11gqFFjGStKh,2026-08-14 19:05:40.361,0.000005,,,,0,119,12,0,0,qwen/qwen3.7-flash-20260727,Alibaba,standard,false,true,,stop,stop,807,807,MSCodeBase 1-L live arm,test567,false
gen-1786734339-Zg7ScyLjRyNoedPRnxFl,2026-08-14 19:05:39.183,0.000005,,,,0,118,12,0,0,qwen/qwen3.7-flash-20260727,Alibaba,standard,false,true,,stop,stop,571,571,MSCodeBase 1-L live arm,test567,false
gen-1786734337-avU8UCZhWk28YYSYHvB6,2026-08-14 19:05:37.985,0.000005,,,,0,119,12,0,0,qwen/qwen3.7-flash-20260727,Alibaba,standard,false,true,,stop,stop,609,609,MSCodeBase 1-L live arm,test567,false
gen-1786734336-uLsQWXcOgC9ETqp5m8X4,2026-08-14 19:05:36.759,0.000005,,,,0,123,12,0,0,qwen/qwen3.7-flash-20260727,Alibaba,standard,false,true,,stop,stop,595,595,MSCodeBase 1-L live arm,test567,false
gen-1786734335-wh96JTUY7jAEgAmkAq1S,2026-08-14 19:05:35.289,0.000005,,,,0,119,12,0,0,qwen/qwen3.7-flash-20260727,Alibaba,standard,false,true,,stop,stop,830,830,MSCodeBase 1-L live arm,test567,false
gen-1786734334-FzZ3ojayfEu5FNMaIL7l,2026-08-14 19:05:34.032,0.000005,,,,0,118,12,0,0,qwen/qwen3.7-flash-20260727,Alibaba,standard,false,true,,stop,stop,658,658,MSCodeBase 1-L live arm,test567,false
gen-1786734332-fq2eQ6aCl3aAbaoOcvKb,2026-08-14 19:05:32.666,0.000004,,,,0,120,7,0,0,qwen/qwen3.7-flash-20260727,Alibaba,standard,false,true,,stop,stop,762,762,MSCodeBase 1-L live arm,test567,false
gen-1786734331-CmOuIslOkOcKq3Bw9mne,2026-08-14 19:05:31.487,0.000004,,,,0,123,7,0,0,qwen/qwen3.7-flash-20260727,Alibaba,standard,false,true,,stop,stop,551,551,MSCodeBase 1-L live arm,test567,false
gen-1786734330-1bvOlzuboXrPZtSWN0UM,2026-08-14 19:05:30.109,0.000005,,,,0,121,12,0,0,qwen/qwen3.7-flash-20260727,Alibaba,standard,false,true,,stop,stop,778,778,MSCodeBase 1-L live arm,test567,false
gen-1786734328-zCyyApdjegj6X4TKhAvj,2026-08-14 19:05:28.774,0.000005,,,,0,132,12,0,0,qwen/qwen3.7-flash-20260727,Alibaba,standard,false,true,,stop,stop,726,726,MSCodeBase 1-L live arm,test567,false
gen-1786734327-ax3OzDsunA84PRLJZWsS,2026-08-14 19:05:27.476,0.000005,,,,0,125,12,0,0,qwen/qwen3.7-flash-20260727,Alibaba,standard,false,true,,stop,stop,648,648,MSCodeBase 1-L live arm,test567,false
gen-1786734326-ESfSMlsYvzw61GMgjwhH,2026-08-14 19:05:26.046,0.000005,,,,0,126,12,0,0,qwen/qwen3.7-flash-20260727,Alibaba,standard,false,true,,stop,stop,791,791,MSCodeBase 1-L live arm,test567,false
gen-1786734324-bxVRajqDZdD7ILjQlAOi,2026-08-14 19:05:24.637,0.000005,,,,0,130,12,0,0,qwen/qwen3.7-flash-20260727,Alibaba,standard,false,true,,stop,stop,773,773,MSCodeBase 1-L live arm,test567,false
gen-1786734323-MOfpelqgKrEmlNJvzn31,2026-08-14 19:05:23.224,0.000005,,,,0,124,12,0,0,qwen/qwen3.7-flash-20260727,Alibaba,standard,false,true,,stop,stop,797,797,MSCodeBase 1-L live arm,test567,false
gen-1786734321-CIFGMfMZDwWCGygXIZjW,2026-08-14 19:05:21.992,0.000005,,,,0,126,12,0,0,qwen/qwen3.7-flash-20260727,Alibaba,standard,false,true,,stop,stop,647,647,MSCodeBase 1-L live arm,test567,false
gen-1786734321-JPhLX7OSJzgwVyyZzchm,2026-08-14 19:05:21.170,0.000003,,,,0,104,7,0,0,qwen/qwen3.7-flash-20260727,Alibaba,standard,false,true,,stop,stop,534,534,MSCodeBase 1-L live arm,test567,false
gen-1786734319-SuNJZT1Pa7yFVuo01JQU,2026-08-14 19:05:19.249,0.000004,,,,0,109,7,0,0,qwen/qwen3.7-flash-20260727,Alibaba,standard,false,true,,stop,stop,1005,1005,MSCodeBase 1-L live arm,test567,false
gen-1786734317-JEQl8e6qL0zFoQIpu9aZ,2026-08-14 19:05:17.916,0.000004,,,,0,109,7,0,0,qwen/qwen3.7-flash-20260727,Alibaba,standard,false,true,,stop,stop,715,715,MSCodeBase 1-L live arm,test567,false
gen-1786734316-9k9HpDT9ySijDf6zN9RW,2026-08-14 19:05:16.523,0.000004,,,,0,106,12,0,0,qwen/qwen3.7-flash-20260727,Alibaba,standard,false,true,,stop,stop,780,780,MSCodeBase 1-L live arm,test567,false
gen-1786734315-IpsRtJIT8R9GMXdfYOYc,2026-08-14 19:05:15.304,0.000004,,,,0,107,12,0,0,qwen/qwen3.7-flash-20260727,Alibaba,standard,false,true,,stop,stop,606,606,MSCodeBase 1-L live arm,test567,false
gen-1786734313-WK0iRlNFD17dmUxvUWTF,2026-08-14 19:05:13.917,0.000004,,,,0,106,12,0,0,qwen/qwen3.7-flash-20260727,Alibaba,standard,false,true,,stop,stop,789,789,MSCodeBase 1-L live arm,test567,false
gen-1786734312-iGj9DFdGwE2nb4CcP0gY,2026-08-14 19:05:12.756,0.000004,,,,0,109,12,0,0,qwen/qwen3.7-flash-20260727,Alibaba,standard,false,true,,stop,stop,555,555,MSCodeBase 1-L live arm,test567,false
gen-1786734311-LcM8g1vMTy3wnJZVnSPn,2026-08-14 19:05:11.504,0.000003,,,,0,103,7,0,0,qwen/qwen3.7-flash-20260727,Alibaba,standard,false,true,,stop,stop,639,639,MSCodeBase 1-L live arm,test567,false
gen-1786734310-3cKmrXnTngrYvqaDu3gH,2026-08-14 19:05:10.069,0.000004,,,,0,107,12,0,0,qwen/qwen3.7-flash-20260727,Alibaba,standard,false,true,,stop,stop,834,834,MSCodeBase 1-L live arm,test567,false
gen-1786734308-ng1WRLdRdS2zXPz8X7zl,2026-08-14 19:05:08.904,0.000004,,,,0,106,11,0,0,qwen/qwen3.7-flash-20260727,Alibaba,standard,false,true,,stop,stop,566,566,MSCodeBase 1-L live arm,test567,false
gen-1786734307-EqHg0RJ17KqzZPK8EE6U,2026-08-14 19:05:07.540,0.000004,,,,0,107,12,0,0,qwen/qwen3.7-flash-20260727,Alibaba,standard,false,true,,stop,stop,764,764,MSCodeBase 1-L live arm,test567,false
gen-1786734306-eHk892PkomRtTj3corXU,2026-08-14 19:05:06.446,0.000004,,,,0,107,11,0,0,qwen/qwen3.7-flash-20260727,Alibaba,standard,false,true,,stop,stop,506,506,MSCodeBase 1-L live arm,test567,false
gen-1786734305-HHV0mbiE5bFjO7uhEHJt,2026-08-14 19:05:05.167,0.000004,,,,0,106,7,0,0,qwen/qwen3.7-flash-20260727,Alibaba,standard,false,true,,stop,stop,624,624,MSCodeBase 1-L live arm,test567,false
gen-1786734303-GuJQG1bhx651NzL80osH,2026-08-14 19:05:03.759,0.000004,,,,0,107,12,0,0,qwen/qwen3.7-flash-20260727,Alibaba,standard,false,true,,stop,stop,794,794,MSCodeBase 1-L live arm,test567,false
gen-1786734302-D4kCq6nvYPTSDUx6RKsj,2026-08-14 19:05:02.365,0.000004,,,,0,109,12,0,0,qwen/qwen3.7-flash-20260727,Alibaba,standard,false,true,,stop,stop,753,753,MSCodeBase 1-L live arm,test567,false
gen-1786734298-1sb1RjZ679ODGDLLsMM4,2026-08-14 19:04:58.374,0.000004,,,,0,106,12,0,0,qwen/qwen3.7-flash-20260727,Alibaba,standard,false,true,,stop,stop,826,826,MSCodeBase 1-L live arm,test567,false
gen-1786734297-JRjYPD6Li6gqYIaZeq6A,2026-08-14 19:04:57.235,0.000004,,,,0,108,12,0,0,qwen/qwen3.7-flash-20260727,Alibaba,standard,false,true,,stop,stop,554,554,MSCodeBase 1-L live arm,test567,false
gen-1786734295-qDroKsHKw87zwBlxwp47,2026-08-14 19:04:55.950,0.000004,,,,0,108,7,0,0,qwen/qwen3.7-flash-20260727,Alibaba,standard,false,true,,stop,stop,678,678,MSCodeBase 1-L live arm,test567,false
gen-1786734294-bKWlLa8E4g3WtEeKOJeh,2026-08-14 19:04:54.713,0.000003,,,,0,104,7,0,0,qwen/qwen3.7-flash-20260727,Alibaba,standard,false,true,,stop,stop,613,613,MSCodeBase 1-L live arm,test567,false
gen-1786734293-vmsNDkoh9tnhUI1Hm1em,2026-08-14 19:04:53.547,0.000004,,,,0,106,7,0,0,qwen/qwen3.7-flash-20260727,Alibaba,standard,false,true,,stop,stop,575,575,MSCodeBase 1-L live arm,test567,false
gen-1786734292-v9rmyrkRCyYJjQif0Vxw,2026-08-14 19:04:52.368,0.000004,,,,0,106,12,0,0,qwen/qwen3.7-flash-20260727,Alibaba,standard,false,true,,stop,stop,581,581,MSCodeBase 1-L live arm,test567,false
gen-1786734291-IbV98tKZ8675EYSwyRBx,2026-08-14 19:04:51.138,0.000004,,,,0,108,12,0,0,qwen/qwen3.7-flash-20260727,Alibaba,standard,false,true,,stop,stop,622,622,MSCodeBase 1-L live arm,test567,false
gen-1786734289-3sCSjU8OIrszVKb2XjQh,2026-08-14 19:04:49.957,0.000004,,,,0,108,7,0,0,qwen/qwen3.7-flash-20260727,Alibaba,standard,false,true,,stop,stop,588,588,MSCodeBase 1-L live arm,test567,false
gen-1786734286-YCr57FTLvxGA44Ed3LQp,2026-08-14 19:04:46.081,0.000004,,,,0,108,7,0,0,qwen/qwen3.7-flash-20260727,Alibaba,standard,false,true,,stop,stop,729,729,MSCodeBase 1-L live arm,test567,false
gen-1786734284-I2dL3u6pPSPKw16JFiHO,2026-08-14 19:04:44.920,0.000004,,,,0,108,11,0,0,qwen/qwen3.7-flash-20260727,Alibaba,standard,false,true,,stop,stop,563,563,MSCodeBase 1-L live arm,test567,false
gen-1786734283-TFAvTSRrCXUGVamuE6mS,2026-08-14 19:04:43.678,0.000004,,,,0,106,12,0,0,qwen/qwen3.7-flash-20260727,Alibaba,standard,false,true,,stop,stop,650,650,MSCodeBase 1-L live arm,test567,false
gen-1786734282-bWL2VoPezISCJ5Viemzp,2026-08-14 19:04:42.561,0.000004,,,,0,108,7,0,0,qwen/qwen3.7-flash-20260727,Alibaba,standard,false,true,,stop,stop,535,535,MSCodeBase 1-L live arm,test567,false
gen-1786734281-Tm6x7iQvhM3JEOCcQfyS,2026-08-14 19:04:41.029,0.000004,,,,0,107,12,0,0,qwen/qwen3.7-flash-20260727,Alibaba,standard,false,true,,stop,stop,635,635,MSCodeBase 1-L live arm,test567,false
gen-1786734279-OKq0NW8IoaNfMRllToFN,2026-08-14 19:04:39.703,0.000004,,,,0,107,12,0,0,qwen/qwen3.7-flash-20260727,Alibaba,standard,false,true,,stop,stop,716,716,MSCodeBase 1-L live arm,test567,false
gen-1786734278-zbzmSUqMv8WQ51LQstL8,2026-08-14 19:04:38.487,0.000004,,,,0,108,7,0,0,qwen/qwen3.7-flash-20260727,Alibaba,standard,false,true,,stop,stop,617,617,MSCodeBase 1-L live arm,test567,false
gen-1786734277-VWS5zwRAf3awhRq1Qskk,2026-08-14 19:04:37.225,0.000004,,,,0,104,12,0,0,qwen/qwen3.7-flash-20260727,Alibaba,standard,false,true,,stop,stop,654,654,MSCodeBase 1-L live arm,test567,false
gen-1786734275-XUjnioaLeujTmuGeBGDe,2026-08-14 19:04:35.710,0.000004,,,,0,108,11,0,0,qwen/qwen3.7-flash-20260727,Alibaba,standard,false,true,,stop,stop,665,665,MSCodeBase 1-L live arm,test567,false
gen-1786734274-Ir7Fn5ImAjiIgQSqFnRb,2026-08-14 19:04:34.569,0.000004,,,,0,104,11,0,0,qwen/qwen3.7-flash-20260727,Alibaba,standard,false,true,,stop,stop,533,533,MSCodeBase 1-L live arm,test567,false
gen-1786734273-lnOwOAkUZSxxwb3b5JE7,2026-08-14 19:04:33.337,0.000004,,,,0,106,12,0,0,qwen/qwen3.7-flash-20260727,Alibaba,standard,false,true,,stop,stop,655,655,MSCodeBase 1-L live arm,test567,false
gen-1786734271-ClSV0e5jRabqTBvHCXH8,2026-08-14 19:04:31.991,0.000004,,,,0,104,12,0,0,qwen/qwen3.7-flash-20260727,Alibaba,standard,false,true,,stop,stop,740,740,MSCodeBase 1-L live arm,test567,false
gen-1786734270-mLT4mFw0THfmYiHPHAbK,2026-08-14 19:04:30.708,0.000004,,,,0,107,11,0,0,qwen/qwen3.7-flash-20260727,Alibaba,standard,false,true,,stop,stop,680,680,MSCodeBase 1-L live arm,test567,false
gen-1786734269-YvkBtGPvZzM8eXzo9QxA,2026-08-14 19:04:29.427,0.000004,,,,0,105,12,0,0,qwen/qwen3.7-flash-20260727,Alibaba,standard,false,true,,stop,stop,682,682,MSCodeBase 1-L live arm,test567,false
gen-1786734268-lPyb3eZV5M18mqNOoOhg,2026-08-14 19:04:28.130,0.000004,,,,0,108,7,0,0,qwen/qwen3.7-flash-20260727,Alibaba,standard,false,true,,stop,stop,706,706,MSCodeBase 1-L live arm,test567,false
gen-1786734266-0oh4tHklqOpMQ5TlMmTo,2026-08-14 19:04:26.931,0.000004,,,,0,109,12,0,0,qwen/qwen3.7-flash-20260727,Alibaba,standard,false,true,,stop,stop,604,604,MSCodeBase 1-L live arm,test567,false
gen-1786734265-T1etvBxBnv62NPdk8jp1,2026-08-14 19:04:25.777,0.000004,,,,0,108,7,0,0,qwen/qwen3.7-flash-20260727,Alibaba,standard,false,true,,stop,stop,551,551,MSCodeBase 1-L live arm,test567,false
gen-1786734264-giAmn59L0X4nfDwZ5A4o,2026-08-14 19:04:24.400,0.000004,,,,0,107,12,0,0,qwen/qwen3.7-flash-20260727,Alibaba,standard,false,true,,stop,stop,779,779,MSCodeBase 1-L live arm,test567,false
gen-1786734263-rcbxkr6RNlcIhnQf45pU,2026-08-14 19:04:23.254,0.000004,,,,0,108,7,0,0,qwen/qwen3.7-flash-20260727,Alibaba,standard,false,true,,stop,stop,544,544,MSCodeBase 1-L live arm,test567,false
gen-1786734262-JRBQ1bnZ1c9DSP66DHgj,2026-08-14 19:04:22.054,0.000004,,,,0,108,7,0,0,qwen/qwen3.7-flash-20260727,Alibaba,standard,false,true,,stop,stop,611,611,MSCodeBase 1-L live arm,test567,false
gen-1786734260-BTwKgq0zEFMhRItmKswT,2026-08-14 19:04:20.915,0.000004,,,,0,106,7,0,0,qwen/qwen3.7-flash-20260727,Alibaba,standard,false,true,,stop,stop,548,548,MSCodeBase 1-L live arm,test567,false
gen-1786734259-D06YgX7s2D8ebtRI8D59,2026-08-14 19:04:19.552,0.000004,,,,0,112,12,0,0,qwen/qwen3.7-flash-20260727,Alibaba,standard,false,true,,stop,stop,762,762,MSCodeBase 1-L live arm,test567,false
gen-1786734258-xP0FITH9QYXruKnTp6zP,2026-08-14 19:04:18.336,0.000004,,,,0,106,12,0,0,qwen/qwen3.7-flash-20260727,Alibaba,standard,false,true,,stop,stop,602,602,MSCodeBase 1-L live arm,test567,false
gen-1786734256-dEgHtSnebwplepxWNDkf,2026-08-14 19:04:16.987,0.000004,,,,0,108,12,0,0,qwen/qwen3.7-flash-20260727,Alibaba,standard,false,true,,stop,stop,758,758,MSCodeBase 1-L live arm,test567,false
gen-1786734255-X5Fa9CuoqmVkKkSPfYUc,2026-08-14 19:04:15.782,0.000004,,,,0,109,12,0,0,qwen/qwen3.7-flash-20260727,Alibaba,standard,false,true,,stop,stop,615,615,MSCodeBase 1-L live arm,test567,false
gen-1786734243-GKZD6BF376XbotQLTZjB,2026-08-14 19:04:03.577,0.000004,,,,0,106,7,0,0,qwen/qwen3.7-flash-20260727,Alibaba,standard,false,true,,stop,stop,721,721,MSCodeBase 1-L live arm,test567,false
gen-1786734242-vc4dCzOuXZtvdasEq1wQ,2026-08-14 19:04:02.410,0.000004,,,,0,108,12,0,0,qwen/qwen3.7-flash-20260727,Alibaba,standard,false,true,,stop,stop,710,710,MSCodeBase 1-L live arm,test567,false
gen-1786733783-sYe5Um4Ka0GqveqyjQDR,2026-08-14 18:56:23.962,0.000016,,,,0,106,102,100,0,qwen/qwen3.7-flash-20260727,Alibaba,standard,false,true,,length,length,1365,635,MSCodeBase 1-L live arm,test567,false
gen-1786733782-pVrq8BfRqKHr1XhbjYeD,2026-08-14 18:56:22.334,0.000016,,,,0,106,102,100,0,qwen/qwen3.7-flash-20260727,Alibaba,standard,false,true,,length,length,1107,481,MSCodeBase 1-L live arm,test567,false
gen-1786733780-AsXDdRTtHU0XjtvcViyO,2026-08-14 18:56:19.900,0.000016,,,,0,106,102,100,0,qwen/qwen3.7-flash-20260727,Alibaba,standard,false,true,,length,length,1485,918,MSCodeBase 1-L live arm,test567,false
